worker,hap1,work1,company,size2
1,47,150,1,261
2,53,114,1,261
3,46,106,1,261
4,63,133,1,261
5,54,122,1,261
6,46,117,1,261
7,55,143,1,261
8,57,127,1,261
9,56,148,1,261
10,50,130,1,261
11,62,139,1,261
12,54,133,1,261
13,47,120,1,261
14,36,109,1,261
15,60,147,1,261
16,51,108,1,261
17,52,140,1,261
18,58,124,1,261
19,57,135,1,261
20,56,116,1,261
21,58,140,1,261
22,57,124,1,261
23,52,123,1,261
24,38,109,1,261
25,56,129,1,261
26,51,134,1,261
27,51,122,1,261
28,41,112,1,261
29,48,121,1,261
30,55,129,1,261
31,61,151,1,261
32,51,123,1,261
33,54,120,1,261
34,51,107,1,261
35,42,117,1,261
36,49,145,1,261
37,49,117,1,261
38,51,125,1,261
39,59,140,1,261
40,57,124,1,261
41,51,136,1,261
42,50,129,1,261
43,57,115,1,261
44,56,122,1,261
45,47,113,1,261
46,47,128,1,261
47,54,140,1,261
48,57,136,1,261
49,51,118,1,261
50,58,143,1,261
51,54,128,1,261
52,47,117,1,261
53,54,116,1,261
54,44,118,1,261
55,62,127,1,261
56,66,131,1,261
57,49,141,1,261
58,44,114,1,261
59,56,138,1,261
60,51,119,1,261
61,69,144,1,261
62,51,125,1,261
63,57,125,1,261
64,52,120,1,261
65,46,116,1,261
66,53,148,1,261
67,39,115,1,261
68,62,134,1,261
69,53,139,1,261
70,67,123,1,261
71,55,132,1,261
72,47,113,1,261
73,56,131,1,261
74,45,128,1,261
75,43,109,1,261
76,54,120,1,261
77,49,131,1,261
78,52,126,1,261
79,52,113,1,261
80,48,118,1,261
81,48,125,1,261
82,51,132,1,261
83,60,124,1,261
84,41,121,1,261
85,56,142,1,261
86,54,120,1,261
87,59,166,1,261
88,50,122,1,261
89,54,122,1,261
90,54,113,1,261
91,48,97,1,261
92,60,128,1,261
93,60,141,1,261
94,57,122,1,261
95,63,146,1,261
96,56,137,1,261
97,43,103,1,261
98,48,119,1,261
99,43,127,1,261
100,48,120,1,261
101,36,96,2,274
102,43,105,2,274
103,53,114,2,274
104,34,95,2,274
105,41,131,2,274
106,43,88,2,274
107,47,105,2,274
108,40,113,2,274
109,56,117,2,274
110,41,114,2,274
111,45,114,2,274
112,49,108,2,274
113,39,113,2,274
114,35,105,2,274
115,55,132,2,274
116,26,87,2,274
117,48,127,2,274
118,42,97,2,274
119,49,103,2,274
120,45,120,2,274
121,57,132,2,274
122,34,102,2,274
123,53,122,2,274
124,56,130,2,274
125,42,121,2,274
126,25,108,2,274
127,45,119,2,274
128,38,89,2,274
129,48,121,2,274
130,44,108,2,274
131,47,107,2,274
132,44,111,2,274
133,50,139,2,274
134,40,100,2,274
135,37,101,2,274
136,38,106,2,274
137,30,93,2,274
138,36,115,2,274
139,38,89,2,274
140,40,103,2,274
141,39,106,2,274
142,28,92,2,274
143,36,115,2,274
144,55,117,2,274
145,46,117,2,274
146,56,108,2,274
147,40,105,2,274
148,41,109,2,274
149,41,97,2,274
150,34,106,2,274
151,36,107,2,274
152,56,146,2,274
153,38,111,2,274
154,51,107,2,274
155,35,107,2,274
156,28,92,2,274
157,40,98,2,274
158,49,119,2,274
159,50,103,2,274
160,54,109,2,274
161,30,98,2,274
162,56,123,2,274
163,37,114,2,274
164,43,112,2,274
165,46,104,2,274
166,36,118,2,274
167,28,82,2,274
168,39,100,2,274
169,43,104,2,274
170,36,103,2,274
171,36,110,2,274
172,44,117,2,274
173,41,104,2,274
174,45,100,2,274
175,42,111,2,274
176,36,105,2,274
177,51,120,2,274
178,47,112,2,274
179,49,115,2,274
180,32,95,2,274
181,49,125,2,274
182,30,89,2,274
183,38,94,2,274
184,32,89,2,274
185,27,103,2,274
186,55,125,2,274
187,37,105,2,274
188,40,95,2,274
189,39,100,2,274
190,45,122,2,274
191,53,125,2,274
192,54,127,2,274
193,34,98,2,274
194,33,99,2,274
195,31,106,2,274
196,33,107,2,274
197,56,122,2,274
198,42,101,2,274
199,36,106,2,274
200,38,110,2,274
201,40,130,3,255
202,45,149,3,255
203,49,125,3,255
204,39,115,3,255
205,48,115,3,255
206,47,115,3,255
207,48,123,3,255
208,55,108,3,255
209,38,100,3,255
210,56,114,3,255
211,42,120,3,255
212,39,110,3,255
213,42,128,3,255
214,49,127,3,255
215,48,119,3,255
216,45,120,3,255
217,40,110,3,255
218,42,119,3,255
219,56,126,3,255
220,48,126,3,255
221,43,98,3,255
222,40,113,3,255
223,46,109,3,255
224,35,124,3,255
225,44,124,3,255
226,42,109,3,255
227,55,121,3,255
228,54,119,3,255
229,46,129,3,255
230,39,114,3,255
231,53,133,3,255
232,53,121,3,255
233,52,126,3,255
234,52,118,3,255
235,45,131,3,255
236,52,127,3,255
237,56,118,3,255
238,47,114,3,255
239,40,117,3,255
240,53,121,3,255
241,52,137,3,255
242,45,126,3,255
243,59,113,3,255
244,41,96,3,255
245,49,128,3,255
246,31,100,3,255
247,46,111,3,255
248,55,134,3,255
249,44,117,3,255
250,41,110,3,255
251,52,140,3,255
252,41,100,3,255
253,49,109,3,255
254,35,113,3,255
255,37,96,3,255
256,44,117,3,255
257,40,120,3,255
258,57,139,3,255
259,53,123,3,255
260,41,117,3,255
261,51,126,3,255
262,53,142,3,255
263,49,124,3,255
264,49,125,3,255
265,55,133,3,255
266,44,115,3,255
267,44,131,3,255
268,54,124,3,255
269,38,126,3,255
270,48,129,3,255
271,47,130,3,255
272,50,131,3,255
273,54,128,3,255
274,49,128,3,255
275,49,108,3,255
276,52,117,3,255
277,56,119,3,255
278,50,121,3,255
279,40,106,3,255
280,46,113,3,255
281,59,132,3,255
282,45,119,3,255
283,52,116,3,255
284,56,110,3,255
285,53,116,3,255
286,47,119,3,255
287,49,120,3,255
288,41,118,3,255
289,50,136,3,255
290,41,111,3,255
291,41,99,3,255
292,40,96,3,255
293,42,123,3,255
294,54,130,3,255
295,44,109,3,255
296,46,123,3,255
297,44,118,3,255
298,51,129,3,255
299,54,128,3,255
300,46,117,3,255
301,53,133,4,272
302,48,146,4,272
303,58,155,4,272
304,56,149,4,272
305,63,148,4,272
306,57,150,4,272
307,43,129,4,272
308,50,129,4,272
309,65,151,4,272
310,64,164,4,272
311,56,137,4,272
312,52,142,4,272
313,54,147,4,272
314,51,145,4,272
315,52,140,4,272
316,53,127,4,272
317,60,140,4,272
318,51,125,4,272
319,51,142,4,272
320,50,143,4,272
321,63,148,4,272
322,53,159,4,272
323,61,150,4,272
324,61,154,4,272
325,56,140,4,272
326,50,148,4,272
327,61,165,4,272
328,58,137,4,272
329,45,121,4,272
330,60,164,4,272
331,53,148,4,272
332,59,164,4,272
333,46,128,4,272
334,41,113,4,272
335,58,143,4,272
336,49,118,4,272
337,50,115,4,272
338,58,155,4,272
339,48,112,4,272
340,47,150,4,272
341,61,167,4,272
342,53,122,4,272
343,61,139,4,272
344,40,123,4,272
345,46,132,4,272
346,46,117,4,272
347,52,127,4,272
348,49,119,4,272
349,57,145,4,272
350,39,111,4,272
351,47,116,4,272
352,47,120,4,272
353,51,129,4,272
354,55,122,4,272
355,66,153,4,272
356,48,124,4,272
357,48,136,4,272
358,57,141,4,272
359,51,135,4,272
360,61,142,4,272
361,44,122,4,272
362,59,148,4,272
363,43,145,4,272
364,66,158,4,272
365,53,126,4,272
366,50,135,4,272
367,49,119,4,272
368,58,143,4,272
369,55,156,4,272
370,51,130,4,272
371,53,149,4,272
372,48,111,4,272
373,45,126,4,272
374,53,145,4,272
375,57,155,4,272
376,49,132,4,272
377,53,148,4,272
378,47,112,4,272
379,46,117,4,272
380,51,120,4,272
381,61,144,4,272
382,50,147,4,272
383,48,114,4,272
384,41,108,4,272
385,44,123,4,272
386,43,123,4,272
387,46,131,4,272
388,44,121,4,272
389,54,131,4,272
390,50,135,4,272
391,43,118,4,272
392,46,124,4,272
393,53,140,4,272
394,56,146,4,272
395,57,156,4,272
396,51,136,4,272
397,68,156,4,272
398,48,139,4,272
399,59,152,4,272
400,50,145,4,272
401,41,136,5,232
402,56,143,5,232
403,38,130,5,232
404,47,137,5,232
405,59,155,5,232
406,42,118,5,232
407,43,117,5,232
408,42,130,5,232
409,45,137,5,232
410,48,134,5,232
411,55,142,5,232
412,41,127,5,232
413,39,132,5,232
414,46,135,5,232
415,39,127,5,232
416,46,145,5,232
417,42,125,5,232
418,31,104,5,232
419,48,126,5,232
420,45,126,5,232
421,53,132,5,232
422,53,147,5,232
423,57,150,5,232
424,52,144,5,232
425,52,130,5,232
426,45,139,5,232
427,57,152,5,232
428,57,146,5,232
429,42,131,5,232
430,41,120,5,232
431,49,152,5,232
432,54,143,5,232
433,62,159,5,232
434,55,146,5,232
435,57,144,5,232
436,53,131,5,232
437,40,132,5,232
438,33,129,5,232
439,34,99,5,232
440,46,138,5,232
441,57,142,5,232
442,41,135,5,232
443,46,129,5,232
444,60,116,5,232
445,43,124,5,232
446,51,151,5,232
447,40,123,5,232
448,43,144,5,232
449,42,139,5,232
450,46,138,5,232
451,57,156,5,232
452,48,124,5,232
453,54,148,5,232
454,42,118,5,232
455,46,125,5,232
456,40,133,5,232
457,52,155,5,232
458,46,135,5,232
459,46,108,5,232
460,48,140,5,232
461,39,120,5,232
462,53,163,5,232
463,43,144,5,232
464,50,137,5,232
465,41,118,5,232
466,44,129,5,232
467,32,122,5,232
468,45,125,5,232
469,38,127,5,232
470,45,125,5,232
471,45,140,5,232
472,45,123,5,232
473,49,141,5,232
474,47,127,5,232
475,50,138,5,232
476,46,125,5,232
477,53,140,5,232
478,47,137,5,232
479,48,153,5,232
480,43,123,5,232
481,50,138,5,232
482,34,112,5,232
483,53,134,5,232
484,46,150,5,232
485,51,146,5,232
486,42,137,5,232
487,63,158,5,232
488,43,131,5,232
489,46,133,5,232
490,43,123,5,232
491,53,149,5,232
492,39,132,5,232
493,51,138,5,232
494,53,127,5,232
495,54,148,5,232
496,49,150,5,232
497,44,133,5,232
498,43,123,5,232
499,45,131,5,232
500,46,124,5,232
501,47,136,6,256
502,41,120,6,256
503,51,130,6,256
504,57,143,6,256
505,45,121,6,256
506,48,122,6,256
507,36,108,6,256
508,50,147,6,256
509,45,125,6,256
510,38,111,6,256
511,57,153,6,256
512,37,117,6,256
513,50,117,6,256
514,42,105,6,256
515,41,125,6,256
516,45,117,6,256
517,57,137,6,256
518,37,106,6,256
519,43,120,6,256
520,60,154,6,256
521,49,143,6,256
522,35,123,6,256
523,59,137,6,256
524,37,122,6,256
525,46,118,6,256
526,37,97,6,256
527,45,116,6,256
528,61,144,6,256
529,55,138,6,256
530,41,131,6,256
531,40,115,6,256
532,48,125,6,256
533,37,115,6,256
534,38,110,6,256
535,53,142,6,256
536,44,125,6,256
537,49,143,6,256
538,56,143,6,256
539,44,119,6,256
540,34,108,6,256
541,39,107,6,256
542,42,123,6,256
543,42,122,6,256
544,44,125,6,256
545,47,108,6,256
546,40,124,6,256
547,43,128,6,256
548,58,125,6,256
549,45,130,6,256
550,46,131,6,256
551,45,125,6,256
552,48,144,6,256
553,41,132,6,256
554,54,117,6,256
555,37,110,6,256
556,53,139,6,256
557,34,111,6,256
558,34,102,6,256
559,44,134,6,256
560,46,129,6,256
561,46,119,6,256
562,49,124,6,256
563,38,118,6,256
564,34,109,6,256
565,43,140,6,256
566,46,129,6,256
567,43,109,6,256
568,39,95,6,256
569,39,127,6,256
570,49,142,6,256
571,42,122,6,256
572,42,114,6,256
573,45,127,6,256
574,41,121,6,256
575,43,122,6,256
576,40,118,6,256
577,44,121,6,256
578,53,123,6,256
579,51,133,6,256
580,54,143,6,256
581,63,152,6,256
582,45,126,6,256
583,61,139,6,256
584,45,117,6,256
585,34,127,6,256
586,35,122,6,256
587,55,145,6,256
588,43,131,6,256
589,43,110,6,256
590,40,128,6,256
591,31,109,6,256
592,48,145,6,256
593,53,132,6,256
594,51,134,6,256
595,46,131,6,256
596,33,115,6,256
597,52,136,6,256
598,40,114,6,256
599,41,112,6,256
600,38,115,6,256
601,68,148,7,207
602,43,108,7,207
603,47,116,7,207
604,49,122,7,207
605,45,132,7,207
606,45,119,7,207
607,57,128,7,207
608,51,140,7,207
609,53,130,7,207
610,67,130,7,207
611,54,133,7,207
612,71,158,7,207
613,67,127,7,207
614,54,136,7,207
615,65,163,7,207
616,55,143,7,207
617,45,124,7,207
618,49,129,7,207
619,51,134,7,207
620,58,146,7,207
621,57,122,7,207
622,56,134,7,207
623,61,138,7,207
624,42,115,7,207
625,60,141,7,207
626,53,127,7,207
627,57,152,7,207
628,56,132,7,207
629,45,120,7,207
630,50,133,7,207
631,45,107,7,207
632,57,117,7,207
633,52,135,7,207
634,51,128,7,207
635,49,138,7,207
636,48,135,7,207
637,59,150,7,207
638,44,113,7,207
639,51,121,7,207
640,54,153,7,207
641,60,123,7,207
642,47,131,7,207
643,50,140,7,207
644,42,119,7,207
645,49,115,7,207
646,49,117,7,207
647,61,144,7,207
648,56,125,7,207
649,52,118,7,207
650,58,113,7,207
651,50,110,7,207
652,51,130,7,207
653,54,145,7,207
654,63,120,7,207
655,57,138,7,207
656,55,135,7,207
657,41,116,7,207
658,54,147,7,207
659,53,121,7,207
660,45,119,7,207
661,52,124,7,207
662,53,144,7,207
663,55,123,7,207
664,56,144,7,207
665,54,132,7,207
666,59,124,7,207
667,57,121,7,207
668,60,145,7,207
669,60,133,7,207
670,56,123,7,207
671,55,132,7,207
672,45,126,7,207
673,47,110,7,207
674,45,104,7,207
675,40,123,7,207
676,42,122,7,207
677,45,123,7,207
678,48,118,7,207
679,51,115,7,207
680,68,138,7,207
681,54,139,7,207
682,52,132,7,207
683,52,119,7,207
684,49,120,7,207
685,46,110,7,207
686,49,132,7,207
687,49,122,7,207
688,49,137,7,207
689,39,129,7,207
690,56,134,7,207
691,63,153,7,207
692,47,118,7,207
693,56,136,7,207
694,53,127,7,207
695,57,122,7,207
696,48,124,7,207
697,59,127,7,207
698,41,100,7,207
699,48,124,7,207
700,50,134,7,207
701,55,131,8,275
702,62,138,8,275
703,52,137,8,275
704,52,150,8,275
705,61,134,8,275
706,55,136,8,275
707,55,141,8,275
708,48,120,8,275
709,35,126,8,275
710,52,121,8,275
711,50,115,8,275
712,58,145,8,275
713,59,154,8,275
714,47,129,8,275
715,56,135,8,275
716,50,132,8,275
717,66,153,8,275
718,54,140,8,275
719,67,152,8,275
720,54,133,8,275
721,65,136,8,275
722,56,139,8,275
723,53,154,8,275
724,56,132,8,275
725,68,149,8,275
726,48,120,8,275
727,48,120,8,275
728,69,144,8,275
729,60,131,8,275
730,42,133,8,275
731,66,158,8,275
732,62,153,8,275
733,45,121,8,275
734,50,145,8,275
735,65,136,8,275
736,59,148,8,275
737,62,157,8,275
738,51,134,8,275
739,55,137,8,275
740,59,158,8,275
741,58,138,8,275
742,51,133,8,275
743,57,144,8,275
744,54,128,8,275
745,60,147,8,275
746,42,129,8,275
747,51,112,8,275
748,58,135,8,275
749,58,137,8,275
750,51,120,8,275
751,63,148,8,275
752,53,120,8,275
753,60,143,8,275
754,55,123,8,275
755,63,152,8,275
756,60,143,8,275
757,50,125,8,275
758,52,128,8,275
759,45,125,8,275
760,61,125,8,275
761,60,129,8,275
762,56,123,8,275
763,43,124,8,275
764,48,127,8,275
765,54,133,8,275
766,48,143,8,275
767,52,139,8,275
768,67,145,8,275
769,58,146,8,275
770,45,103,8,275
771,45,124,8,275
772,63,133,8,275
773,61,136,8,275
774,52,122,8,275
775,56,135,8,275
776,60,134,8,275
777,35,115,8,275
778,60,119,8,275
779,72,163,8,275
780,51,126,8,275
781,57,141,8,275
782,50,120,8,275
783,48,129,8,275
784,70,151,8,275
785,44,119,8,275
786,64,155,8,275
787,55,135,8,275
788,49,125,8,275
789,60,151,8,275
790,35,95,8,275
791,61,140,8,275
792,67,132,8,275
793,52,145,8,275
794,51,135,8,275
795,46,119,8,275
796,61,132,8,275
797,58,130,8,275
798,55,128,8,275
799,51,134,8,275
800,55,126,8,275
801,47,125,9,232
802,47,131,9,232
803,51,136,9,232
804,50,111,9,232
805,55,135,9,232
806,44,121,9,232
807,61,117,9,232
808,52,122,9,232
809,51,130,9,232
810,50,132,9,232
811,61,122,9,232
812,49,124,9,232
813,53,111,9,232
814,50,121,9,232
815,65,135,9,232
816,46,111,9,232
817,52,124,9,232
818,34,111,9,232
819,59,108,9,232
820,47,116,9,232
821,65,116,9,232
822,54,133,9,232
823,50,100,9,232
824,59,120,9,232
825,47,125,9,232
826,71,138,9,232
827,54,132,9,232
828,47,123,9,232
829,55,124,9,232
830,55,138,9,232
831,46,112,9,232
832,50,122,9,232
833,60,125,9,232
834,54,126,9,232
835,53,122,9,232
836,45,111,9,232
837,55,140,9,232
838,47,134,9,232
839,55,125,9,232
840,53,146,9,232
841,47,125,9,232
842,38,121,9,232
843,47,123,9,232
844,55,110,9,232
845,64,128,9,232
846,51,118,9,232
847,45,132,9,232
848,43,140,9,232
849,45,104,9,232
850,48,113,9,232
851,65,144,9,232
852,48,120,9,232
853,46,126,9,232
854,53,141,9,232
855,51,111,9,232
856,45,120,9,232
857,54,135,9,232
858,55,115,9,232
859,68,125,9,232
860,61,144,9,232
861,54,129,9,232
862,44,120,9,232
863,56,126,9,232
864,55,127,9,232
865,48,119,9,232
866,46,118,9,232
867,51,138,9,232
868,63,130,9,232
869,56,115,9,232
870,63,126,9,232
871,54,113,9,232
872,39,111,9,232
873,47,144,9,232
874,49,125,9,232
875,54,113,9,232
876,50,129,9,232
877,63,139,9,232
878,58,129,9,232
879,46,137,9,232
880,52,134,9,232
881,53,121,9,232
882,45,126,9,232
883,53,129,9,232
884,61,118,9,232
885,44,144,9,232
886,54,132,9,232
887,58,136,9,232
888,47,128,9,232
889,41,122,9,232
890,58,122,9,232
891,50,123,9,232
892,47,132,9,232
893,46,126,9,232
894,57,142,9,232
895,49,120,9,232
896,51,101,9,232
897,48,125,9,232
898,58,128,9,232
899,42,128,9,232
900,56,120,9,232
901,56,144,10,186
902,54,136,10,186
903,46,115,10,186
904,51,131,10,186
905,58,142,10,186
906,58,143,10,186
907,47,132,10,186
908,53,149,10,186
909,44,131,10,186
910,54,131,10,186
911,63,156,10,186
912,61,149,10,186
913,54,145,10,186
914,63,156,10,186
915,61,142,10,186
916,56,145,10,186
917,49,141,10,186
918,54,134,10,186
919,62,142,10,186
920,59,133,10,186
921,51,122,10,186
922,40,111,10,186
923,51,104,10,186
924,41,126,10,186
925,47,118,10,186
926,53,122,10,186
927,51,124,10,186
928,50,119,10,186
929,55,136,10,186
930,54,114,10,186
931,43,101,10,186
932,55,130,10,186
933,62,151,10,186
934,57,128,10,186
935,46,128,10,186
936,46,122,10,186
937,58,131,10,186
938,43,106,10,186
939,53,135,10,186
940,51,139,10,186
941,63,128,10,186
942,50,139,10,186
943,50,129,10,186
944,61,123,10,186
945,49,133,10,186
946,55,130,10,186
947,57,131,10,186
948,54,126,10,186
949,51,137,10,186
950,60,143,10,186
951,53,125,10,186
952,53,134,10,186
953,65,138,10,186
954,71,155,10,186
955,59,139,10,186
956,61,143,10,186
957,49,121,10,186
958,59,139,10,186
959,51,144,10,186
960,58,150,10,186
961,47,133,10,186
962,52,135,10,186
963,50,136,10,186
964,58,144,10,186
965,63,139,10,186
966,64,139,10,186
967,61,147,10,186
968,52,124,10,186
969,60,134,10,186
970,47,122,10,186
971,58,136,10,186
972,46,117,10,186
973,48,135,10,186
974,54,127,10,186
975,45,140,10,186
976,64,148,10,186
977,45,125,10,186
978,53,143,10,186
979,48,123,10,186
980,66,147,10,186
981,60,154,10,186
982,54,142,10,186
983,61,137,10,186
984,61,144,10,186
985,59,139,10,186
986,57,132,10,186
987,60,149,10,186
988,71,145,10,186
989,47,114,10,186
990,55,151,10,186
991,53,120,10,186
992,54,135,10,186
993,56,143,10,186
994,64,149,10,186
995,60,133,10,186
996,46,129,10,186
997,44,132,10,186
998,62,143,10,186
999,57,124,10,186
1000,64,146,10,186
1001,44,114,11,213
1002,48,116,11,213
1003,37,96,11,213
1004,38,106,11,213
1005,56,137,11,213
1006,41,111,11,213
1007,57,132,11,213
1008,52,136,11,213
1009,48,114,11,213
1010,41,103,11,213
1011,42,115,11,213
1012,45,127,11,213
1013,37,136,11,213
1014,46,115,11,213
1015,40,111,11,213
1016,48,129,11,213
1017,46,125,11,213
1018,54,132,11,213
1019,44,101,11,213
1020,43,119,11,213
1021,43,115,11,213
1022,48,101,11,213
1023,45,119,11,213
1024,50,130,11,213
1025,48,112,11,213
1026,48,124,11,213
1027,47,125,11,213
1028,43,108,11,213
1029,46,116,11,213
1030,41,107,11,213
1031,40,105,11,213
1032,41,95,11,213
1033,53,135,11,213
1034,37,116,11,213
1035,42,106,11,213
1036,51,134,11,213
1037,47,113,11,213
1038,59,138,11,213
1039,44,116,11,213
1040,45,114,11,213
1041,36,88,11,213
1042,48,144,11,213
1043,54,136,11,213
1044,42,109,11,213
1045,54,108,11,213
1046,45,138,11,213
1047,33,93,11,213
1048,54,112,11,213
1049,53,111,11,213
1050,49,125,11,213
1051,53,120,11,213
1052,46,124,11,213
1053,42,117,11,213
1054,51,118,11,213
1055,49,126,11,213
1056,52,135,11,213
1057,47,112,11,213
1058,51,122,11,213
1059,58,130,11,213
1060,48,122,11,213
1061,42,132,11,213
1062,64,140,11,213
1063,47,123,11,213
1064,34,107,11,213
1065,52,122,11,213
1066,60,129,11,213
1067,42,111,11,213
1068,40,100,11,213
1069,44,121,11,213
1070,53,109,11,213
1071,51,139,11,213
1072,47,123,11,213
1073,43,112,11,213
1074,49,121,11,213
1075,56,143,11,213
1076,49,113,11,213
1077,43,111,11,213
1078,51,131,11,213
1079,40,97,11,213
1080,51,133,11,213
1081,47,127,11,213
1082,50,118,11,213
1083,44,119,11,213
1084,42,107,11,213
1085,64,142,11,213
1086,44,110,11,213
1087,39,114,11,213
1088,51,123,11,213
1089,42,125,11,213
1090,37,103,11,213
1091,56,129,11,213
1092,41,95,11,213
1093,54,128,11,213
1094,44,105,11,213
1095,51,131,11,213
1096,45,138,11,213
1097,57,133,11,213
1098,40,107,11,213
1099,58,132,11,213
1100,44,95,11,213
1101,32,111,12,296
1102,54,119,12,296
1103,36,112,12,296
1104,36,111,12,296
1105,28,104,12,296
1106,41,110,12,296
1107,40,116,12,296
1108,38,114,12,296
1109,42,118,12,296
1110,45,121,12,296
1111,37,126,12,296
1112,33,103,12,296
1113,37,107,12,296
1114,43,117,12,296
1115,41,124,12,296
1116,38,113,12,296
1117,51,127,12,296
1118,45,110,12,296
1119,46,125,12,296
1120,40,110,12,296
1121,44,110,12,296
1122,57,120,12,296
1123,50,116,12,296
1124,40,111,12,296
1125,35,106,12,296
1126,41,109,12,296
1127,41,120,12,296
1128,43,125,12,296
1129,43,108,12,296
1130,45,109,12,296
1131,47,116,12,296
1132,57,122,12,296
1133,39,121,12,296
1134,35,119,12,296
1135,40,115,12,296
1136,39,106,12,296
1137,44,125,12,296
1138,39,114,12,296
1139,48,133,12,296
1140,35,109,12,296
1141,43,121,12,296
1142,34,119,12,296
1143,47,117,12,296
1144,31,124,12,296
1145,40,104,12,296
1146,46,124,12,296
1147,36,114,12,296
1148,44,127,12,296
1149,48,117,12,296
1150,39,118,12,296
1151,42,113,12,296
1152,42,115,12,296
1153,46,124,12,296
1154,57,125,12,296
1155,35,107,12,296
1156,48,116,12,296
1157,46,118,12,296
1158,33,122,12,296
1159,41,116,12,296
1160,45,111,12,296
1161,45,127,12,296
1162,49,117,12,296
1163,48,106,12,296
1164,44,120,12,296
1165,48,128,12,296
1166,48,116,12,296
1167,56,113,12,296
1168,27,91,12,296
1169,49,114,12,296
1170,50,115,12,296
1171,39,119,12,296
1172,44,120,12,296
1173,39,118,12,296
1174,41,120,12,296
1175,42,97,12,296
1176,38,117,12,296
1177,34,98,12,296
1178,40,114,12,296
1179,46,104,12,296
1180,41,111,12,296
1181,42,115,12,296
1182,34,136,12,296
1183,41,100,12,296
1184,51,114,12,296
1185,42,107,12,296
1186,49,107,12,296
1187,41,118,12,296
1188,50,118,12,296
1189,39,118,12,296
1190,36,102,12,296
1191,45,124,12,296
1192,36,125,12,296
1193,49,127,12,296
1194,43,99,12,296
1195,50,105,12,296
1196,40,123,12,296
1197,46,125,12,296
1198,38,108,12,296
1199,41,109,12,296
1200,35,106,12,296
1201,54,127,13,288
1202,48,134,13,288
1203,62,143,13,288
1204,51,109,13,288
1205,58,112,13,288
1206,53,136,13,288
1207,58,147,13,288
1208,52,131,13,288
1209,47,118,13,288
1210,58,123,13,288
1211,42,125,13,288
1212,53,134,13,288
1213,40,117,13,288
1214,37,120,13,288
1215,47,114,13,288
1216,49,130,13,288
1217,60,135,13,288
1218,51,123,13,288
1219,49,126,13,288
1220,55,138,13,288
1221,52,133,13,288
1222,63,140,13,288
1223,52,112,13,288
1224,43,124,13,288
1225,54,130,13,288
1226,51,120,13,288
1227,40,99,13,288
1228,36,123,13,288
1229,42,128,13,288
1230,45,115,13,288
1231,50,137,13,288
1232,56,130,13,288
1233,47,116,13,288
1234,46,123,13,288
1235,48,134,13,288
1236,46,110,13,288
1237,48,127,13,288
1238,48,129,13,288
1239,44,115,13,288
1240,44,116,13,288
1241,51,132,13,288
1242,61,143,13,288
1243,54,126,13,288
1244,61,125,13,288
1245,47,104,13,288
1246,45,114,13,288
1247,43,117,13,288
1248,36,98,13,288
1249,52,120,13,288
1250,60,131,13,288
1251,52,138,13,288
1252,55,120,13,288
1253,47,108,13,288
1254,46,124,13,288
1255,52,113,13,288
1256,48,119,13,288
1257,44,124,13,288
1258,56,137,13,288
1259,60,134,13,288
1260,55,119,13,288
1261,41,95,13,288
1262,52,110,13,288
1263,49,123,13,288
1264,44,112,13,288
1265,57,126,13,288
1266,43,101,13,288
1267,46,117,13,288
1268,58,123,13,288
1269,58,137,13,288
1270,48,130,13,288
1271,42,108,13,288
1272,49,121,13,288
1273,46,124,13,288
1274,37,115,13,288
1275,51,102,13,288
1276,42,124,13,288
1277,62,126,13,288
1278,47,128,13,288
1279,53,111,13,288
1280,53,134,13,288
1281,49,127,13,288
1282,52,121,13,288
1283,42,108,13,288
1284,36,95,13,288
1285,60,139,13,288
1286,49,132,13,288
1287,53,115,13,288
1288,42,113,13,288
1289,61,125,13,288
1290,57,129,13,288
1291,53,126,13,288
1292,46,129,13,288
1293,41,124,13,288
1294,40,124,13,288
1295,40,111,13,288
1296,48,136,13,288
1297,41,108,13,288
1298,51,129,13,288
1299,50,122,13,288
1300,56,119,13,288
1301,42,114,14,125
1302,59,100,14,125
1303,62,138,14,125
1304,57,114,14,125
1305,47,122,14,125
1306,56,114,14,125
1307,47,113,14,125
1308,54,124,14,125
1309,44,110,14,125
1310,54,116,14,125
1311,44,119,14,125
1312,49,123,14,125
1313,52,115,14,125
1314,45,100,14,125
1315,50,120,14,125
1316,53,132,14,125
1317,60,130,14,125
1318,58,134,14,125
1319,48,128,14,125
1320,55,121,14,125
1321,38,98,14,125
1322,46,106,14,125
1323,48,120,14,125
1324,45,104,14,125
1325,52,118,14,125
1326,42,117,14,125
1327,57,127,14,125
1328,53,130,14,125
1329,44,95,14,125
1330,37,105,14,125
1331,37,99,14,125
1332,45,109,14,125
1333,49,96,14,125
1334,52,112,14,125
1335,50,128,14,125
1336,44,105,14,125
1337,49,111,14,125
1338,45,123,14,125
1339,56,127,14,125
1340,47,120,14,125
1341,44,104,14,125
1342,50,108,14,125
1343,47,129,14,125
1344,47,119,14,125
1345,38,100,14,125
1346,32,116,14,125
1347,41,123,14,125
1348,51,114,14,125
1349,51,106,14,125
1350,47,128,14,125
1351,34,99,14,125
1352,60,118,14,125
1353,40,126,14,125
1354,37,118,14,125
1355,47,109,14,125
1356,51,108,14,125
1357,41,109,14,125
1358,45,110,14,125
1359,55,122,14,125
1360,46,124,14,125
1361,46,119,14,125
1362,42,109,14,125
1363,47,102,14,125
1364,39,112,14,125
1365,42,123,14,125
1366,41,100,14,125
1367,48,124,14,125
1368,42,115,14,125
1369,59,129,14,125
1370,48,112,14,125
1371,53,125,14,125
1372,47,106,14,125
1373,50,114,14,125
1374,49,124,14,125
1375,48,112,14,125
1376,55,127,14,125
1377,43,105,14,125
1378,51,120,14,125
1379,47,118,14,125
1380,43,122,14,125
1381,42,98,14,125
1382,55,104,14,125
1383,50,107,14,125
1384,43,130,14,125
1385,43,117,14,125
1386,59,123,14,125
1387,45,124,14,125
1388,40,108,14,125
1389,47,114,14,125
1390,35,99,14,125
1391,52,109,14,125
1392,40,129,14,125
1393,40,92,14,125
1394,55,117,14,125
1395,43,91,14,125
1396,45,122,14,125
1397,48,94,14,125
1398,42,116,14,125
1399,49,113,14,125
1400,42,109,14,125
1401,55,123,15,98
1402,66,155,15,98
1403,51,140,15,98
1404,60,163,15,98
1405,57,142,15,98
1406,45,124,15,98
1407,54,126,15,98
1408,61,150,15,98
1409,53,144,15,98
1410,46,137,15,98
1411,60,136,15,98
1412,51,116,15,98
1413,55,130,15,98
1414,45,126,15,98
1415,64,145,15,98
1416,54,133,15,98
1417,53,145,15,98
1418,54,127,15,98
1419,45,124,15,98
1420,50,127,15,98
1421,63,146,15,98
1422,63,144,15,98
1423,51,129,15,98
1424,50,127,15,98
1425,61,135,15,98
1426,57,165,15,98
1427,59,143,15,98
1428,49,126,15,98
1429,56,130,15,98
1430,60,126,15,98
1431,50,141,15,98
1432,54,152,15,98
1433,64,134,15,98
1434,59,143,15,98
1435,60,155,15,98
1436,57,145,15,98
1437,52,129,15,98
1438,61,145,15,98
1439,49,126,15,98
1440,44,137,15,98
1441,56,145,15,98
1442,59,140,15,98
1443,71,173,15,98
1444,47,118,15,98
1445,51,125,15,98
1446,62,161,15,98
1447,46,129,15,98
1448,64,149,15,98
1449,58,126,15,98
1450,60,127,15,98
1451,58,138,15,98
1452,61,155,15,98
1453,52,139,15,98
1454,65,160,15,98
1455,56,151,15,98
1456,47,132,15,98
1457,49,125,15,98
1458,57,154,15,98
1459,62,135,15,98
1460,53,138,15,98
1461,56,150,15,98
1462,51,138,15,98
1463,49,129,15,98
1464,44,118,15,98
1465,43,120,15,98
1466,45,132,15,98
1467,51,116,15,98
1468,57,139,15,98
1469,48,124,15,98
1470,62,152,15,98
1471,43,113,15,98
1472,40,124,15,98
1473,44,118,15,98
1474,50,152,15,98
1475,54,131,15,98
1476,50,125,15,98
1477,56,139,15,98
1478,61,148,15,98
1479,47,140,15,98
1480,68,150,15,98
1481,54,136,15,98
1482,70,146,15,98
1483,55,122,15,98
1484,50,125,15,98
1485,50,147,15,98
1486,50,139,15,98
1487,51,133,15,98
1488,58,139,15,98
1489,54,147,15,98
1490,52,134,15,98
1491,48,136,15,98
1492,44,139,15,98
1493,68,151,15,98
1494,56,127,15,98
1495,52,141,15,98
1496,64,152,15,98
1497,52,133,15,98
1498,63,143,15,98
1499,47,126,15,98
1500,36,113,15,98
1501,54,144,16,250
1502,50,135,16,250
1503,59,137,16,250
1504,41,127,16,250
1505,59,135,16,250
1506,48,116,16,250
1507,44,129,16,250
1508,51,121,16,250
1509,58,147,16,250
1510,55,142,16,250
1511,64,136,16,250
1512,52,131,16,250
1513,46,136,16,250
1514,62,122,16,250
1515,56,148,16,250
1516,39,110,16,250
1517,55,116,16,250
1518,54,135,16,250
1519,47,148,16,250
1520,59,156,16,250
1521,39,130,16,250
1522,49,142,16,250
1523,50,155,16,250
1524,61,142,16,250
1525,45,128,16,250
1526,62,139,16,250
1527,58,144,16,250
1528,58,127,16,250
1529,57,141,16,250
1530,52,148,16,250
1531,46,136,16,250
1532,52,134,16,250
1533,50,126,16,250
1534,44,130,16,250
1535,44,120,16,250
1536,53,134,16,250
1537,55,146,16,250
1538,52,149,16,250
1539,53,136,16,250
1540,49,126,16,250
1541,42,143,16,250
1542,65,149,16,250
1543,53,124,16,250
1544,48,146,16,250
1545,46,134,16,250
1546,53,146,16,250
1547,52,109,16,250
1548,55,140,16,250
1549,55,142,16,250
1550,50,136,16,250
1551,52,142,16,250
1552,56,128,16,250
1553,57,158,16,250
1554,57,126,16,250
1555,38,134,16,250
1556,56,157,16,250
1557,59,135,16,250
1558,42,116,16,250
1559,74,154,16,250
1560,46,133,16,250
1561,42,132,16,250
1562,48,153,16,250
1563,47,137,16,250
1564,40,138,16,250
1565,43,128,16,250
1566,46,140,16,250
1567,46,144,16,250
1568,46,134,16,250
1569,57,139,16,250
1570,47,128,16,250
1571,42,134,16,250
1572,50,135,16,250
1573,57,133,16,250
1574,51,141,16,250
1575,56,143,16,250
1576,51,125,16,250
1577,37,118,16,250
1578,44,138,16,250
1579,50,143,16,250
1580,57,129,16,250
1581,62,160,16,250
1582,58,137,16,250
1583,59,130,16,250
1584,48,152,16,250
1585,50,131,16,250
1586,50,132,16,250
1587,57,136,16,250
1588,50,133,16,250
1589,60,144,16,250
1590,35,114,16,250
1591,46,139,16,250
1592,53,134,16,250
1593,36,122,16,250
1594,55,142,16,250
1595,55,166,16,250
1596,43,130,16,250
1597,55,140,16,250
1598,55,136,16,250
1599,46,129,16,250
1600,61,156,16,250
1601,41,123,17,231
1602,48,136,17,231
1603,47,100,17,231
1604,43,127,17,231
1605,54,128,17,231
1606,47,134,17,231
1607,55,152,17,231
1608,61,139,17,231
1609,50,138,17,231
1610,51,131,17,231
1611,57,133,17,231
1612,53,121,17,231
1613,58,147,17,231
1614,50,130,17,231
1615,60,145,17,231
1616,48,108,17,231
1617,54,117,17,231
1618,50,132,17,231
1619,53,131,17,231
1620,53,115,17,231
1621,53,109,17,231
1622,44,110,17,231
1623,44,126,17,231
1624,60,129,17,231
1625,44,116,17,231
1626,57,132,17,231
1627,49,133,17,231
1628,50,123,17,231
1629,51,110,17,231
1630,44,110,17,231
1631,40,126,17,231
1632,42,98,17,231
1633,42,116,17,231
1634,24,87,17,231
1635,39,102,17,231
1636,45,119,17,231
1637,43,119,17,231
1638,43,102,17,231
1639,49,112,17,231
1640,44,110,17,231
1641,50,128,17,231
1642,46,116,17,231
1643,47,119,17,231
1644,57,133,17,231
1645,62,156,17,231
1646,49,131,17,231
1647,61,130,17,231
1648,47,111,17,231
1649,52,132,17,231
1650,42,113,17,231
1651,51,136,17,231
1652,66,145,17,231
1653,52,119,17,231
1654,48,114,17,231
1655,43,114,17,231
1656,57,138,17,231
1657,39,96,17,231
1658,46,138,17,231
1659,55,134,17,231
1660,64,157,17,231
1661,49,115,17,231
1662,43,124,17,231
1663,51,120,17,231
1664,42,124,17,231
1665,50,120,17,231
1666,50,114,17,231
1667,46,127,17,231
1668,55,112,17,231
1669,55,125,17,231
1670,45,118,17,231
1671,53,133,17,231
1672,36,94,17,231
1673,38,126,17,231
1674,25,90,17,231
1675,50,125,17,231
1676,46,117,17,231
1677,32,87,17,231
1678,51,124,17,231
1679,44,122,17,231
1680,61,127,17,231
1681,36,110,17,231
1682,53,146,17,231
1683,57,149,17,231
1684,47,135,17,231
1685,40,110,17,231
1686,52,137,17,231
1687,55,144,17,231
1688,50,115,17,231
1689,46,143,17,231
1690,49,127,17,231
1691,53,124,17,231
1692,37,111,17,231
1693,49,113,17,231
1694,46,101,17,231
1695,45,134,17,231
1696,53,131,17,231
1697,41,121,17,231
1698,46,117,17,231
1699,51,132,17,231
1700,45,126,17,231
1701,57,110,18,163
1702,63,124,18,163
1703,39,128,18,163
1704,48,107,18,163
1705,48,120,18,163
1706,53,125,18,163
1707,41,128,18,163
1708,67,143,18,163
1709,51,150,18,163
1710,61,138,18,163
1711,37,98,18,163
1712,57,118,18,163
1713,41,100,18,163
1714,51,125,18,163
1715,45,118,18,163
1716,59,147,18,163
1717,44,123,18,163
1718,45,128,18,163
1719,60,118,18,163
1720,53,125,18,163
1721,41,107,18,163
1722,58,135,18,163
1723,45,138,18,163
1724,45,125,18,163
1725,53,124,18,163
1726,37,110,18,163
1727,43,125,18,163
1728,49,141,18,163
1729,48,150,18,163
1730,38,111,18,163
1731,44,129,18,163
1732,52,138,18,163
1733,52,129,18,163
1734,58,144,18,163
1735,38,124,18,163
1736,57,141,18,163
1737,55,138,18,163
1738,41,124,18,163
1739,54,123,18,163
1740,56,130,18,163
1741,55,131,18,163
1742,68,147,18,163
1743,53,132,18,163
1744,57,146,18,163
1745,49,113,18,163
1746,54,131,18,163
1747,56,118,18,163
1748,41,119,18,163
1749,48,127,18,163
1750,46,113,18,163
1751,44,143,18,163
1752,42,126,18,163
1753,54,137,18,163
1754,46,110,18,163
1755,50,122,18,163
1756,35,119,18,163
1757,44,132,18,163
1758,59,134,18,163
1759,51,132,18,163
1760,53,123,18,163
1761,44,123,18,163
1762,52,138,18,163
1763,40,123,18,163
1764,50,110,18,163
1765,45,125,18,163
1766,54,119,18,163
1767,42,134,18,163
1768,55,123,18,163
1769,47,141,18,163
1770,52,142,18,163
1771,47,127,18,163
1772,49,121,18,163
1773,47,111,18,163
1774,41,104,18,163
1775,47,132,18,163
1776,52,127,18,163
1777,53,127,18,163
1778,45,111,18,163
1779,51,125,18,163
1780,54,146,18,163
1781,47,125,18,163
1782,43,126,18,163
1783,45,129,18,163
1784,62,124,18,163
1785,54,130,18,163
1786,47,132,18,163
1787,48,114,18,163
1788,37,118,18,163
1789,52,120,18,163
1790,55,126,18,163
1791,51,124,18,163
1792,44,145,18,163
1793,42,118,18,163
1794,47,131,18,163
1795,52,147,18,163
1796,46,130,18,163
1797,57,135,18,163
1798,44,129,18,163
1799,49,130,18,163
1800,57,117,18,163
1801,43,145,19,275
1802,54,137,19,275
1803,49,131,19,275
1804,47,121,19,275
1805,58,146,19,275
1806,49,140,19,275
1807,57,131,19,275
1808,46,121,19,275
1809,49,118,19,275
1810,50,139,19,275
1811,55,141,19,275
1812,57,156,19,275
1813,55,130,19,275
1814,50,139,19,275
1815,56,129,19,275
1816,49,138,19,275
1817,47,126,19,275
1818,61,133,19,275
1819,55,138,19,275
1820,46,130,19,275
1821,61,139,19,275
1822,44,125,19,275
1823,51,137,19,275
1824,59,132,19,275
1825,44,119,19,275
1826,55,142,19,275
1827,50,126,19,275
1828,66,140,19,275
1829,40,129,19,275
1830,53,131,19,275
1831,62,135,19,275
1832,48,140,19,275
1833,55,132,19,275
1834,52,144,19,275
1835,58,132,19,275
1836,38,113,19,275
1837,71,148,19,275
1838,34,114,19,275
1839,47,116,19,275
1840,44,122,19,275
1841,52,125,19,275
1842,64,167,19,275
1843,47,132,19,275
1844,44,137,19,275
1845,49,141,19,275
1846,50,131,19,275
1847,55,141,19,275
1848,57,134,19,275
1849,60,130,19,275
1850,52,130,19,275
1851,63,136,19,275
1852,47,123,19,275
1853,46,130,19,275
1854,49,131,19,275
1855,64,141,19,275
1856,49,129,19,275
1857,43,147,19,275
1858,56,131,19,275
1859,43,135,19,275
1860,53,138,19,275
1861,57,142,19,275
1862,52,129,19,275
1863,49,138,19,275
1864,56,127,19,275
1865,41,130,19,275
1866,58,146,19,275
1867,54,125,19,275
1868,48,142,19,275
1869,41,134,19,275
1870,44,131,19,275
1871,48,129,19,275
1872,53,139,19,275
1873,55,138,19,275
1874,56,117,19,275
1875,38,128,19,275
1876,55,144,19,275
1877,45,130,19,275
1878,57,136,19,275
1879,37,118,19,275
1880,52,144,19,275
1881,49,140,19,275
1882,44,146,19,275
1883,53,131,19,275
1884,38,126,19,275
1885,58,119,19,275
1886,50,142,19,275
1887,64,143,19,275
1888,54,126,19,275
1889,55,132,19,275
1890,52,133,19,275
1891,46,138,19,275
1892,57,137,19,275
1893,46,132,19,275
1894,38,114,19,275
1895,37,125,19,275
1896,56,136,19,275
1897,45,129,19,275
1898,63,143,19,275
1899,50,137,19,275
1900,51,120,19,275
1901,56,124,20,264
1902,44,113,20,264
1903,60,129,20,264
1904,39,114,20,264
1905,45,123,20,264
1906,52,143,20,264
1907,28,101,20,264
1908,42,112,20,264
1909,45,101,20,264
1910,44,110,20,264
1911,48,115,20,264
1912,47,105,20,264
1913,44,119,20,264
1914,57,132,20,264
1915,37,85,20,264
1916,45,116,20,264
1917,55,125,20,264
1918,48,114,20,264
1919,47,133,20,264
1920,51,133,20,264
1921,50,121,20,264
1922,47,103,20,264
1923,53,132,20,264
1924,51,113,20,264
1925,46,117,20,264
1926,38,107,20,264
1927,44,119,20,264
1928,40,123,20,264
1929,31,92,20,264
1930,44,125,20,264
1931,46,117,20,264
1932,59,134,20,264
1933,59,127,20,264
1934,56,112,20,264
1935,40,116,20,264
1936,35,118,20,264
1937,42,114,20,264
1938,57,142,20,264
1939,49,129,20,264
1940,51,132,20,264
1941,42,115,20,264
1942,37,109,20,264
1943,52,109,20,264
1944,45,113,20,264
1945,41,122,20,264
1946,48,113,20,264
1947,54,130,20,264
1948,54,118,20,264
1949,55,136,20,264
1950,45,104,20,264
1951,56,132,20,264
1952,48,127,20,264
1953,49,129,20,264
1954,57,119,20,264
1955,53,120,20,264
1956,48,123,20,264
1957,57,135,20,264
1958,45,125,20,264
1959,42,109,20,264
1960,51,133,20,264
1961,48,116,20,264
1962,48,127,20,264
1963,45,126,20,264
1964,42,113,20,264
1965,56,112,20,264
1966,36,98,20,264
1967,56,124,20,264
1968,41,104,20,264
1969,54,111,20,264
1970,39,100,20,264
1971,53,128,20,264
1972,43,107,20,264
1973,55,131,20,264
1974,43,112,20,264
1975,56,124,20,264
1976,51,120,20,264
1977,47,125,20,264
1978,45,117,20,264
1979,38,115,20,264
1980,48,136,20,264
1981,46,111,20,264
1982,61,127,20,264
1983,49,122,20,264
1984,49,127,20,264
1985,49,123,20,264
1986,44,114,20,264
1987,48,116,20,264
1988,49,122,20,264
1989,56,143,20,264
1990,58,124,20,264
1991,63,134,20,264
1992,34,103,20,264
1993,52,122,20,264
1994,46,122,20,264
1995,48,120,20,264
1996,50,117,20,264
1997,57,125,20,264
1998,56,123,20,264
1999,44,116,20,264
2000,49,115,20,264
2001,56,131,21,305
2002,54,153,21,305
2003,63,151,21,305
2004,41,127,21,305
2005,66,148,21,305
2006,53,135,21,305
2007,39,121,21,305
2008,44,134,21,305
2009,51,136,21,305
2010,50,137,21,305
2011,34,102,21,305
2012,56,144,21,305
2013,46,114,21,305
2014,52,137,21,305
2015,54,132,21,305
2016,61,135,21,305
2017,55,157,21,305
2018,58,141,21,305
2019,45,116,21,305
2020,47,111,21,305
2021,53,146,21,305
2022,51,140,21,305
2023,43,109,21,305
2024,41,129,21,305
2025,49,134,21,305
2026,56,144,21,305
2027,53,153,21,305
2028,42,113,21,305
2029,45,132,21,305
2030,45,111,21,305
2031,37,99,21,305
2032,47,129,21,305
2033,50,123,21,305
2034,57,151,21,305
2035,62,165,21,305
2036,51,138,21,305
2037,63,165,21,305
2038,51,148,21,305
2039,60,148,21,305
2040,61,146,21,305
2041,51,151,21,305
2042,40,127,21,305
2043,50,139,21,305
2044,49,115,21,305
2045,65,147,21,305
2046,52,149,21,305
2047,54,151,21,305
2048,62,144,21,305
2049,53,153,21,305
2050,41,119,21,305
2051,46,116,21,305
2052,63,143,21,305
2053,49,123,21,305
2054,48,124,21,305
2055,54,144,21,305
2056,57,146,21,305
2057,50,135,21,305
2058,44,135,21,305
2059,57,156,21,305
2060,58,156,21,305
2061,47,130,21,305
2062,57,153,21,305
2063,36,110,21,305
2064,39,102,21,305
2065,63,152,21,305
2066,56,139,21,305
2067,47,123,21,305
2068,64,148,21,305
2069,48,127,21,305
2070,39,122,21,305
2071,52,128,21,305
2072,42,112,21,305
2073,54,130,21,305
2074,38,119,21,305
2075,54,145,21,305
2076,51,138,21,305
2077,52,111,21,305
2078,56,143,21,305
2079,46,116,21,305
2080,52,123,21,305
2081,58,145,21,305
2082,53,140,21,305
2083,48,136,21,305
2084,49,131,21,305
2085,51,129,21,305
2086,44,115,21,305
2087,48,123,21,305
2088,42,123,21,305
2089,45,121,21,305
2090,59,156,21,305
2091,49,139,21,305
2092,55,149,21,305
2093,53,131,21,305
2094,51,135,21,305
2095,58,157,21,305
2096,46,130,21,305
2097,61,136,21,305
2098,50,128,21,305
2099,50,132,21,305
2100,36,115,21,305
2101,43,110,22,288
2102,64,147,22,288
2103,54,135,22,288
2104,49,128,22,288
2105,45,126,22,288
2106,59,127,22,288
2107,46,105,22,288
2108,45,105,22,288
2109,45,112,22,288
2110,49,120,22,288
2111,41,117,22,288
2112,47,123,22,288
2113,52,131,22,288
2114,46,119,22,288
2115,41,123,22,288
2116,40,115,22,288
2117,52,109,22,288
2118,60,156,22,288
2119,53,137,22,288
2120,35,109,22,288
2121,42,129,22,288
2122,46,120,22,288
2123,42,110,22,288
2124,39,132,22,288
2125,43,121,22,288
2126,50,138,22,288
2127,48,122,22,288
2128,40,115,22,288
2129,52,156,22,288
2130,36,106,22,288
2131,50,129,22,288
2132,38,114,22,288
2133,51,133,22,288
2134,43,118,22,288
2135,39,106,22,288
2136,41,107,22,288
2137,47,122,22,288
2138,53,121,22,288
2139,39,115,22,288
2140,45,132,22,288
2141,45,129,22,288
2142,50,118,22,288
2143,52,139,22,288
2144,60,139,22,288
2145,54,136,22,288
2146,69,158,22,288
2147,45,113,22,288
2148,49,132,22,288
2149,38,110,22,288
2150,54,133,22,288
2151,39,117,22,288
2152,50,127,22,288
2153,36,122,22,288
2154,50,138,22,288
2155,56,146,22,288
2156,46,128,22,288
2157,58,146,22,288
2158,41,129,22,288
2159,54,141,22,288
2160,44,93,22,288
2161,41,124,22,288
2162,56,133,22,288
2163,45,130,22,288
2164,46,122,22,288
2165,40,108,22,288
2166,58,137,22,288
2167,48,142,22,288
2168,61,127,22,288
2169,44,100,22,288
2170,42,111,22,288
2171,43,126,22,288
2172,45,124,22,288
2173,43,127,22,288
2174,44,116,22,288
2175,49,116,22,288
2176,43,110,22,288
2177,41,119,22,288
2178,48,125,22,288
2179,61,155,22,288
2180,53,129,22,288
2181,54,143,22,288
2182,49,133,22,288
2183,42,105,22,288
2184,51,121,22,288
2185,58,139,22,288
2186,36,125,22,288
2187,51,136,22,288
2188,38,118,22,288
2189,38,109,22,288
2190,38,129,22,288
2191,51,127,22,288
2192,46,134,22,288
2193,50,111,22,288
2194,45,122,22,288
2195,49,141,22,288
2196,46,119,22,288
2197,44,109,22,288
2198,44,129,22,288
2199,43,108,22,288
2200,41,125,22,288
2201,50,113,23,247
2202,45,106,23,247
2203,55,140,23,247
2204,61,111,23,247
2205,55,140,23,247
2206,56,108,23,247
2207,46,116,23,247
2208,56,118,23,247
2209,49,104,23,247
2210,59,126,23,247
2211,50,130,23,247
2212,41,106,23,247
2213,46,95,23,247
2214,52,124,23,247
2215,40,110,23,247
2216,51,106,23,247
2217,45,126,23,247
2218,45,113,23,247
2219,44,115,23,247
2220,57,124,23,247
2221,54,110,23,247
2222,44,115,23,247
2223,54,130,23,247
2224,40,98,23,247
2225,45,104,23,247
2226,48,107,23,247
2227,45,96,23,247
2228,57,116,23,247
2229,44,113,23,247
2230,50,107,23,247
2231,45,110,23,247
2232,49,107,23,247
2233,40,114,23,247
2234,40,111,23,247
2235,47,114,23,247
2236,50,115,23,247
2237,58,134,23,247
2238,39,114,23,247
2239,54,139,23,247
2240,50,116,23,247
2241,56,126,23,247
2242,58,131,23,247
2243,55,140,23,247
2244,41,89,23,247
2245,40,97,23,247
2246,37,100,23,247
2247,49,113,23,247
2248,48,106,23,247
2249,52,121,23,247
2250,47,116,23,247
2251,57,121,23,247
2252,47,119,23,247
2253,34,76,23,247
2254,53,96,23,247
2255,57,134,23,247
2256,42,106,23,247
2257,44,108,23,247
2258,50,110,23,247
2259,55,125,23,247
2260,55,138,23,247
2261,46,123,23,247
2262,48,106,23,247
2263,46,107,23,247
2264,49,115,23,247
2265,61,147,23,247
2266,41,107,23,247
2267,42,100,23,247
2268,39,99,23,247
2269,54,133,23,247
2270,40,101,23,247
2271,53,117,23,247
2272,45,109,23,247
2273,47,119,23,247
2274,56,135,23,247
2275,48,92,23,247
2276,51,125,23,247
2277,57,111,23,247
2278,31,91,23,247
2279,39,105,23,247
2280,45,104,23,247
2281,48,122,23,247
2282,53,119,23,247
2283,62,120,23,247
2284,52,136,23,247
2285,52,122,23,247
2286,34,84,23,247
2287,45,121,23,247
2288,44,100,23,247
2289,52,129,23,247
2290,47,104,23,247
2291,59,125,23,247
2292,57,132,23,247
2293,53,107,23,247
2294,48,107,23,247
2295,45,98,23,247
2296,46,128,23,247
2297,58,134,23,247
2298,56,121,23,247
2299,54,116,23,247
2300,52,114,23,247
2301,45,123,24,233
2302,53,131,24,233
2303,52,133,24,233
2304,45,137,24,233
2305,55,146,24,233
2306,51,122,24,233
2307,52,109,24,233
2308,46,115,24,233
2309,43,127,24,233
2310,49,134,24,233
2311,40,111,24,233
2312,53,124,24,233
2313,44,117,24,233
2314,39,129,24,233
2315,51,139,24,233
2316,46,131,24,233
2317,47,138,24,233
2318,60,143,24,233
2319,53,123,24,233
2320,52,129,24,233
2321,48,115,24,233
2322,45,107,24,233
2323,37,110,24,233
2324,47,124,24,233
2325,44,121,24,233
2326,48,103,24,233
2327,48,143,24,233
2328,50,135,24,233
2329,48,132,24,233
2330,42,108,24,233
2331,49,128,24,233
2332,45,138,24,233
2333,53,127,24,233
2334,59,153,24,233
2335,53,117,24,233
2336,41,112,24,233
2337,18,100,24,233
2338,51,133,24,233
2339,50,129,24,233
2340,36,119,24,233
2341,49,122,24,233
2342,49,130,24,233
2343,46,143,24,233
2344,44,104,24,233
2345,47,146,24,233
2346,46,133,24,233
2347,59,138,24,233
2348,48,114,24,233
2349,51,129,24,233
2350,47,136,24,233
2351,53,137,24,233
2352,41,136,24,233
2353,54,107,24,233
2354,61,128,24,233
2355,47,103,24,233
2356,50,124,24,233
2357,45,124,24,233
2358,57,154,24,233
2359,56,161,24,233
2360,53,128,24,233
2361,59,138,24,233
2362,52,142,24,233
2363,46,130,24,233
2364,58,139,24,233
2365,53,131,24,233
2366,40,116,24,233
2367,40,134,24,233
2368,42,140,24,233
2369,58,134,24,233
2370,38,108,24,233
2371,50,135,24,233
2372,43,121,24,233
2373,49,147,24,233
2374,47,136,24,233
2375,48,120,24,233
2376,39,120,24,233
2377,42,122,24,233
2378,50,128,24,233
2379,48,120,24,233
2380,49,132,24,233
2381,45,134,24,233
2382,52,143,24,233
2383,37,120,24,233
2384,41,122,24,233
2385,51,135,24,233
2386,56,143,24,233
2387,35,124,24,233
2388,54,131,24,233
2389,49,149,24,233
2390,50,126,24,233
2391,47,136,24,233
2392,39,129,24,233
2393,43,126,24,233
2394,52,128,24,233
2395,47,127,24,233
2396,50,136,24,233
2397,55,134,24,233
2398,40,114,24,233
2399,56,142,24,233
2400,57,150,24,233
2401,53,130,25,261
2402,47,131,25,261
2403,46,132,25,261
2404,56,126,25,261
2405,44,137,25,261
2406,51,120,25,261
2407,66,125,25,261
2408,58,131,25,261
2409,55,130,25,261
2410,54,120,25,261
2411,42,116,25,261
2412,45,126,25,261
2413,50,123,25,261
2414,44,124,25,261
2415,55,144,25,261
2416,61,133,25,261
2417,49,135,25,261
2418,61,123,25,261
2419,65,147,25,261
2420,47,120,25,261
2421,58,126,25,261
2422,55,151,25,261
2423,55,122,25,261
2424,71,152,25,261
2425,43,123,25,261
2426,46,132,25,261
2427,60,121,25,261
2428,55,136,25,261
2429,46,131,25,261
2430,48,117,25,261
2431,46,141,25,261
2432,51,117,25,261
2433,56,122,25,261
2434,54,128,25,261
2435,57,126,25,261
2436,62,146,25,261
2437,44,121,25,261
2438,49,114,25,261
2439,47,129,25,261
2440,48,113,25,261
2441,56,132,25,261
2442,54,139,25,261
2443,60,136,25,261
2444,51,135,25,261
2445,60,138,25,261
2446,54,104,25,261
2447,56,144,25,261
2448,38,116,25,261
2449,57,153,25,261
2450,49,136,25,261
2451,55,135,25,261
2452,57,132,25,261
2453,45,114,25,261
2454,52,126,25,261
2455,68,143,25,261
2456,47,126,25,261
2457,48,126,25,261
2458,48,124,25,261
2459,63,145,25,261
2460,41,116,25,261
2461,44,128,25,261
2462,54,130,25,261
2463,54,146,25,261
2464,45,118,25,261
2465,62,146,25,261
2466,44,137,25,261
2467,46,125,25,261
2468,64,129,25,261
2469,55,120,25,261
2470,51,129,25,261
2471,67,155,25,261
2472,46,124,25,261
2473,54,135,25,261
2474,50,105,25,261
2475,63,146,25,261
2476,52,143,25,261
2477,54,109,25,261
2478,46,112,25,261
2479,55,142,25,261
2480,47,131,25,261
2481,65,150,25,261
2482,50,123,25,261
2483,44,114,25,261
2484,45,119,25,261
2485,55,139,25,261
2486,57,138,25,261
2487,56,140,25,261
2488,50,128,25,261
2489,49,143,25,261
2490,50,121,25,261
2491,62,137,25,261
2492,66,141,25,261
2493,54,134,25,261
2494,52,129,25,261
2495,45,124,25,261
2496,66,133,25,261
2497,61,131,25,261
2498,52,131,25,261
2499,55,131,25,261
2500,43,109,25,261
2501,40,112,26,278
2502,63,147,26,278
2503,52,132,26,278
2504,61,137,26,278
2505,52,133,26,278
2506,56,145,26,278
2507,56,135,26,278
2508,61,151,26,278
2509,55,131,26,278
2510,58,144,26,278
2511,66,130,26,278
2512,55,140,26,278
2513,51,119,26,278
2514,72,150,26,278
2515,56,128,26,278
2516,62,139,26,278
2517,55,132,26,278
2518,47,136,26,278
2519,43,114,26,278
2520,61,142,26,278
2521,51,142,26,278
2522,58,138,26,278
2523,73,162,26,278
2524,57,129,26,278
2525,57,131,26,278
2526,49,130,26,278
2527,45,121,26,278
2528,45,119,26,278
2529,40,116,26,278
2530,56,145,26,278
2531,50,126,26,278
2532,62,147,26,278
2533,54,135,26,278
2534,48,140,26,278
2535,48,113,26,278
2536,62,137,26,278
2537,55,139,26,278
2538,56,134,26,278
2539,64,150,26,278
2540,65,144,26,278
2541,48,123,26,278
2542,54,132,26,278
2543,63,144,26,278
2544,63,131,26,278
2545,67,145,26,278
2546,53,123,26,278
2547,51,139,26,278
2548,41,124,26,278
2549,65,155,26,278
2550,54,140,26,278
2551,57,141,26,278
2552,54,139,26,278
2553,64,131,26,278
2554,50,134,26,278
2555,45,128,26,278
2556,50,139,26,278
2557,47,130,26,278
2558,48,142,26,278
2559,53,142,26,278
2560,59,153,26,278
2561,58,144,26,278
2562,60,140,26,278
2563,48,145,26,278
2564,49,125,26,278
2565,59,147,26,278
2566,53,134,26,278
2567,60,137,26,278
2568,48,115,26,278
2569,41,115,26,278
2570,55,116,26,278
2571,53,132,26,278
2572,70,158,26,278
2573,51,127,26,278
2574,43,132,26,278
2575,54,144,26,278
2576,51,129,26,278
2577,59,152,26,278
2578,54,127,26,278
2579,56,121,26,278
2580,41,125,26,278
2581,60,136,26,278
2582,49,140,26,278
2583,60,146,26,278
2584,35,99,26,278
2585,50,146,26,278
2586,57,130,26,278
2587,57,139,26,278
2588,59,149,26,278
2589,56,125,26,278
2590,66,138,26,278
2591,53,119,26,278
2592,44,118,26,278
2593,54,134,26,278
2594,55,144,26,278
2595,47,141,26,278
2596,48,138,26,278
2597,57,125,26,278
2598,46,129,26,278
2599,46,113,26,278
2600,70,147,26,278
2601,63,116,27,284
2602,58,118,27,284
2603,44,120,27,284
2604,40,104,27,284
2605,42,119,27,284
2606,52,101,27,284
2607,50,125,27,284
2608,58,122,27,284
2609,65,125,27,284
2610,51,117,27,284
2611,41,121,27,284
2612,50,114,27,284
2613,61,119,27,284
2614,51,120,27,284
2615,45,106,27,284
2616,42,111,27,284
2617,38,100,27,284
2618,42,100,27,284
2619,50,114,27,284
2620,52,110,27,284
2621,46,109,27,284
2622,42,109,27,284
2623,50,121,27,284
2624,49,128,27,284
2625,29,96,27,284
2626,41,119,27,284
2627,43,108,27,284
2628,52,130,27,284
2629,59,128,27,284
2630,52,128,27,284
2631,49,116,27,284
2632,43,123,27,284
2633,63,116,27,284
2634,39,95,27,284
2635,47,117,27,284
2636,57,135,27,284
2637,54,104,27,284
2638,55,137,27,284
2639,49,107,27,284
2640,55,131,27,284
2641,36,101,27,284
2642,48,106,27,284
2643,60,117,27,284
2644,66,124,27,284
2645,39,115,27,284
2646,42,124,27,284
2647,37,116,27,284
2648,53,114,27,284
2649,52,120,27,284
2650,47,133,27,284
2651,46,116,27,284
2652,51,107,27,284
2653,55,141,27,284
2654,41,108,27,284
2655,62,130,27,284
2656,56,121,27,284
2657,52,131,27,284
2658,57,119,27,284
2659,53,107,27,284
2660,57,117,27,284
2661,42,117,27,284
2662,53,145,27,284
2663,48,106,27,284
2664,68,145,27,284
2665,45,109,27,284
2666,39,119,27,284
2667,52,113,27,284
2668,49,120,27,284
2669,45,98,27,284
2670,54,125,27,284
2671,47,101,27,284
2672,55,106,27,284
2673,43,109,27,284
2674,55,123,27,284
2675,54,119,27,284
2676,48,120,27,284
2677,46,117,27,284
2678,47,98,27,284
2679,54,114,27,284
2680,63,123,27,284
2681,66,120,27,284
2682,54,124,27,284
2683,47,109,27,284
2684,53,115,27,284
2685,46,128,27,284
2686,56,125,27,284
2687,49,107,27,284
2688,57,142,27,284
2689,37,105,27,284
2690,38,107,27,284
2691,47,102,27,284
2692,46,120,27,284
2693,60,134,27,284
2694,50,117,27,284
2695,45,100,27,284
2696,54,112,27,284
2697,48,117,27,284
2698,58,118,27,284
2699,55,117,27,284
2700,46,118,27,284
2701,36,96,28,223
2702,49,138,28,223
2703,40,124,28,223
2704,37,99,28,223
2705,51,115,28,223
2706,53,129,28,223
2707,51,120,28,223
2708,50,121,28,223
2709,47,116,28,223
2710,62,142,28,223
2711,45,111,28,223
2712,60,142,28,223
2713,50,98,28,223
2714,44,135,28,223
2715,36,98,28,223
2716,57,128,28,223
2717,59,134,28,223
2718,46,116,28,223
2719,50,123,28,223
2720,52,124,28,223
2721,48,108,28,223
2722,45,116,28,223
2723,46,109,28,223
2724,54,119,28,223
2725,39,94,28,223
2726,47,141,28,223
2727,54,134,28,223
2728,38,119,28,223
2729,47,111,28,223
2730,43,124,28,223
2731,43,125,28,223
2732,62,140,28,223
2733,52,130,28,223
2734,61,119,28,223
2735,49,126,28,223
2736,58,136,28,223
2737,44,107,28,223
2738,44,120,28,223
2739,52,133,28,223
2740,45,123,28,223
2741,53,121,28,223
2742,51,121,28,223
2743,52,123,28,223
2744,49,118,28,223
2745,52,133,28,223
2746,40,98,28,223
2747,65,123,28,223
2748,35,121,28,223
2749,43,108,28,223
2750,52,127,28,223
2751,54,129,28,223
2752,44,128,28,223
2753,52,126,28,223
2754,39,97,28,223
2755,33,120,28,223
2756,48,109,28,223
2757,45,126,28,223
2758,50,127,28,223
2759,62,133,28,223
2760,45,101,28,223
2761,47,137,28,223
2762,53,114,28,223
2763,44,130,28,223
2764,46,108,28,223
2765,37,102,28,223
2766,46,109,28,223
2767,42,116,28,223
2768,47,108,28,223
2769,52,127,28,223
2770,50,119,28,223
2771,52,121,28,223
2772,44,128,28,223
2773,52,124,28,223
2774,54,139,28,223
2775,44,126,28,223
2776,42,107,28,223
2777,62,144,28,223
2778,67,134,28,223
2779,49,125,28,223
2780,50,115,28,223
2781,51,133,28,223
2782,44,126,28,223
2783,57,148,28,223
2784,62,118,28,223
2785,64,133,28,223
2786,55,140,28,223
2787,47,122,28,223
2788,47,119,28,223
2789,40,115,28,223
2790,55,140,28,223
2791,50,110,28,223
2792,48,126,28,223
2793,53,143,28,223
2794,55,120,28,223
2795,54,122,28,223
2796,56,126,28,223
2797,52,114,28,223
2798,50,111,28,223
2799,43,99,28,223
2800,53,126,28,223
2801,43,138,29,182
2802,43,126,29,182
2803,53,132,29,182
2804,59,124,29,182
2805,44,123,29,182
2806,67,129,29,182
2807,48,107,29,182
2808,45,134,29,182
2809,55,148,29,182
2810,60,131,29,182
2811,55,114,29,182
2812,65,136,29,182
2813,54,132,29,182
2814,52,127,29,182
2815,55,137,29,182
2816,50,129,29,182
2817,42,128,29,182
2818,52,121,29,182
2819,62,137,29,182
2820,49,140,29,182
2821,54,142,29,182
2822,67,130,29,182
2823,42,125,29,182
2824,64,123,29,182
2825,54,117,29,182
2826,51,131,29,182
2827,46,132,29,182
2828,52,124,29,182
2829,52,138,29,182
2830,53,132,29,182
2831,50,118,29,182
2832,53,135,29,182
2833,52,122,29,182
2834,52,124,29,182
2835,51,122,29,182
2836,44,111,29,182
2837,47,135,29,182
2838,38,132,29,182
2839,61,118,29,182
2840,35,128,29,182
2841,55,141,29,182
2842,59,124,29,182
2843,49,135,29,182
2844,64,140,29,182
2845,42,135,29,182
2846,55,128,29,182
2847,52,146,29,182
2848,48,133,29,182
2849,52,123,29,182
2850,57,123,29,182
2851,45,126,29,182
2852,48,131,29,182
2853,60,135,29,182
2854,50,132,29,182
2855,53,119,29,182
2856,52,120,29,182
2857,50,122,29,182
2858,43,110,29,182
2859,56,120,29,182
2860,53,125,29,182
2861,50,138,29,182
2862,59,114,29,182
2863,47,123,29,182
2864,53,121,29,182
2865,42,107,29,182
2866,61,133,29,182
2867,50,116,29,182
2868,51,133,29,182
2869,41,124,29,182
2870,48,114,29,182
2871,60,133,29,182
2872,44,126,29,182
2873,56,130,29,182
2874,40,119,29,182
2875,48,118,29,182
2876,36,130,29,182
2877,44,125,29,182
2878,44,139,29,182
2879,48,143,29,182
2880,36,124,29,182
2881,45,122,29,182
2882,44,119,29,182
2883,58,120,29,182
2884,50,141,29,182
2885,42,123,29,182
2886,49,116,29,182
2887,53,132,29,182
2888,54,111,29,182
2889,57,117,29,182
2890,51,123,29,182
2891,51,118,29,182
2892,54,132,29,182
2893,45,125,29,182
2894,50,125,29,182
2895,59,131,29,182
2896,58,136,29,182
2897,64,143,29,182
2898,63,118,29,182
2899,43,133,29,182
2900,51,127,29,182
2901,39,107,30,320
2902,46,114,30,320
2903,44,113,30,320
2904,57,102,30,320
2905,61,113,30,320
2906,38,106,30,320
2907,49,110,30,320
2908,43,102,30,320
2909,43,108,30,320
2910,50,110,30,320
2911,41,109,30,320
2912,35,106,30,320
2913,43,103,30,320
2914,48,107,30,320
2915,54,111,30,320
2916,50,113,30,320
2917,48,118,30,320
2918,44,126,30,320
2919,38,97,30,320
2920,35,110,30,320
2921,47,110,30,320
2922,53,129,30,320
2923,42,122,30,320
2924,54,120,30,320
2925,59,132,30,320
2926,40,111,30,320
2927,44,114,30,320
2928,38,107,30,320
2929,39,103,30,320
2930,50,109,30,320
2931,36,108,30,320
2932,52,119,30,320
2933,53,128,30,320
2934,48,119,30,320
2935,50,114,30,320
2936,61,122,30,320
2937,50,132,30,320
2938,52,128,30,320
2939,63,121,30,320
2940,28,93,30,320
2941,41,121,30,320
2942,56,131,30,320
2943,45,119,30,320
2944,36,107,30,320
2945,56,133,30,320
2946,46,105,30,320
2947,49,122,30,320
2948,44,96,30,320
2949,37,128,30,320
2950,43,122,30,320
2951,42,109,30,320
2952,49,121,30,320
2953,44,103,30,320
2954,36,105,30,320
2955,53,122,30,320
2956,42,105,30,320
2957,66,122,30,320
2958,45,116,30,320
2959,42,110,30,320
2960,51,131,30,320
2961,55,104,30,320
2962,51,114,30,320
2963,51,114,30,320
2964,46,107,30,320
2965,59,130,30,320
2966,54,130,30,320
2967,42,106,30,320
2968,51,132,30,320
2969,51,114,30,320
2970,60,132,30,320
2971,56,135,30,320
2972,43,99,30,320
2973,62,130,30,320
2974,48,128,30,320
2975,48,111,30,320
2976,52,121,30,320
2977,43,114,30,320
2978,56,130,30,320
2979,44,116,30,320
2980,47,112,30,320
2981,54,115,30,320
2982,44,96,30,320
2983,47,114,30,320
2984,45,112,30,320
2985,64,152,30,320
2986,34,99,30,320
2987,41,99,30,320
2988,59,116,30,320
2989,43,102,30,320
2990,51,111,30,320
2991,52,106,30,320
2992,47,128,30,320
2993,45,102,30,320
2994,52,125,30,320
2995,39,106,30,320
2996,50,114,30,320
2997,49,110,30,320
2998,50,133,30,320
2999,50,117,30,320
3000,38,109,30,320
3001,53,117,31,319
3002,52,128,31,319
3003,64,156,31,319
3004,60,126,31,319
3005,63,131,31,319
3006,50,122,31,319
3007,56,128,31,319
3008,59,122,31,319
3009,44,122,31,319
3010,48,125,31,319
3011,45,101,31,319
3012,51,131,31,319
3013,54,123,31,319
3014,46,116,31,319
3015,46,121,31,319
3016,46,121,31,319
3017,53,122,31,319
3018,59,125,31,319
3019,53,135,31,319
3020,46,110,31,319
3021,41,108,31,319
3022,51,132,31,319
3023,57,130,31,319
3024,58,130,31,319
3025,52,123,31,319
3026,53,134,31,319
3027,69,133,31,319
3028,53,127,31,319
3029,52,124,31,319
3030,53,124,31,319
3031,44,125,31,319
3032,59,138,31,319
3033,58,130,31,319
3034,46,95,31,319
3035,53,129,31,319
3036,52,135,31,319
3037,42,129,31,319
3038,45,107,31,319
3039,48,141,31,319
3040,43,113,31,319
3041,52,128,31,319
3042,55,140,31,319
3043,40,103,31,319
3044,56,140,31,319
3045,48,122,31,319
3046,53,112,31,319
3047,51,123,31,319
3048,35,117,31,319
3049,56,121,31,319
3050,52,119,31,319
3051,62,141,31,319
3052,63,155,31,319
3053,47,113,31,319
3054,64,138,31,319
3055,53,132,31,319
3056,46,115,31,319
3057,52,104,31,319
3058,59,152,31,319
3059,43,116,31,319
3060,48,121,31,319
3061,61,136,31,319
3062,48,102,31,319
3063,53,145,31,319
3064,49,112,31,319
3065,44,134,31,319
3066,42,122,31,319
3067,54,130,31,319
3068,53,120,31,319
3069,59,129,31,319
3070,57,137,31,319
3071,58,127,31,319
3072,50,137,31,319
3073,53,126,31,319
3074,43,113,31,319
3075,52,122,31,319
3076,61,130,31,319
3077,67,132,31,319
3078,60,145,31,319
3079,51,116,31,319
3080,58,140,31,319
3081,50,118,31,319
3082,61,143,31,319
3083,53,124,31,319
3084,50,111,31,319
3085,57,142,31,319
3086,53,119,31,319
3087,56,117,31,319
3088,59,144,31,319
3089,52,123,31,319
3090,51,127,31,319
3091,69,143,31,319
3092,49,140,31,319
3093,53,119,31,319
3094,49,115,31,319
3095,50,121,31,319
3096,46,131,31,319
3097,52,124,31,319
3098,64,152,31,319
3099,61,125,31,319
3100,54,129,31,319
3101,46,137,32,273
3102,52,133,32,273
3103,39,118,32,273
3104,51,122,32,273
3105,49,118,32,273
3106,49,130,32,273
3107,48,119,32,273
3108,42,123,32,273
3109,52,133,32,273
3110,48,134,32,273
3111,49,133,32,273
3112,45,145,32,273
3113,47,130,32,273
3114,45,126,32,273
3115,47,108,32,273
3116,44,119,32,273
3117,55,137,32,273
3118,45,109,32,273
3119,46,138,32,273
3120,52,138,32,273
3121,44,113,32,273
3122,38,105,32,273
3123,53,144,32,273
3124,49,131,32,273
3125,51,116,32,273
3126,52,123,32,273
3127,50,122,32,273
3128,32,105,32,273
3129,53,127,32,273
3130,49,141,32,273
3131,52,146,32,273
3132,50,120,32,273
3133,40,120,32,273
3134,53,147,32,273
3135,57,135,32,273
3136,53,129,32,273
3137,45,135,32,273
3138,38,123,32,273
3139,51,140,32,273
3140,44,127,32,273
3141,47,130,32,273
3142,47,148,32,273
3143,40,125,32,273
3144,45,131,32,273
3145,40,121,32,273
3146,35,122,32,273
3147,38,121,32,273
3148,42,137,32,273
3149,42,127,32,273
3150,37,117,32,273
3151,49,142,32,273
3152,45,134,32,273
3153,43,118,32,273
3154,46,125,32,273
3155,35,118,32,273
3156,41,123,32,273
3157,51,135,32,273
3158,45,128,32,273
3159,52,141,32,273
3160,42,128,32,273
3161,39,125,32,273
3162,31,110,32,273
3163,44,125,32,273
3164,48,128,32,273
3165,47,131,32,273
3166,40,120,32,273
3167,41,119,32,273
3168,49,136,32,273
3169,49,131,32,273
3170,46,124,32,273
3171,38,117,32,273
3172,48,113,32,273
3173,49,127,32,273
3174,42,124,32,273
3175,40,110,32,273
3176,44,118,32,273
3177,56,139,32,273
3178,27,99,32,273
3179,48,129,32,273
3180,43,115,32,273
3181,56,145,32,273
3182,38,110,32,273
3183,38,106,32,273
3184,33,109,32,273
3185,48,121,32,273
3186,54,143,32,273
3187,53,132,32,273
3188,47,99,32,273
3189,52,126,32,273
3190,41,104,32,273
3191,42,132,32,273
3192,47,132,32,273
3193,55,138,32,273
3194,55,130,32,273
3195,50,140,32,273
3196,48,124,32,273
3197,41,142,32,273
3198,42,113,32,273
3199,41,118,32,273
3200,46,115,32,273
3201,53,132,33,243
3202,54,130,33,243
3203,61,154,33,243
3204,53,154,33,243
3205,39,121,33,243
3206,57,141,33,243
3207,49,137,33,243
3208,59,145,33,243
3209,59,145,33,243
3210,46,148,33,243
3211,55,140,33,243
3212,54,151,33,243
3213,67,158,33,243
3214,56,146,33,243
3215,59,152,33,243
3216,54,132,33,243
3217,53,139,33,243
3218,56,130,33,243
3219,55,147,33,243
3220,50,136,33,243
3221,51,134,33,243
3222,56,139,33,243
3223,59,142,33,243
3224,57,148,33,243
3225,55,131,33,243
3226,55,148,33,243
3227,58,147,33,243
3228,68,178,33,243
3229,41,135,33,243
3230,48,133,33,243
3231,65,165,33,243
3232,55,149,33,243
3233,52,136,33,243
3234,59,149,33,243
3235,52,137,33,243
3236,64,150,33,243
3237,50,136,33,243
3238,55,125,33,243
3239,54,142,33,243
3240,49,135,33,243
3241,49,128,33,243
3242,53,137,33,243
3243,63,159,33,243
3244,56,154,33,243
3245,60,152,33,243
3246,59,144,33,243
3247,54,147,33,243
3248,49,129,33,243
3249,67,147,33,243
3250,52,142,33,243
3251,50,123,33,243
3252,43,130,33,243
3253,56,139,33,243
3254,54,137,33,243
3255,47,129,33,243
3256,48,136,33,243
3257,50,151,33,243
3258,47,135,33,243
3259,39,116,33,243
3260,50,143,33,243
3261,54,141,33,243
3262,56,147,33,243
3263,59,159,33,243
3264,43,114,33,243
3265,55,169,33,243
3266,54,142,33,243
3267,53,135,33,243
3268,44,127,33,243
3269,51,132,33,243
3270,57,148,33,243
3271,65,158,33,243
3272,67,168,33,243
3273,53,135,33,243
3274,51,132,33,243
3275,62,146,33,243
3276,66,153,33,243
3277,62,166,33,243
3278,43,129,33,243
3279,73,165,33,243
3280,57,153,33,243
3281,43,134,33,243
3282,60,146,33,243
3283,50,113,33,243
3284,69,155,33,243
3285,48,134,33,243
3286,53,119,33,243
3287,60,173,33,243
3288,44,129,33,243
3289,60,139,33,243
3290,47,137,33,243
3291,51,141,33,243
3292,64,150,33,243
3293,50,143,33,243
3294,52,140,33,243
3295,41,123,33,243
3296,70,154,33,243
3297,49,141,33,243
3298,57,142,33,243
3299,46,126,33,243
3300,51,142,33,243
3301,50,123,34,257
3302,59,122,34,257
3303,45,116,34,257
3304,47,116,34,257
3305,49,125,34,257
3306,47,119,34,257
3307,55,128,34,257
3308,45,104,34,257
3309,58,148,34,257
3310,51,118,34,257
3311,48,134,34,257
3312,56,114,34,257
3313,49,117,34,257
3314,58,122,34,257
3315,53,117,34,257
3316,60,129,34,257
3317,51,139,34,257
3318,47,126,34,257
3319,38,118,34,257
3320,49,115,34,257
3321,40,131,34,257
3322,68,125,34,257
3323,43,95,34,257
3324,41,110,34,257
3325,54,123,34,257
3326,56,143,34,257
3327,44,124,34,257
3328,47,131,34,257
3329,49,126,34,257
3330,59,136,34,257
3331,45,118,34,257
3332,59,132,34,257
3333,42,100,34,257
3334,51,117,34,257
3335,56,138,34,257
3336,47,124,34,257
3337,52,147,34,257
3338,51,115,34,257
3339,51,123,34,257
3340,50,128,34,257
3341,46,124,34,257
3342,47,104,34,257
3343,34,102,34,257
3344,38,113,34,257
3345,50,111,34,257
3346,57,133,34,257
3347,52,129,34,257
3348,64,139,34,257
3349,45,124,34,257
3350,56,129,34,257
3351,58,128,34,257
3352,43,120,34,257
3353,45,122,34,257
3354,50,124,34,257
3355,43,113,34,257
3356,57,131,34,257
3357,43,118,34,257
3358,60,129,34,257
3359,51,145,34,257
3360,59,132,34,257
3361,43,110,34,257
3362,60,139,34,257
3363,41,109,34,257
3364,38,114,34,257
3365,46,128,34,257
3366,53,115,34,257
3367,57,121,34,257
3368,55,122,34,257
3369,55,130,34,257
3370,47,114,34,257
3371,54,142,34,257
3372,45,114,34,257
3373,47,129,34,257
3374,67,145,34,257
3375,48,115,34,257
3376,43,121,34,257
3377,50,121,34,257
3378,40,106,34,257
3379,41,113,34,257
3380,56,122,34,257
3381,53,126,34,257
3382,60,127,34,257
3383,62,134,34,257
3384,53,119,34,257
3385,53,123,34,257
3386,57,139,34,257
3387,47,125,34,257
3388,51,125,34,257
3389,47,117,34,257
3390,54,126,34,257
3391,51,130,34,257
3392,43,114,34,257
3393,55,124,34,257
3394,63,133,34,257
3395,36,113,34,257
3396,55,135,34,257
3397,56,128,34,257
3398,50,123,34,257
3399,51,140,34,257
3400,56,136,34,257
3401,54,121,35,136
3402,48,119,35,136
3403,46,120,35,136
3404,46,123,35,136
3405,70,144,35,136
3406,44,108,35,136
3407,50,121,35,136
3408,43,124,35,136
3409,55,126,35,136
3410,49,136,35,136
3411,50,106,35,136
3412,50,109,35,136
3413,41,115,35,136
3414,43,125,35,136
3415,33,103,35,136
3416,34,97,35,136
3417,53,130,35,136
3418,44,119,35,136
3419,60,130,35,136
3420,58,131,35,136
3421,51,112,35,136
3422,53,111,35,136
3423,54,123,35,136
3424,56,139,35,136
3425,44,122,35,136
3426,51,108,35,136
3427,50,111,35,136
3428,51,111,35,136
3429,51,121,35,136
3430,49,129,35,136
3431,55,118,35,136
3432,54,135,35,136
3433,55,124,35,136
3434,45,126,35,136
3435,42,117,35,136
3436,64,129,35,136
3437,47,99,35,136
3438,42,109,35,136
3439,58,122,35,136
3440,42,108,35,136
3441,44,97,35,136
3442,47,109,35,136
3443,38,104,35,136
3444,41,111,35,136
3445,54,118,35,136
3446,52,112,35,136
3447,46,130,35,136
3448,54,123,35,136
3449,47,120,35,136
3450,52,113,35,136
3451,48,112,35,136
3452,54,124,35,136
3453,40,113,35,136
3454,37,104,35,136
3455,49,116,35,136
3456,41,97,35,136
3457,56,113,35,136
3458,39,100,35,136
3459,44,101,35,136
3460,43,118,35,136
3461,58,118,35,136
3462,50,101,35,136
3463,45,122,35,136
3464,41,123,35,136
3465,46,118,35,136
3466,67,123,35,136
3467,48,120,35,136
3468,41,118,35,136
3469,50,127,35,136
3470,38,112,35,136
3471,32,128,35,136
3472,49,129,35,136
3473,52,110,35,136
3474,59,122,35,136
3475,49,112,35,136
3476,41,108,35,136
3477,45,122,35,136
3478,53,114,35,136
3479,47,112,35,136
3480,49,135,35,136
3481,49,111,35,136
3482,38,100,35,136
3483,42,98,35,136
3484,36,105,35,136
3485,47,122,35,136
3486,53,138,35,136
3487,46,113,35,136
3488,48,126,35,136
3489,47,121,35,136
3490,51,110,35,136
3491,47,113,35,136
3492,47,128,35,136
3493,51,120,35,136
3494,51,110,35,136
3495,42,121,35,136
3496,58,136,35,136
3497,58,121,35,136
3498,42,118,35,136
3499,44,116,35,136
3500,34,99,35,136
3501,51,123,36,182
3502,55,125,36,182
3503,54,120,36,182
3504,61,124,36,182
3505,39,113,36,182
3506,45,96,36,182
3507,49,111,36,182
3508,39,119,36,182
3509,50,118,36,182
3510,49,121,36,182
3511,45,114,36,182
3512,46,121,36,182
3513,52,113,36,182
3514,59,113,36,182
3515,49,126,36,182
3516,50,111,36,182
3517,56,118,36,182
3518,45,115,36,182
3519,51,107,36,182
3520,45,123,36,182
3521,59,123,36,182
3522,42,100,36,182
3523,59,124,36,182
3524,40,119,36,182
3525,43,119,36,182
3526,61,139,36,182
3527,35,105,36,182
3528,58,136,36,182
3529,54,114,36,182
3530,46,120,36,182
3531,46,105,36,182
3532,43,108,36,182
3533,59,121,36,182
3534,44,113,36,182
3535,55,115,36,182
3536,41,92,36,182
3537,57,120,36,182
3538,50,126,36,182
3539,53,116,36,182
3540,38,105,36,182
3541,54,129,36,182
3542,46,112,36,182
3543,45,120,36,182
3544,53,120,36,182
3545,51,118,36,182
3546,51,128,36,182
3547,49,139,36,182
3548,64,129,36,182
3549,51,125,36,182
3550,49,116,36,182
3551,56,124,36,182
3552,49,113,36,182
3553,49,132,36,182
3554,52,128,36,182
3555,44,98,36,182
3556,51,125,36,182
3557,52,106,36,182
3558,31,109,36,182
3559,46,108,36,182
3560,43,116,36,182
3561,51,102,36,182
3562,53,132,36,182
3563,45,110,36,182
3564,49,122,36,182
3565,40,89,36,182
3566,54,114,36,182
3567,46,113,36,182
3568,54,128,36,182
3569,53,119,36,182
3570,44,127,36,182
3571,52,121,36,182
3572,48,130,36,182
3573,47,106,36,182
3574,44,113,36,182
3575,45,113,36,182
3576,43,116,36,182
3577,50,118,36,182
3578,50,117,36,182
3579,51,116,36,182
3580,47,113,36,182
3581,39,128,36,182
3582,59,133,36,182
3583,54,95,36,182
3584,53,117,36,182
3585,59,147,36,182
3586,50,128,36,182
3587,54,127,36,182
3588,37,103,36,182
3589,46,113,36,182
3590,62,126,36,182
3591,42,121,36,182
3592,49,120,36,182
3593,42,112,36,182
3594,51,129,36,182
3595,50,123,36,182
3596,51,131,36,182
3597,44,115,36,182
3598,51,115,36,182
3599,47,106,36,182
3600,41,118,36,182
3601,51,128,37,240
3602,53,116,37,240
3603,54,122,37,240
3604,48,102,37,240
3605,44,127,37,240
3606,48,129,37,240
3607,49,109,37,240
3608,60,122,37,240
3609,56,123,37,240
3610,52,123,37,240
3611,48,119,37,240
3612,50,105,37,240
3613,60,131,37,240
3614,57,124,37,240
3615,52,124,37,240
3616,38,87,37,240
3617,31,78,37,240
3618,38,94,37,240
3619,53,109,37,240
3620,45,120,37,240
3621,48,102,37,240
3622,59,140,37,240
3623,56,138,37,240
3624,33,78,37,240
3625,55,121,37,240
3626,47,121,37,240
3627,51,108,37,240
3628,50,118,37,240
3629,35,90,37,240
3630,53,114,37,240
3631,53,117,37,240
3632,47,102,37,240
3633,55,119,37,240
3634,49,108,37,240
3635,52,117,37,240
3636,51,108,37,240
3637,47,128,37,240
3638,51,113,37,240
3639,49,113,37,240
3640,56,131,37,240
3641,52,117,37,240
3642,43,112,37,240
3643,42,104,37,240
3644,62,129,37,240
3645,37,98,37,240
3646,53,110,37,240
3647,49,121,37,240
3648,58,117,37,240
3649,43,117,37,240
3650,44,118,37,240
3651,54,117,37,240
3652,52,106,37,240
3653,60,140,37,240
3654,61,139,37,240
3655,51,132,37,240
3656,58,126,37,240
3657,39,93,37,240
3658,43,108,37,240
3659,61,132,37,240
3660,46,106,37,240
3661,51,106,37,240
3662,48,97,37,240
3663,38,99,37,240
3664,63,139,37,240
3665,40,98,37,240
3666,58,119,37,240
3667,50,102,37,240
3668,57,135,37,240
3669,53,123,37,240
3670,46,91,37,240
3671,44,113,37,240
3672,43,89,37,240
3673,58,132,37,240
3674,36,100,37,240
3675,49,102,37,240
3676,56,119,37,240
3677,51,125,37,240
3678,45,111,37,240
3679,58,116,37,240
3680,62,123,37,240
3681,44,120,37,240
3682,50,120,37,240
3683,43,105,37,240
3684,39,111,37,240
3685,56,110,37,240
3686,42,106,37,240
3687,46,106,37,240
3688,53,127,37,240
3689,50,123,37,240
3690,36,103,37,240
3691,39,95,37,240
3692,47,117,37,240
3693,39,98,37,240
3694,57,138,37,240
3695,51,125,37,240
3696,52,125,37,240
3697,47,127,37,240
3698,51,127,37,240
3699,47,114,37,240
3700,67,145,37,240
3701,55,136,38,254
3702,49,118,38,254
3703,61,150,38,254
3704,57,150,38,254
3705,45,120,38,254
3706,46,132,38,254
3707,59,145,38,254
3708,57,132,38,254
3709,63,160,38,254
3710,54,143,38,254
3711,57,140,38,254
3712,48,120,38,254
3713,56,144,38,254
3714,65,144,38,254
3715,56,128,38,254
3716,57,134,38,254
3717,61,129,38,254
3718,56,121,38,254
3719,63,151,38,254
3720,60,144,38,254
3721,56,126,38,254
3722,47,127,38,254
3723,56,135,38,254
3724,48,143,38,254
3725,63,150,38,254
3726,54,103,38,254
3727,56,137,38,254
3728,52,139,38,254
3729,64,137,38,254
3730,58,140,38,254
3731,63,137,38,254
3732,61,134,38,254
3733,56,135,38,254
3734,53,151,38,254
3735,57,125,38,254
3736,73,152,38,254
3737,42,121,38,254
3738,69,128,38,254
3739,64,129,38,254
3740,50,118,38,254
3741,65,150,38,254
3742,60,132,38,254
3743,44,109,38,254
3744,62,151,38,254
3745,59,152,38,254
3746,59,143,38,254
3747,50,125,38,254
3748,44,119,38,254
3749,50,117,38,254
3750,47,147,38,254
3751,49,123,38,254
3752,62,129,38,254
3753,54,144,38,254
3754,56,147,38,254
3755,66,140,38,254
3756,59,125,38,254
3757,55,129,38,254
3758,69,158,38,254
3759,59,120,38,254
3760,56,137,38,254
3761,70,139,38,254
3762,58,132,38,254
3763,56,133,38,254
3764,55,109,38,254
3765,54,125,38,254
3766,50,134,38,254
3767,48,148,38,254
3768,65,139,38,254
3769,56,129,38,254
3770,65,139,38,254
3771,56,142,38,254
3772,50,135,38,254
3773,63,131,38,254
3774,55,142,38,254
3775,55,134,38,254
3776,57,131,38,254
3777,56,138,38,254
3778,57,142,38,254
3779,56,136,38,254
3780,59,146,38,254
3781,47,139,38,254
3782,54,135,38,254
3783,51,139,38,254
3784,57,150,38,254
3785,42,133,38,254
3786,68,141,38,254
3787,60,140,38,254
3788,69,138,38,254
3789,57,135,38,254
3790,52,133,38,254
3791,56,152,38,254
3792,64,127,38,254
3793,54,129,38,254
3794,49,119,38,254
3795,56,137,38,254
3796,60,139,38,254
3797,45,122,38,254
3798,66,133,38,254
3799,60,126,38,254
3800,57,136,38,254
3801,47,125,39,255
3802,40,102,39,255
3803,46,136,39,255
3804,44,125,39,255
3805,52,135,39,255
3806,52,114,39,255
3807,41,106,39,255
3808,44,128,39,255
3809,54,155,39,255
3810,55,150,39,255
3811,49,126,39,255
3812,48,119,39,255
3813,53,138,39,255
3814,43,115,39,255
3815,45,126,39,255
3816,45,132,39,255
3817,48,126,39,255
3818,52,135,39,255
3819,49,114,39,255
3820,47,130,39,255
3821,38,112,39,255
3822,50,134,39,255
3823,57,155,39,255
3824,46,123,39,255
3825,47,124,39,255
3826,57,147,39,255
3827,46,132,39,255
3828,45,119,39,255
3829,36,121,39,255
3830,43,124,39,255
3831,45,135,39,255
3832,64,134,39,255
3833,65,145,39,255
3834,57,155,39,255
3835,39,124,39,255
3836,41,121,39,255
3837,37,105,39,255
3838,41,115,39,255
3839,37,105,39,255
3840,39,127,39,255
3841,44,122,39,255
3842,45,126,39,255
3843,56,131,39,255
3844,46,126,39,255
3845,43,135,39,255
3846,54,135,39,255
3847,49,126,39,255
3848,54,145,39,255
3849,55,138,39,255
3850,58,149,39,255
3851,54,138,39,255
3852,51,142,39,255
3853,42,145,39,255
3854,58,142,39,255
3855,45,122,39,255
3856,55,141,39,255
3857,50,151,39,255
3858,56,146,39,255
3859,48,114,39,255
3860,62,148,39,255
3861,54,127,39,255
3862,53,145,39,255
3863,44,123,39,255
3864,57,139,39,255
3865,51,138,39,255
3866,48,139,39,255
3867,55,150,39,255
3868,41,117,39,255
3869,56,137,39,255
3870,46,115,39,255
3871,57,139,39,255
3872,57,138,39,255
3873,57,150,39,255
3874,52,143,39,255
3875,39,115,39,255
3876,46,115,39,255
3877,47,123,39,255
3878,36,111,39,255
3879,40,114,39,255
3880,43,131,39,255
3881,46,121,39,255
3882,47,122,39,255
3883,32,99,39,255
3884,53,148,39,255
3885,62,134,39,255
3886,48,134,39,255
3887,37,122,39,255
3888,44,132,39,255
3889,48,140,39,255
3890,55,147,39,255
3891,54,133,39,255
3892,50,132,39,255
3893,57,146,39,255
3894,56,124,39,255
3895,55,149,39,255
3896,42,131,39,255
3897,51,139,39,255
3898,53,131,39,255
3899,58,140,39,255
3900,55,136,39,255
3901,50,155,40,266
3902,50,131,40,266
3903,41,123,40,266
3904,41,140,40,266
3905,45,132,40,266
3906,38,137,40,266
3907,37,112,40,266
3908,59,151,40,266
3909,45,123,40,266
3910,38,112,40,266
3911,47,123,40,266
3912,38,141,40,266
3913,53,160,40,266
3914,44,122,40,266
3915,50,131,40,266
3916,54,141,40,266
3917,50,131,40,266
3918,50,134,40,266
3919,59,158,40,266
3920,40,116,40,266
3921,56,135,40,266
3922,43,125,40,266
3923,58,141,40,266
3924,39,109,40,266
3925,37,119,40,266
3926,52,135,40,266
3927,36,126,40,266
3928,49,143,40,266
3929,52,124,40,266
3930,34,102,40,266
3931,53,149,40,266
3932,38,114,40,266
3933,42,128,40,266
3934,57,151,40,266
3935,45,130,40,266
3936,51,128,40,266
3937,37,131,40,266
3938,49,120,40,266
3939,45,126,40,266
3940,53,126,40,266
3941,56,141,40,266
3942,49,133,40,266
3943,61,172,40,266
3944,46,141,40,266
3945,37,132,40,266
3946,50,138,40,266
3947,58,157,40,266
3948,56,130,40,266
3949,41,127,40,266
3950,50,129,40,266
3951,53,142,40,266
3952,51,146,40,266
3953,44,147,40,266
3954,47,138,40,266
3955,54,147,40,266
3956,47,133,40,266
3957,63,151,40,266
3958,52,124,40,266
3959,58,138,40,266
3960,53,154,40,266
3961,37,126,40,266
3962,53,133,40,266
3963,43,133,40,266
3964,50,118,40,266
3965,42,127,40,266
3966,43,115,40,266
3967,47,120,40,266
3968,42,138,40,266
3969,43,134,40,266
3970,52,155,40,266
3971,44,119,40,266
3972,57,139,40,266
3973,55,139,40,266
3974,43,134,40,266
3975,40,126,40,266
3976,50,126,40,266
3977,49,118,40,266
3978,50,140,40,266
3979,47,124,40,266
3980,56,141,40,266
3981,47,135,40,266
3982,37,125,40,266
3983,53,133,40,266
3984,33,106,40,266
3985,49,148,40,266
3986,48,138,40,266
3987,47,127,40,266
3988,49,124,40,266
3989,59,148,40,266
3990,45,128,40,266
3991,37,111,40,266
3992,57,143,40,266
3993,42,136,40,266
3994,35,95,40,266
3995,41,118,40,266
3996,53,143,40,266
3997,39,105,40,266
3998,55,137,40,266
3999,53,130,40,266
4000,46,141,40,266
4001,46,113,41,257
4002,53,127,41,257
4003,59,137,41,257
4004,61,132,41,257
4005,58,118,41,257
4006,55,116,41,257
4007,56,128,41,257
4008,41,143,41,257
4009,59,145,41,257
4010,67,128,41,257
4011,43,101,41,257
4012,48,132,41,257
4013,59,133,41,257
4014,50,124,41,257
4015,51,118,41,257
4016,54,134,41,257
4017,57,136,41,257
4018,58,134,41,257
4019,53,123,41,257
4020,68,133,41,257
4021,46,120,41,257
4022,67,139,41,257
4023,44,106,41,257
4024,52,131,41,257
4025,55,143,41,257
4026,64,134,41,257
4027,46,122,41,257
4028,43,123,41,257
4029,49,118,41,257
4030,39,134,41,257
4031,52,139,41,257
4032,45,118,41,257
4033,56,109,41,257
4034,53,141,41,257
4035,40,98,41,257
4036,48,112,41,257
4037,58,124,41,257
4038,61,140,41,257
4039,57,136,41,257
4040,46,121,41,257
4041,48,108,41,257
4042,54,130,41,257
4043,52,123,41,257
4044,63,152,41,257
4045,61,130,41,257
4046,51,130,41,257
4047,52,139,41,257
4048,52,114,41,257
4049,46,113,41,257
4050,57,133,41,257
4051,51,110,41,257
4052,51,136,41,257
4053,53,118,41,257
4054,54,127,41,257
4055,61,142,41,257
4056,42,116,41,257
4057,40,123,41,257
4058,62,135,41,257
4059,53,125,41,257
4060,54,121,41,257
4061,58,135,41,257
4062,58,141,41,257
4063,62,150,41,257
4064,55,120,41,257
4065,49,120,41,257
4066,61,123,41,257
4067,58,143,41,257
4068,62,131,41,257
4069,67,132,41,257
4070,46,112,41,257
4071,40,111,41,257
4072,49,127,41,257
4073,49,128,41,257
4074,57,149,41,257
4075,53,114,41,257
4076,63,132,41,257
4077,52,118,41,257
4078,45,108,41,257
4079,47,125,41,257
4080,56,126,41,257
4081,65,127,41,257
4082,51,121,41,257
4083,50,111,41,257
4084,37,104,41,257
4085,53,133,41,257
4086,61,138,41,257
4087,46,118,41,257
4088,45,119,41,257
4089,48,118,41,257
4090,50,136,41,257
4091,64,142,41,257
4092,45,117,41,257
4093,52,115,41,257
4094,57,127,41,257
4095,62,136,41,257
4096,52,107,41,257
4097,62,138,41,257
4098,44,121,41,257
4099,56,150,41,257
4100,61,129,41,257
4101,60,145,42,166
4102,47,120,42,166
4103,53,146,42,166
4104,55,132,42,166
4105,54,136,42,166
4106,50,130,42,166
4107,61,142,42,166
4108,50,126,42,166
4109,65,149,42,166
4110,50,132,42,166
4111,60,137,42,166
4112,67,153,42,166
4113,41,109,42,166
4114,49,129,42,166
4115,50,134,42,166
4116,55,124,42,166
4117,49,137,42,166
4118,32,126,42,166
4119,34,113,42,166
4120,60,139,42,166
4121,49,116,42,166
4122,38,123,42,166
4123,50,120,42,166
4124,59,137,42,166
4125,64,148,42,166
4126,48,141,42,166
4127,49,132,42,166
4128,38,127,42,166
4129,54,131,42,166
4130,46,122,42,166
4131,54,131,42,166
4132,56,127,42,166
4133,58,141,42,166
4134,46,125,42,166
4135,54,118,42,166
4136,39,117,42,166
4137,45,132,42,166
4138,45,111,42,166
4139,34,107,42,166
4140,51,119,42,166
4141,52,127,42,166
4142,48,136,42,166
4143,56,134,42,166
4144,46,134,42,166
4145,41,120,42,166
4146,54,131,42,166
4147,45,119,42,166
4148,61,149,42,166
4149,48,110,42,166
4150,55,139,42,166
4151,53,150,42,166
4152,45,131,42,166
4153,62,134,42,166
4154,55,143,42,166
4155,51,133,42,166
4156,53,127,42,166
4157,55,120,42,166
4158,51,137,42,166
4159,30,90,42,166
4160,53,140,42,166
4161,48,128,42,166
4162,52,125,42,166
4163,55,141,42,166
4164,61,134,42,166
4165,46,129,42,166
4166,60,143,42,166
4167,53,124,42,166
4168,58,123,42,166
4169,57,135,42,166
4170,56,163,42,166
4171,43,125,42,166
4172,50,144,42,166
4173,55,156,42,166
4174,44,120,42,166
4175,47,127,42,166
4176,55,125,42,166
4177,56,149,42,166
4178,54,131,42,166
4179,45,125,42,166
4180,43,138,42,166
4181,61,143,42,166
4182,53,123,42,166
4183,51,135,42,166
4184,50,118,42,166
4185,42,111,42,166
4186,55,145,42,166
4187,49,134,42,166
4188,49,132,42,166
4189,57,131,42,166
4190,56,142,42,166
4191,60,152,42,166
4192,47,114,42,166
4193,55,142,42,166
4194,60,144,42,166
4195,43,113,42,166
4196,45,134,42,166
4197,43,134,42,166
4198,41,120,42,166
4199,51,125,42,166
4200,55,139,42,166
4201,46,122,43,236
4202,35,121,43,236
4203,43,124,43,236
4204,49,122,43,236
4205,40,106,43,236
4206,44,109,43,236
4207,49,114,43,236
4208,46,123,43,236
4209,41,120,43,236
4210,33,94,43,236
4211,59,137,43,236
4212,39,114,43,236
4213,44,111,43,236
4214,54,140,43,236
4215,50,137,43,236
4216,61,131,43,236
4217,56,127,43,236
4218,35,96,43,236
4219,48,131,43,236
4220,41,106,43,236
4221,45,113,43,236
4222,51,120,43,236
4223,44,119,43,236
4224,46,118,43,236
4225,50,129,43,236
4226,44,119,43,236
4227,36,108,43,236
4228,46,133,43,236
4229,41,113,43,236
4230,41,128,43,236
4231,58,123,43,236
4232,49,140,43,236
4233,45,113,43,236
4234,58,135,43,236
4235,38,114,43,236
4236,46,117,43,236
4237,54,127,43,236
4238,57,123,43,236
4239,52,142,43,236
4240,48,125,43,236
4241,59,143,43,236
4242,43,112,43,236
4243,40,123,43,236
4244,50,125,43,236
4245,41,117,43,236
4246,50,122,43,236
4247,49,119,43,236
4248,44,137,43,236
4249,43,124,43,236
4250,46,128,43,236
4251,48,122,43,236
4252,49,131,43,236
4253,45,121,43,236
4254,48,119,43,236
4255,38,108,43,236
4256,32,107,43,236
4257,43,100,43,236
4258,46,112,43,236
4259,39,105,43,236
4260,54,133,43,236
4261,45,133,43,236
4262,46,113,43,236
4263,46,122,43,236
4264,50,122,43,236
4265,52,129,43,236
4266,38,117,43,236
4267,37,117,43,236
4268,48,120,43,236
4269,39,99,43,236
4270,50,122,43,236
4271,53,116,43,236
4272,50,143,43,236
4273,48,128,43,236
4274,44,112,43,236
4275,48,125,43,236
4276,58,130,43,236
4277,47,124,43,236
4278,37,106,43,236
4279,47,131,43,236
4280,51,123,43,236
4281,46,134,43,236
4282,42,121,43,236
4283,38,110,43,236
4284,32,83,43,236
4285,52,132,43,236
4286,54,127,43,236
4287,58,150,43,236
4288,50,115,43,236
4289,35,99,43,236
4290,41,122,43,236
4291,55,128,43,236
4292,58,144,43,236
4293,47,129,43,236
4294,50,126,43,236
4295,42,103,43,236
4296,44,130,43,236
4297,44,121,43,236
4298,61,142,43,236
4299,46,130,43,236
4300,65,134,43,236
4301,54,148,44,173
4302,50,119,44,173
4303,37,117,44,173
4304,49,126,44,173
4305,41,122,44,173
4306,40,135,44,173
4307,56,131,44,173
4308,49,134,44,173
4309,39,106,44,173
4310,44,143,44,173
4311,52,137,44,173
4312,48,138,44,173
4313,45,122,44,173
4314,45,117,44,173
4315,47,130,44,173
4316,51,127,44,173
4317,61,130,44,173
4318,40,136,44,173
4319,71,144,44,173
4320,58,131,44,173
4321,50,131,44,173
4322,53,126,44,173
4323,43,116,44,173
4324,45,145,44,173
4325,50,154,44,173
4326,34,128,44,173
4327,46,113,44,173
4328,58,138,44,173
4329,60,136,44,173
4330,51,120,44,173
4331,49,123,44,173
4332,61,141,44,173
4333,60,139,44,173
4334,40,126,44,173
4335,51,131,44,173
4336,55,139,44,173
4337,51,132,44,173
4338,51,140,44,173
4339,49,128,44,173
4340,48,131,44,173
4341,49,136,44,173
4342,47,124,44,173
4343,49,123,44,173
4344,57,129,44,173
4345,67,140,44,173
4346,46,128,44,173
4347,48,115,44,173
4348,46,128,44,173
4349,63,142,44,173
4350,43,133,44,173
4351,31,120,44,173
4352,52,129,44,173
4353,34,120,44,173
4354,40,120,44,173
4355,61,139,44,173
4356,58,145,44,173
4357,54,135,44,173
4358,34,124,44,173
4359,46,116,44,173
4360,37,138,44,173
4361,57,140,44,173
4362,45,127,44,173
4363,32,133,44,173
4364,55,134,44,173
4365,60,150,44,173
4366,45,116,44,173
4367,48,135,44,173
4368,51,137,44,173
4369,46,144,44,173
4370,58,144,44,173
4371,53,144,44,173
4372,40,128,44,173
4373,42,127,44,173
4374,50,141,44,173
4375,55,139,44,173
4376,45,144,44,173
4377,47,133,44,173
4378,46,122,44,173
4379,38,116,44,173
4380,57,132,44,173
4381,51,116,44,173
4382,52,134,44,173
4383,27,128,44,173
4384,43,144,44,173
4385,55,140,44,173
4386,54,134,44,173
4387,44,141,44,173
4388,45,119,44,173
4389,53,126,44,173
4390,52,130,44,173
4391,58,143,44,173
4392,61,151,44,173
4393,44,132,44,173
4394,51,149,44,173
4395,44,125,44,173
4396,49,125,44,173
4397,39,118,44,173
4398,48,126,44,173
4399,54,140,44,173
4400,47,121,44,173
4401,55,124,45,181
4402,48,117,45,181
4403,50,126,45,181
4404,47,125,45,181
4405,46,135,45,181
4406,50,110,45,181
4407,49,120,45,181
4408,51,128,45,181
4409,65,139,45,181
4410,51,138,45,181
4411,45,123,45,181
4412,54,132,45,181
4413,61,132,45,181
4414,64,136,45,181
4415,55,137,45,181
4416,51,129,45,181
4417,52,119,45,181
4418,51,107,45,181
4419,79,160,45,181
4420,41,120,45,181
4421,45,130,45,181
4422,54,126,45,181
4423,51,131,45,181
4424,50,139,45,181
4425,49,140,45,181
4426,52,113,45,181
4427,46,118,45,181
4428,54,138,45,181
4429,63,144,45,181
4430,54,130,45,181
4431,54,126,45,181
4432,47,121,45,181
4433,46,125,45,181
4434,55,120,45,181
4435,47,130,45,181
4436,56,136,45,181
4437,72,141,45,181
4438,43,108,45,181
4439,66,146,45,181
4440,54,128,45,181
4441,47,111,45,181
4442,42,115,45,181
4443,54,128,45,181
4444,56,138,45,181
4445,58,137,45,181
4446,54,121,45,181
4447,61,130,45,181
4448,50,137,45,181
4449,61,151,45,181
4450,62,124,45,181
4451,60,124,45,181
4452,54,131,45,181
4453,53,117,45,181
4454,42,117,45,181
4455,53,124,45,181
4456,68,142,45,181
4457,52,130,45,181
4458,62,142,45,181
4459,55,132,45,181
4460,47,131,45,181
4461,52,114,45,181
4462,37,117,45,181
4463,67,158,45,181
4464,52,122,45,181
4465,51,126,45,181
4466,55,113,45,181
4467,46,131,45,181
4468,49,119,45,181
4469,46,114,45,181
4470,41,123,45,181
4471,55,146,45,181
4472,60,139,45,181
4473,61,133,45,181
4474,60,133,45,181
4475,54,123,45,181
4476,60,116,45,181
4477,60,137,45,181
4478,48,122,45,181
4479,43,135,45,181
4480,40,124,45,181
4481,57,131,45,181
4482,38,109,45,181
4483,46,141,45,181
4484,57,144,45,181
4485,50,128,45,181
4486,78,141,45,181
4487,55,124,45,181
4488,44,104,45,181
4489,54,113,45,181
4490,43,123,45,181
4491,59,129,45,181
4492,48,140,45,181
4493,42,120,45,181
4494,55,139,45,181
4495,57,138,45,181
4496,61,141,45,181
4497,55,117,45,181
4498,46,112,45,181
4499,69,163,45,181
4500,48,127,45,181
4501,44,120,46,182
4502,52,127,46,182
4503,45,114,46,182
4504,59,136,46,182
4505,58,128,46,182
4506,46,116,46,182
4507,53,128,46,182
4508,55,144,46,182
4509,62,137,46,182
4510,52,125,46,182
4511,55,145,46,182
4512,66,138,46,182
4513,37,112,46,182
4514,48,121,46,182
4515,49,133,46,182
4516,44,112,46,182
4517,51,139,46,182
4518,54,137,46,182
4519,47,118,46,182
4520,53,122,46,182
4521,47,135,46,182
4522,45,124,46,182
4523,50,123,46,182
4524,61,137,46,182
4525,48,118,46,182
4526,44,128,46,182
4527,47,122,46,182
4528,53,138,46,182
4529,40,111,46,182
4530,55,129,46,182
4531,45,135,46,182
4532,52,137,46,182
4533,47,135,46,182
4534,47,134,46,182
4535,57,143,46,182
4536,33,124,46,182
4537,64,147,46,182
4538,48,123,46,182
4539,45,107,46,182
4540,65,145,46,182
4541,55,134,46,182
4542,55,130,46,182
4543,41,112,46,182
4544,49,128,46,182
4545,60,143,46,182
4546,48,115,46,182
4547,59,136,46,182
4548,35,103,46,182
4549,51,118,46,182
4550,45,116,46,182
4551,55,139,46,182
4552,49,138,46,182
4553,46,124,46,182
4554,53,132,46,182
4555,54,134,46,182
4556,47,112,46,182
4557,55,151,46,182
4558,47,117,46,182
4559,54,129,46,182
4560,46,125,46,182
4561,52,131,46,182
4562,54,125,46,182
4563,66,139,46,182
4564,46,111,46,182
4565,51,127,46,182
4566,66,139,46,182
4567,60,149,46,182
4568,52,152,46,182
4569,51,137,46,182
4570,50,125,46,182
4571,47,138,46,182
4572,45,107,46,182
4573,54,133,46,182
4574,48,145,46,182
4575,43,130,46,182
4576,46,125,46,182
4577,46,104,46,182
4578,41,133,46,182
4579,54,142,46,182
4580,42,130,46,182
4581,54,142,46,182
4582,52,143,46,182
4583,43,117,46,182
4584,47,133,46,182
4585,55,147,46,182
4586,36,114,46,182
4587,41,103,46,182
4588,44,116,46,182
4589,51,125,46,182
4590,53,120,46,182
4591,40,120,46,182
4592,51,145,46,182
4593,56,153,46,182
4594,53,119,46,182
4595,53,126,46,182
4596,47,135,46,182
4597,54,131,46,182
4598,55,132,46,182
4599,43,123,46,182
4600,53,131,46,182
4601,63,138,47,204
4602,54,128,47,204
4603,50,132,47,204
4604,47,121,47,204
4605,50,128,47,204
4606,41,112,47,204
4607,42,132,47,204
4608,49,124,47,204
4609,47,118,47,204
4610,39,114,47,204
4611,43,124,47,204
4612,49,119,47,204
4613,53,127,47,204
4614,36,100,47,204
4615,50,103,47,204
4616,54,143,47,204
4617,49,129,47,204
4618,58,121,47,204
4619,44,112,47,204
4620,49,129,47,204
4621,38,110,47,204
4622,51,130,47,204
4623,47,118,47,204
4624,52,135,47,204
4625,47,114,47,204
4626,43,113,47,204
4627,38,117,47,204
4628,33,108,47,204
4629,35,126,47,204
4630,49,118,47,204
4631,52,139,47,204
4632,50,107,47,204
4633,41,88,47,204
4634,55,136,47,204
4635,55,126,47,204
4636,49,114,47,204
4637,44,114,47,204
4638,51,128,47,204
4639,53,132,47,204
4640,53,135,47,204
4641,50,131,47,204
4642,48,113,47,204
4643,48,133,47,204
4644,56,130,47,204
4645,46,119,47,204
4646,43,101,47,204
4647,55,123,47,204
4648,47,103,47,204
4649,56,145,47,204
4650,54,128,47,204
4651,56,129,47,204
4652,61,127,47,204
4653,63,141,47,204
4654,42,100,47,204
4655,36,106,47,204
4656,56,135,47,204
4657,43,129,47,204
4658,45,116,47,204
4659,46,109,47,204
4660,47,111,47,204
4661,49,129,47,204
4662,50,130,47,204
4663,61,132,47,204
4664,58,131,47,204
4665,48,135,47,204
4666,60,111,47,204
4667,58,133,47,204
4668,59,146,47,204
4669,42,121,47,204
4670,56,140,47,204
4671,58,128,47,204
4672,54,125,47,204
4673,57,136,47,204
4674,64,144,47,204
4675,51,115,47,204
4676,43,115,47,204
4677,55,135,47,204
4678,53,129,47,204
4679,41,118,47,204
4680,44,122,47,204
4681,56,139,47,204
4682,50,113,47,204
4683,46,113,47,204
4684,43,117,47,204
4685,56,118,47,204
4686,35,113,47,204
4687,50,117,47,204
4688,43,129,47,204
4689,50,130,47,204
4690,49,126,47,204
4691,57,124,47,204
4692,49,120,47,204
4693,58,133,47,204
4694,40,115,47,204
4695,56,134,47,204
4696,46,124,47,204
4697,43,125,47,204
4698,49,122,47,204
4699,59,144,47,204
4700,49,106,47,204
4701,55,134,48,207
4702,34,119,48,207
4703,49,113,48,207
4704,68,157,48,207
4705,59,143,48,207
4706,57,128,48,207
4707,63,151,48,207
4708,55,154,48,207
4709,57,153,48,207
4710,51,128,48,207
4711,52,133,48,207
4712,70,174,48,207
4713,60,126,48,207
4714,53,143,48,207
4715,66,148,48,207
4716,34,110,48,207
4717,48,126,48,207
4718,52,139,48,207
4719,58,146,48,207
4720,54,133,48,207
4721,58,159,48,207
4722,54,136,48,207
4723,58,138,48,207
4724,54,127,48,207
4725,58,146,48,207
4726,59,147,48,207
4727,62,142,48,207
4728,42,129,48,207
4729,59,141,48,207
4730,58,144,48,207
4731,55,132,48,207
4732,50,112,48,207
4733,63,162,48,207
4734,57,131,48,207
4735,54,124,48,207
4736,45,132,48,207
4737,48,123,48,207
4738,51,138,48,207
4739,43,107,48,207
4740,50,149,48,207
4741,57,129,48,207
4742,52,128,48,207
4743,46,120,48,207
4744,55,126,48,207
4745,53,138,48,207
4746,45,133,48,207
4747,56,119,48,207
4748,61,147,48,207
4749,59,129,48,207
4750,40,116,48,207
4751,52,140,48,207
4752,50,114,48,207
4753,49,132,48,207
4754,62,132,48,207
4755,50,130,48,207
4756,54,139,48,207
4757,47,147,48,207
4758,59,166,48,207
4759,63,148,48,207
4760,52,135,48,207
4761,54,130,48,207
4762,51,142,48,207
4763,53,137,48,207
4764,68,152,48,207
4765,46,116,48,207
4766,56,144,48,207
4767,46,120,48,207
4768,47,129,48,207
4769,51,128,48,207
4770,51,130,48,207
4771,49,121,48,207
4772,53,134,48,207
4773,49,124,48,207
4774,67,167,48,207
4775,44,122,48,207
4776,46,121,48,207
4777,48,108,48,207
4778,55,128,48,207
4779,63,151,48,207
4780,47,138,48,207
4781,50,124,48,207
4782,61,143,48,207
4783,60,140,48,207
4784,56,158,48,207
4785,49,104,48,207
4786,51,135,48,207
4787,53,121,48,207
4788,45,132,48,207
4789,60,140,48,207
4790,55,137,48,207
4791,58,151,48,207
4792,65,151,48,207
4793,57,145,48,207
4794,48,138,48,207
4795,61,169,48,207
4796,54,133,48,207
4797,60,140,48,207
4798,51,123,48,207
4799,57,146,48,207
4800,54,129,48,207
4801,45,122,49,333
4802,43,109,49,333
4803,36,116,49,333
4804,43,128,49,333
4805,48,126,49,333
4806,43,126,49,333
4807,39,107,49,333
4808,63,147,49,333
4809,50,121,49,333
4810,47,122,49,333
4811,44,105,49,333
4812,47,114,49,333
4813,39,127,49,333
4814,55,118,49,333
4815,59,131,49,333
4816,51,117,49,333
4817,38,109,49,333
4818,37,117,49,333
4819,56,117,49,333
4820,49,123,49,333
4821,48,130,49,333
4822,42,101,49,333
4823,54,115,49,333
4824,62,139,49,333
4825,62,151,49,333
4826,66,144,49,333
4827,46,118,49,333
4828,52,129,49,333
4829,55,120,49,333
4830,56,122,49,333
4831,45,119,49,333
4832,29,102,49,333
4833,50,113,49,333
4834,44,126,49,333
4835,43,124,49,333
4836,34,110,49,333
4837,47,130,49,333
4838,46,130,49,333
4839,41,106,49,333
4840,47,126,49,333
4841,32,102,49,333
4842,48,133,49,333
4843,29,113,49,333
4844,51,135,49,333
4845,50,132,49,333
4846,53,129,49,333
4847,59,132,49,333
4848,47,132,49,333
4849,44,132,49,333
4850,43,126,49,333
4851,45,110,49,333
4852,42,105,49,333
4853,47,126,49,333
4854,46,108,49,333
4855,51,131,49,333
4856,40,104,49,333
4857,47,123,49,333
4858,53,113,49,333
4859,30,110,49,333
4860,44,129,49,333
4861,44,132,49,333
4862,34,111,49,333
4863,52,112,49,333
4864,38,110,49,333
4865,34,108,49,333
4866,38,119,49,333
4867,58,135,49,333
4868,39,109,49,333
4869,55,132,49,333
4870,48,126,49,333
4871,55,132,49,333
4872,48,107,49,333
4873,48,124,49,333
4874,40,112,49,333
4875,47,124,49,333
4876,47,118,49,333
4877,42,127,49,333
4878,54,117,49,333
4879,61,124,49,333
4880,46,109,49,333
4881,49,134,49,333
4882,46,134,49,333
4883,60,147,49,333
4884,49,123,49,333
4885,43,119,49,333
4886,52,151,49,333
4887,50,131,49,333
4888,47,126,49,333
4889,51,133,49,333
4890,42,109,49,333
4891,40,103,49,333
4892,56,124,49,333
4893,47,120,49,333
4894,45,137,49,333
4895,37,103,49,333
4896,39,122,49,333
4897,45,113,49,333
4898,49,137,49,333
4899,55,142,49,333
4900,45,118,49,333
4901,50,123,50,242
4902,40,114,50,242
4903,47,121,50,242
4904,50,107,50,242
4905,34,131,50,242
4906,44,128,50,242
4907,49,129,50,242
4908,42,137,50,242
4909,53,141,50,242
4910,36,121,50,242
4911,48,143,50,242
4912,50,119,50,242
4913,43,123,50,242
4914,48,102,50,242
4915,43,118,50,242
4916,44,139,50,242
4917,45,120,50,242
4918,41,133,50,242
4919,38,127,50,242
4920,44,116,50,242
4921,44,120,50,242
4922,42,114,50,242
4923,35,116,50,242
4924,58,143,50,242
4925,50,132,50,242
4926,65,140,50,242
4927,49,129,50,242
4928,44,121,50,242
4929,50,131,50,242
4930,46,134,50,242
4931,48,137,50,242
4932,40,119,50,242
4933,38,128,50,242
4934,50,128,50,242
4935,39,121,50,242
4936,46,121,50,242
4937,49,126,50,242
4938,59,147,50,242
4939,49,121,50,242
4940,49,138,50,242
4941,47,125,50,242
4942,43,110,50,242
4943,47,127,50,242
4944,26,108,50,242
4945,47,124,50,242
4946,50,140,50,242
4947,53,137,50,242
4948,35,110,50,242
4949,36,108,50,242
4950,43,113,50,242
4951,46,127,50,242
4952,49,119,50,242
4953,33,98,50,242
4954,30,115,50,242
4955,53,146,50,242
4956,54,149,50,242
4957,40,117,50,242
4958,37,126,50,242
4959,37,114,50,242
4960,45,124,50,242
4961,49,124,50,242
4962,47,148,50,242
4963,47,128,50,242
4964,42,111,50,242
4965,36,128,50,242
4966,44,134,50,242
4967,52,145,50,242
4968,37,107,50,242
4969,47,127,50,242
4970,40,115,50,242
4971,47,134,50,242
4972,42,118,50,242
4973,35,117,50,242
4974,50,136,50,242
4975,47,113,50,242
4976,41,117,50,242
4977,44,104,50,242
4978,53,148,50,242
4979,39,110,50,242
4980,49,141,50,242
4981,39,122,50,242
4982,54,140,50,242
4983,50,134,50,242
4984,44,118,50,242
4985,54,138,50,242
4986,52,115,50,242
4987,43,130,50,242
4988,46,135,50,242
4989,32,121,50,242
4990,46,131,50,242
4991,55,143,50,242
4992,55,161,50,242
4993,49,126,50,242
4994,60,140,50,242
4995,46,128,50,242
4996,57,147,50,242
4997,44,129,50,242
4998,48,135,50,242
4999,38,116,50,242
5000,59,139,50,242
