"y","price","disp","k"
0,0.914286985062063,0,2
0,0.952436117106117,1,3
0,0.95548651588615,0,1
1,0.782342576887459,0,3
0,0.712705015786923,0,1
1,0.892511278856546,0,1
0,0.784496271284297,0,1
1,0.528737253160216,0,2
1,0.680465977406129,1,3
1,0.826419573510066,1,3
0,0.977457790169865,1,2
0,0.913620128412731,1,2
0,0.603617278975435,1,1
0,0.816210752818733,0,2
0,0.71380072820466,0,1
0,0.675390889169648,0,2
0,0.543075388530269,1,1
0,0.661847321665846,0,1
0,0.636223432957195,1,3
1,0.638149462873116,1,2
1,0.634028597734869,1,2
1,0.62042299285531,1,3
1,0.556887067737989,0,1
1,0.530155571876094,1,2
0,0.919444463448599,0,1
0,0.858326574205421,1,1
1,0.953062650747597,0,2
1,0.944693845347501,1,3
0,0.888859361875802,1,1
0,0.903500508400612,1,1
1,0.541678426554427,0,1
0,0.659958298550919,1,2
0,0.898824210045859,1,1
1,0.662452465854585,1,3
0,0.668690578080714,0,1
1,0.718485559453256,1,3
0,0.826038225437514,1,1
0,0.544257280766033,0,1
0,0.778223914443515,0,2
1,0.679912711610086,0,3
1,0.909554592566565,1,3
0,0.697345104068518,0,2
1,0.556648734025657,1,1
1,0.615924650337547,0,3
0,0.738115622662008,0,1
1,0.752074798103422,1,2
1,0.675782119273208,0,1
1,0.648330417461693,1,3
0,0.885445056948811,1,1
1,0.568528644973412,1,2
0,0.787542369216681,0,2
0,0.79320246016141,0,1
1,0.928218950983137,1,3
0,0.819088771473616,1,3
0,0.553108660620637,0,1
0,0.703215942601673,1,2
1,0.605473452014849,0,3
1,0.877826998592354,1,2
1,0.809916713973507,1,2
1,0.71841663424857,1,2
1,0.607467331923544,1,3
0,0.849499154137447,0,2
0,0.841816134052351,1,1
0,0.994012866751291,1,2
0,0.917489797691815,0,1
0,0.683700864668936,0,2
1,0.691449527046643,1,1
0,0.941799340071157,1,3
0,0.615503058186732,1,1
0,0.893501866958104,0,1
0,0.62730700802058,0,1
1,0.504317308077589,1,2
0,0.632246386841871,0,1
1,0.501406257390045,1,1
0,0.629916104488075,1,1
1,0.572016580495983,1,3
1,0.543616630136967,1,3
1,0.638160414411686,1,3
0,0.955650976276956,1,1
0,0.877513767802157,1,1
0,0.62379401200451,1,2
1,0.939438139437698,0,3
0,0.968829734367318,1,2
1,0.71610940922983,0,2
0,0.732071906211786,1,1
0,0.622903628856875,0,1
1,0.738585304701701,0,3
1,0.717344083008356,1,2
0,0.825426681898534,1,3
0,0.719201414729469,0,1
0,0.865318371565081,1,1
1,0.642221320187673,0,3
0,0.744162726216018,0,2
1,0.992002289625816,1,3
0,0.561554117011838,0,1
1,0.676560718915425,1,2
0,0.704356395988725,0,1
1,0.756709976936691,1,2
0,0.612827241769992,1,1
0,0.791352885891683,1,2
1,0.592941007693298,1,3
1,0.576839032582939,1,2
0,0.823498149868101,0,1
1,0.720413854112849,0,2
0,0.941698843380436,0,1
1,0.81809373467695,0,2
0,0.525999272475019,1,1
0,0.987792461062782,1,1
0,0.565339618129656,1,2
0,0.587901392253116,1,1
1,0.61966842203401,0,2
1,0.921023010858335,0,3
0,0.784340763813816,0,2
0,0.770748268230818,0,1
1,0.788474153028801,1,1
0,0.882835834403522,1,2
1,0.61363132414408,1,1
0,0.845620121457614,1,2
1,0.646457746741362,1,1
1,0.792022586450912,0,1
0,0.878875071415678,0,1
0,0.585746507509612,1,1
0,0.890143655007705,1,2
0,0.60027250519488,1,3
0,0.630978091852739,0,2
0,0.96110471105203,0,1
0,0.771503177471459,0,1
0,0.81377776269801,1,2
0,0.681779817328788,0,3
0,0.610927873989567,1,2
1,0.909928901470266,0,3
0,0.690798025229014,0,2
0,0.744015911710449,1,1
0,0.694788167020306,1,1
1,0.680862554465421,1,1
1,0.796990858158097,0,3
1,0.527700118604116,0,2
0,0.865317154442891,1,1
1,0.963931349804625,0,3
0,0.862072056159377,0,1
0,0.920987662044354,1,3
1,0.713472405564971,0,3
0,0.525492632761598,0,1
1,0.693529065232724,0,3
0,0.984475421137176,1,1
1,0.788144031073898,0,2
1,0.706495327758603,0,3
0,0.845090028829873,0,1
0,0.795291376882233,0,1
1,0.52049861534033,1,3
0,0.610821955604479,0,1
1,0.943450456019491,1,3
0,0.661101198638789,0,1
1,0.940582844195887,1,3
0,0.620374396210536,0,1
0,0.57963797240518,0,2
1,0.62802871176973,1,1
1,0.900713567039929,1,3
1,0.961248203762807,1,3
0,0.552902847644873,0,3
0,0.73694339604117,0,1
1,0.740670822560787,1,3
0,0.551462242961861,1,1
0,0.932688549975865,0,2
0,0.798483632272109,1,3
0,0.591185808065347,1,1
0,0.624020637245849,0,1
0,0.721426313044503,0,1
1,0.957788222236559,0,3
0,0.84321714611724,0,2
1,0.646471986663528,1,1
0,0.557840260444209,0,2
0,0.88052039174363,1,2
1,0.636090120417066,0,1
0,0.636335371178575,1,1
0,0.757600986748002,1,1
0,0.927934578852728,0,2
1,0.768844859907404,0,3
0,0.862583106965758,0,1
0,0.505323415854946,1,1
1,0.592796082375571,1,2
0,0.801373881404288,1,3
0,0.774065845063888,0,1
1,0.821912023704499,1,2
1,0.845817775116302,0,1
1,0.800898830289952,0,2
0,0.808548893895932,1,1
1,0.99490949884057,1,3
0,0.713934797677211,1,1
0,0.653574515250511,0,1
0,0.937064351746812,0,1
0,0.676134642446414,0,2
1,0.941789980046451,1,3
0,0.719972159597091,0,1
0,0.543193041346967,1,1
1,0.739276915672235,0,3
0,0.753615888534114,0,2
0,0.835401316406205,0,2
0,0.816331595182419,1,2
0,0.786575042875484,0,2
1,0.559446971630678,1,3
0,0.818411361775361,0,1
1,0.688418100471608,1,3
1,0.600203160312958,0,3
0,0.68583579256665,1,1
1,0.784793204977177,0,3
0,0.616806644480675,0,2
1,0.717064021504484,0,2
0,0.608179373899475,0,2
0,0.772147680283524,0,2
0,0.879320563864894,0,1
1,0.734325389377773,0,2
0,0.556159289903007,1,1
0,0.882765463204123,0,1
1,0.835416173795238,1,3
1,0.960642618243583,1,3
0,0.766556226182729,0,1
0,0.686165478080511,0,1
0,0.790134713053703,1,1
0,0.87421149155125,0,2
0,0.975673774257302,1,1
1,0.644304998219013,0,2
0,0.961386622744612,0,1
1,0.655246286769398,0,3
0,0.890844503766857,0,1
1,0.51669663854409,0,3
0,0.854328492074274,1,2
0,0.943954981165007,0,1
0,0.837813347461633,1,2
0,0.829074801993556,1,2
1,0.599661439890042,1,1
0,0.938505754107609,1,1
0,0.847951041650958,0,2
0,0.705327259609476,0,3
1,0.743452324881218,1,3
1,0.793384373537265,0,1
0,0.584016681881621,1,1
1,0.986469320137985,0,1
1,0.573680390953086,1,3
0,0.835972026456147,1,1
0,0.689395449124277,0,1
1,0.914463723776862,0,3
0,0.798194306902587,0,2
0,0.764560452313162,1,3
0,0.989219130831771,1,1
1,0.912432673736475,1,2
0,0.901871167588979,1,1
1,0.785630664322525,1,2
0,0.756223353906535,1,1
0,0.842307842918672,1,1
1,0.844744846457615,1,1
0,0.978413061471656,0,1
0,0.785160378552973,0,2
1,0.511121084564365,1,2
1,0.591200654860586,0,2
0,0.740158845321275,0,2
0,0.906453868956305,1,1
0,0.986379008623771,0,1
1,0.618515219655819,1,2
0,0.514932510326616,0,1
0,0.974770843866281,0,1
0,0.69657178001944,1,1
0,0.618907086667605,0,1
1,0.679398199310526,0,1
0,0.735709971864708,1,1
1,0.838031800813042,1,3
0,0.658244943013415,0,1
0,0.816206008079462,0,3
0,0.626841236138716,1,1
1,0.795353527530096,1,2
0,0.926463426440023,0,2
0,0.699121572310105,0,1
1,0.619590391987003,1,2
0,0.769556807703339,1,1
1,0.662232551258057,0,3
1,0.693771168473177,1,1
1,0.974006971460767,1,3
0,0.861304772202857,1,1
0,0.795148321660236,0,2
0,0.998018269892782,0,1
1,0.850808346061967,1,3
0,0.782472018385306,0,1
1,0.526363150333054,0,1
1,0.938028075266629,1,3
0,0.540790328988805,0,1
0,0.979679670534097,0,1
1,0.896374040166847,1,3
0,0.936115774209611,0,1
0,0.797122902236879,1,1
1,0.641183505184017,0,2
1,0.522155469865538,1,3
1,0.949266047333367,1,3
1,0.572622092091478,0,2
1,0.717522438033484,0,3
1,0.715234812698327,1,2
0,0.937715866137296,0,1
1,0.702156061888672,0,2
0,0.821269663167186,0,2
0,0.927580783027224,1,2
0,0.786443415097892,1,1
1,0.991977848811075,1,2
0,0.767409630934708,1,1
0,0.788289151969366,0,1
0,0.99330659431871,1,2
1,0.635585959302261,1,3
0,0.655902101425454,1,2
0,0.88592290750239,1,2
1,0.702768496004865,1,3
1,0.772194967139512,1,2
0,0.912065481534228,1,1
0,0.77406020835042,0,2
1,0.688158608740196,1,3
0,0.960609447676688,1,2
0,0.783200299367309,1,1
1,0.712645552353933,1,2
1,0.772244391497225,0,3
1,0.902266336604953,1,1
0,0.783380681881681,1,2
1,0.6692459032638,1,3
1,0.659634436829947,1,3
1,0.889927959884517,1,3
1,0.548856109264307,0,3
0,0.725150084472261,1,2
0,0.759287683409639,0,2
1,0.795276030083187,1,3
0,0.969969822559506,0,3
0,0.871076360694133,0,1
0,0.737925155204721,0,1
1,0.837499915971421,0,1
1,0.677190554444678,1,1
0,0.659712546388619,0,3
0,0.570154862594791,0,1
1,0.764459391473792,1,1
0,0.929831658839248,1,1
1,0.532621547346935,0,2
1,0.70379706856329,0,3
0,0.655917002470233,0,1
0,0.623868883703835,1,2
1,0.981137281283736,1,2
0,0.771030657109804,1,1
1,0.958940606331453,0,3
0,0.655265140114352,0,1
0,0.604894181480631,0,1
1,0.793832013849169,1,3
0,0.994920511846431,0,1
0,0.921313697122969,0,2
0,0.693220152985305,0,1
1,0.973859120160341,0,3
0,0.804693951969966,0,3
1,0.752659768098965,0,3
1,0.528512138989754,0,3
1,0.783100629341789,1,3
1,0.933607765473425,0,3
0,0.590311250067316,1,1
0,0.916323063080199,0,2
1,0.542430350091308,1,2
1,0.723798503633589,0,3
1,0.942595527390949,0,3
0,0.884496622020379,1,3
0,0.894151218235493,1,1
0,0.561836190521717,0,2
0,0.946691612480208,0,2
1,0.550109178293496,1,3
0,0.604520956985652,1,1
0,0.99096063291654,0,2
1,0.854077089577913,1,2
1,0.720608379342593,1,3
0,0.776344542391598,1,1
1,0.630568154738285,1,1
1,0.559722068137489,0,3
1,0.512000530958176,0,2
0,0.981478495988995,1,1
0,0.994614951894619,1,2
0,0.836891474435106,0,2
1,0.6362551280763,1,3
1,0.54714954062365,1,1
0,0.688530825893395,0,1
0,0.667381986859255,0,2
1,0.579269001027569,1,3
0,0.796686705201864,0,2
1,0.540051478194073,1,3
0,0.750068080727942,0,1
0,0.585448632133193,1,2
0,0.542086753062904,1,1
0,0.634364815894514,1,2
0,0.710320353507996,0,1
1,0.961424773093313,0,3
0,0.835051080910489,1,3
1,0.522661456023343,0,1
0,0.85010859137401,0,1
0,0.707874407875352,1,1
0,0.845038446830586,0,1
0,0.803426385275088,0,1
0,0.621392314438708,0,1
1,0.79912050103303,1,2
1,0.837291032192297,1,2
0,0.981798742548563,0,3
0,0.899512542062439,1,1
0,0.769454384921119,1,1
0,0.795217703096569,1,3
0,0.934930429095402,0,1
0,0.778430862468667,1,2
0,0.998487652861513,1,3
1,0.533535997034051,0,3
1,0.953647420275956,0,3
1,0.69853605562821,0,1
1,0.601326065137982,1,1
0,0.858398738550022,1,3
0,0.971574132796377,0,2
1,0.608193775406107,1,2
1,0.767868755152449,0,3
0,0.983065282693133,1,1
1,0.641898529022001,1,3
0,0.813845967059024,0,2
0,0.81214290484786,1,1
0,0.805786332464777,0,3
1,0.753668062738143,1,1
0,0.894312887452543,0,1
1,0.986194814206101,0,3
1,0.631126610329375,0,2
0,0.567587550496683,0,1
0,0.510552000836469,1,2
0,0.555484816781245,0,1
1,0.825403566006571,1,3
1,0.962349800858647,1,2
1,0.621854430995882,1,1
0,0.952623384771869,0,1
0,0.575023576733656,0,2
1,0.520423982175998,1,2
0,0.823558896430768,0,1
1,0.859086156240664,0,2
1,0.799358277930878,1,3
1,0.963178460835479,1,2
0,0.719019997748546,1,1
0,0.924383535748348,0,1
1,0.601033029844984,1,2
0,0.93326320045162,1,3
0,0.698338800342754,0,1
0,0.812419193680398,0,2
0,0.918536188662983,0,2
1,0.792477924958803,1,3
1,0.927443405962549,0,3
0,0.888764157542028,0,1
1,0.584467350388877,1,2
1,0.688185914885253,1,1
0,0.871147179394029,1,2
0,0.793351475382224,1,2
0,0.770877678529359,0,1
0,0.902872601291165,0,1
0,0.999586916994303,0,2
1,0.948145629372448,1,3
1,0.548878439120017,0,2
1,0.800238234340213,1,3
1,0.668251076946035,1,3
0,0.923456970485859,1,1
1,0.572364932158962,1,3
1,0.624312918982469,1,2
1,0.972904468770139,1,3
0,0.766728707705624,1,3
0,0.663366038352251,0,2
0,0.543375482200645,0,1
1,0.88870299118571,1,3
0,0.902353006531484,1,2
1,0.6215911017498,0,2
1,0.61915824492462,1,1
0,0.865009656408802,1,1
0,0.869956553331576,1,2
0,0.651650574989617,1,1
0,0.635026046307757,1,2
0,0.595278277760372,1,2
0,0.636034872150049,0,2
1,0.505324163241312,1,3
1,0.631819223286584,1,2
1,0.545314496732317,0,1
0,0.673405198729597,1,1
1,0.539246952510439,0,3
1,0.697182932402939,1,2
0,0.983262231806293,0,1
0,0.84952002693899,0,1
1,0.662243757862598,1,3
0,0.786641780869104,0,2
1,0.567027900367975,1,3
1,0.588711214601062,1,3
1,0.505061565316282,1,3
1,0.583893207716756,0,3
1,0.585850233444944,1,3
1,0.697267982410267,1,2
1,0.766244182595983,0,3
0,0.815944079658948,1,1
1,0.512364633963443,0,3
0,0.907216349267401,0,1
0,0.595607781084254,1,1
1,0.525284825707786,0,3
1,0.533842316712253,1,3
0,0.906965529662557,0,1
0,0.881651310948655,1,2
0,0.661306913709268,1,1
0,0.631814842578024,0,1
1,0.649490807205439,1,3
0,0.893153540440835,1,1
0,0.976920898654498,0,1
1,0.683156382059678,0,3
1,0.644059149315581,1,2
1,0.70413616579026,0,3
0,0.792855397681706,0,1
0,0.95986177015584,0,1
0,0.855879103997722,1,2
1,0.927278756862506,1,2
1,0.771450031781569,0,3
0,0.851222067256458,0,3
0,0.765177864464931,1,3
1,0.792997821699828,0,2
0,0.789873791974969,1,1
0,0.722026788047515,1,1
1,0.947957645868883,1,3
1,0.755928530939855,0,3
0,0.686422687256709,1,2
0,0.806177366990596,0,3
0,0.711709161172621,0,1
1,0.590971963829361,1,1
1,0.522840187419206,1,2
0,0.847258785041049,1,2
0,0.961785535677336,1,1
1,0.575174623751082,1,2
0,0.574387122527696,0,1
1,0.5264319521375,0,2
0,0.988205802859738,1,2
0,0.806740704341792,1,1
0,0.839874055585824,0,3
0,0.663598804152571,0,3
0,0.964307036716491,0,2
0,0.74645590770524,1,1
0,0.867437115754001,0,1
0,0.59314379375428,1,2
0,0.798126359819435,1,2
0,0.879212278523482,0,1
1,0.727594964788295,1,2
0,0.612145712133497,0,1
0,0.669906263938174,1,1
0,0.929748020134866,0,2
1,0.600700581213459,1,3
1,0.635516197653487,1,2
0,0.987552846781909,1,3
1,0.629003949230537,1,2
1,0.540708908927627,1,3
0,0.624114271369763,0,2
0,0.585680386633612,0,1
0,0.784829194657505,0,1
0,0.630344440811314,1,1
1,0.997258497751318,0,2
0,0.62525944202207,1,1
1,0.857592989807017,1,2
1,0.512300380854867,1,3
1,0.511432797531597,1,1
0,0.964790737023577,0,2
1,0.934797799098305,1,3
0,0.873295931029133,0,2
1,0.975345199229196,1,2
0,0.550177267985418,1,1
1,0.589141719625331,1,3
1,0.657425601617433,1,2
1,0.769861164269969,0,3
0,0.950057201553136,0,3
0,0.602959607262164,1,1
1,0.717974465573207,1,3
1,0.621728300116956,1,2
0,0.781730312970467,0,2
0,0.563547423575073,0,1
1,0.973991487058811,1,3
1,0.818696474889293,1,2
0,0.905331737594679,1,1
1,0.758835674147122,0,1
0,0.809780323412269,0,2
1,0.61716069385875,0,3
1,0.543456977349706,0,3
0,0.991978355683386,1,1
0,0.997946696705185,1,1
0,0.96818537870422,1,2
0,0.628554690396413,0,1
0,0.845674887881614,0,2
0,0.631644279696047,1,1
1,0.503304801299237,1,2
0,0.532072149799205,0,1
0,0.628408503602259,0,2
1,0.64417857886292,0,2
1,0.628377213026397,0,1
0,0.582908384501934,0,2
0,0.857731466647238,0,1
1,0.604697471251711,0,2
1,0.71430659701582,0,2
0,0.522934482782148,1,1
0,0.658332691295072,0,1
1,0.5160891644191,1,3
1,0.500721191172488,0,2
0,0.516446631867439,1,2
0,0.96941271785181,1,2
0,0.712504058959894,1,1
0,0.950508997659199,1,1
0,0.647321632015519,1,1
1,0.79743050748948,0,3
0,0.613085785065778,1,2
1,0.570153512409888,1,2
0,0.732225836603902,1,3
0,0.593735630391166,0,2
1,0.919964587548748,0,3
1,0.900485373334959,1,2
0,0.937511611380614,0,1
0,0.790622072177939,0,2
0,0.567815824993886,1,1
1,0.810508260154165,1,3
1,0.534957650699653,0,2
0,0.808210954884999,0,1
0,0.805076902848668,0,2
1,0.960627567372285,1,2
0,0.853281694231555,0,1
1,0.632540280814283,1,2
0,0.966648105182685,1,1
1,0.787757854443043,0,3
1,0.776229777140543,0,2
1,0.674399046809413,0,2
0,0.550846675992943,1,2
0,0.923905400093645,0,2
1,0.592153142089956,1,1
0,0.574094490380958,1,3
1,0.823994665988721,1,3
1,0.583187409676611,1,3
0,0.87793166260235,0,3
0,0.842390256933868,0,3
1,0.699191845022142,0,2
1,0.845331687480211,0,3
0,0.668848604662344,1,1
0,0.94179966149386,1,1
0,0.598301611491479,1,1
1,0.635712647112086,0,1
0,0.782861576648429,0,1
1,0.655416691326536,0,1
0,0.79012121190317,0,1
1,0.707990137045272,1,3
1,0.557018736610189,0,2
1,0.908521062810905,1,2
1,0.567202298436314,0,3
0,0.656558724702336,1,1
0,0.789829916320741,1,1
1,0.773419376695529,1,2
1,0.699054809985682,0,2
0,0.717176313628443,0,1
0,0.98112896445673,1,1
0,0.96026645868551,1,3
1,0.828515769331716,1,3
1,0.554042978212237,0,3
1,0.892780668335035,0,3
0,0.828023748239502,0,1
0,0.837816085666418,1,3
1,0.614769647363573,1,2
1,0.965698587475345,1,3
1,0.60298509162385,1,1
1,0.720688114874065,1,2
0,0.796126129571348,1,2
1,0.656132884440012,1,2
0,0.56832557101734,0,3
0,0.788580337306485,1,2
0,0.893664686474949,1,1
0,0.674735381617211,1,1
0,0.601430779905058,0,1
1,0.639573258813471,1,3
1,0.610241855727509,0,2
0,0.934911978431046,1,2
1,0.537151001743041,0,3
1,0.790155397844501,0,1
0,0.826061974978074,1,1
1,0.739116545766592,1,3
0,0.599796778056771,0,2
1,0.618732674280182,1,3
1,0.513423608383164,1,3
1,0.51698057889007,1,3
0,0.989663460524753,0,1
0,0.676162440096959,0,1
0,0.962867355090566,0,3
1,0.510941711021587,1,3
1,0.892285304144025,1,2
0,0.669385238550603,1,2
1,0.809821686474606,0,3
0,0.539136351668276,0,3
1,0.534506430500187,1,3
0,0.718131182482466,0,2
0,0.710569169721566,0,1
0,0.949311294243671,1,3
0,0.927956173545681,1,1
1,0.565366739872843,0,1
0,0.673371931537986,0,1
0,0.906588367419317,1,1
1,0.637220309930854,0,2
1,0.882664114935324,0,2
1,0.993516294518486,0,3
1,0.820900386665016,1,1
1,0.578086516819894,1,1
1,0.68361350230407,1,1
0,0.873579910374247,1,1
0,0.931873062392697,1,3
0,0.809086630004458,1,2
0,0.695248857256956,0,1
1,0.526972115272656,0,3
0,0.887484521837905,0,1
0,0.645797792356461,1,2
1,0.628993992693722,1,3
1,0.978935344493948,1,2
0,0.872092012315989,0,2
0,0.941269450122491,1,1
1,0.869865119922906,0,2
1,0.802004610653967,1,3
1,0.74737953254953,1,3
1,0.634429290890694,0,3
0,0.62949426472187,0,1
1,0.800760238314979,1,1
1,0.743806732702069,1,2
1,0.687104070093483,1,3
0,0.54783647088334,1,1
0,0.604144261218607,1,1
0,0.879018274135888,0,2
1,0.631464060395956,0,3
0,0.925421924330294,0,1
1,0.729401157586835,1,3
1,0.64082548127044,1,1
1,0.654271368286572,0,2
0,0.944198386510834,0,3
0,0.790743339573964,1,1
1,0.834104736451991,0,3
1,0.89528949232772,1,3
0,0.82665862806607,0,2
1,0.754656666773371,0,3
0,0.586429630871862,1,1
1,0.828471779474057,0,3
0,0.946622432675213,0,1
0,0.934368936344981,0,2
1,0.532468540244736,1,1
0,0.547416056273505,0,1
0,0.551990080275573,0,2
0,0.602163908886723,0,1
1,0.73477083502803,0,3
0,0.920643358957022,1,2
1,0.712767389020883,0,2
1,0.708664161502384,1,1
1,0.852382908458821,0,1
1,0.858609252492897,1,2
0,0.780071268440224,1,2
0,0.691391792846844,0,3
1,0.511896279989742,1,3
0,0.69763162615709,0,1
0,0.944956402294338,0,1
0,0.735276230727322,0,3
1,0.855123780551367,1,3
1,0.639912370708771,1,1
0,0.997016881359741,0,1
1,0.939143937896006,0,3
1,0.552394753787667,0,2
1,0.639877503854223,0,2
1,0.823703832458705,1,2
0,0.544389638351277,0,1
1,0.865389540558681,1,3
1,0.848776877042837,1,2
0,0.627996391616762,1,1
0,0.855213715927675,0,1
0,0.524863274418749,0,1
1,0.576518555055372,0,1
0,0.530510233715177,0,1
0,0.649618564988486,1,1
0,0.862360607483424,0,1
1,0.511979613918811,0,1
0,0.53074036189355,1,1
1,0.99290497309994,1,2
0,0.800832579378039,0,1
1,0.630633384571411,0,3
0,0.866981858154759,1,1
0,0.992409727536142,1,2
1,0.587065323954448,1,2
0,0.935692111263052,1,1
0,0.832129185902886,0,2
1,0.517657262040302,1,3
0,0.756099769496359,1,2
1,0.680256818421185,0,3
1,0.836610372411087,1,3
1,0.841855649254285,0,3
0,0.910587301128544,0,3
1,0.603359527653083,0,3
0,0.621398946968839,1,1
1,0.85244444408454,1,3
0,0.931182783795521,1,1
1,0.868458960903808,1,2
0,0.725251858355477,1,1
0,0.932292241603136,1,2
0,0.751444946043193,0,1
0,0.563328554853797,0,1
0,0.947095195995644,0,1
1,0.57739906583447,0,3
1,0.582717253826559,1,1
1,0.537059510941617,0,1
1,0.860691808047704,0,3
1,0.800144768320024,1,1
1,0.606932471622713,0,1
1,0.818405281286687,0,2
0,0.531972246826626,1,1
0,0.794806574936956,1,1
1,0.502218037610874,1,2
1,0.524072793428786,0,3
1,0.850238963146694,1,3
1,0.543028585612774,1,2
1,0.602955893031321,0,3
0,0.757246027467772,0,1
0,0.687697417452,1,1
0,0.71961604943499,0,2
1,0.763102727010846,0,3
1,0.664131152676418,1,3
1,0.526290395413525,1,2
1,0.880601184791885,0,3
1,0.80493212712463,1,3
0,0.851796296075918,0,1
1,0.863475418766029,0,3
0,0.961688542040065,1,1
0,0.688831717474386,1,1
0,0.922786926501431,1,2
1,0.557886852417141,0,2
0,0.549927314394154,1,2
1,0.94374972442165,0,3
0,0.634738552384079,0,1
1,0.999819249613211,0,3
0,0.65579601097852,1,3
1,0.951597864041105,0,3
1,0.73287950840313,1,2
0,0.800535332411528,1,1
1,0.520062941708602,1,2
0,0.677136431448162,0,1
0,0.678376702941023,0,1
0,0.721748123178259,1,1
1,0.892010390525684,0,2
1,0.975295416195877,1,3
0,0.674173980951309,0,2
1,0.80553014727775,0,3
1,0.631306053721346,1,2
1,0.718351788818836,1,1
0,0.567259371513501,0,1
0,0.654154330259189,0,1
0,0.922750664176419,0,1
0,0.820879586855881,0,2
1,0.591789342463017,1,3
0,0.725005577434786,0,1
0,0.615776755497791,0,2
0,0.830461671692319,1,1
0,0.650845772004686,0,1
0,0.506043699220754,1,2
0,0.588194060721435,0,1
1,0.605308480444364,0,3
1,0.509460533270612,0,2
1,0.875849193893373,1,3
0,0.766225646832027,0,1
0,0.603137885336764,0,3
1,0.573904036427848,1,3
1,0.726572394138202,1,3
1,0.916731264907867,0,2
0,0.896086358698085,1,1
1,0.604969885433093,1,1
1,0.605269763036631,0,2
1,0.758290188736282,0,2
1,0.810639862087555,0,3
0,0.884781377622858,0,2
1,0.605741406208836,1,2
1,0.95634504116606,1,3
0,0.570529670570977,0,2
1,0.85814508702606,1,2
0,0.982432394172065,1,1
1,0.827432523830794,1,3
0,0.752416269737296,1,1
1,0.573173301294446,0,1
1,0.561752395355143,0,3
0,0.527328361291438,1,1
1,0.998140182928182,0,3
0,0.671009232406504,1,1
0,0.857290246523917,1,1
0,0.888411112362519,1,2
1,0.786271246499382,1,1
0,0.714192074607126,1,1
0,0.825479455525056,1,1
1,0.655985581688583,1,3
0,0.888153167208657,1,1
1,0.584418079350144,1,3
1,0.77891555079259,0,3
1,0.886216608574614,1,3
0,0.828166585415602,1,2
0,0.981289943330921,0,1
0,0.806580521399155,1,1
0,0.630303471814841,0,1
1,0.511235749814659,1,1
1,0.539886203128844,0,2
0,0.639214816037565,1,2
1,0.573725629830733,1,3
1,0.576506416196935,1,3
0,0.608090538415127,0,1
0,0.926257078070194,1,3
1,0.54741557862144,1,1
0,0.666639349190518,0,2
0,0.597846500691958,1,1
0,0.540756572620012,1,1
1,0.903654512832873,1,2
0,0.866678238031454,1,1
0,0.992946813465096,0,1
1,0.676704864483327,0,3
1,0.9050066905329,1,2
1,0.610256346990354,1,1
0,0.742391761974432,0,2
0,0.574158658622764,0,1
1,0.620245467755012,1,3
0,0.754038815386593,0,1
0,0.895013804896735,0,1
0,0.92574474378489,1,2
0,0.597960181417875,1,1
0,0.862641803338192,0,2
1,0.722731669433415,1,3
1,0.506816597771831,1,1
1,0.749991617281921,0,2
0,0.862427661544643,0,1
0,0.794174769078381,1,1
0,0.968288471689448,0,1
1,0.552122375695035,0,3
0,0.633646869682707,0,1
0,0.649898602510802,1,1
0,0.780348709668033,0,2
0,0.95307051599957,0,2
0,0.78665627411101,1,2
0,0.628557511605322,0,1
1,0.915574252721854,1,2
0,0.844128901953809,0,3
1,0.730626689386554,1,1
1,0.865183189162053,1,1
0,0.631680321530439,1,3
1,0.705341677530669,0,3
0,0.899601057521068,0,1
1,0.626177325495519,1,1
0,0.68785681668669,1,2
0,0.596406245487742,1,2
1,0.622660833992995,0,2
0,0.724696110701188,1,1
0,0.997099463245831,0,1
0,0.515511979348958,1,1
0,0.675850061466917,1,1
1,0.799610510002822,1,3
1,0.553797748871148,0,3
0,0.875776023021899,0,1
1,0.722821238217875,1,2
1,0.532546000438742,0,3
1,0.546614252962172,1,2
1,0.623000511783175,1,2
0,0.838871075655334,0,1
1,0.81844836322125,1,2
1,0.914770493749529,1,3
1,0.731754231615923,0,3
0,0.960473319515586,1,1
0,0.926345940330066,1,1
1,0.63890072866343,1,2
0,0.935402204981074,0,2
0,0.795764195499942,1,1
0,0.90225344360806,1,1
1,0.557708365260623,1,2
0,0.52196663885843,1,2
1,0.911308395094238,0,2
0,0.818045085994527,0,2
0,0.954624082893133,0,1
1,0.715242294128984,1,1
0,0.729173946427181,0,2
1,0.616948689334095,0,1
1,0.841802813927643,0,2
1,0.799365959945135,0,3
0,0.791472178534605,0,2
0,0.518656450440176,0,1
0,0.956915118498728,1,3
1,0.534403980127536,0,3
0,0.66852099634707,0,1
1,0.795456761494279,0,3
0,0.700989521224983,0,2
1,0.958276681019925,1,1
0,0.778713293024339,0,2
0,0.707034587394446,0,3
0,0.81677952571772,1,2
0,0.724016102729365,0,1
1,0.977882598061115,0,2
1,0.500326128210872,1,2
0,0.7334472136572,0,1
1,0.633582333568484,0,3
0,0.879781825002283,1,1
1,0.9135838028742,1,2
0,0.657681452459656,0,1
0,0.990730308345519,0,1
1,0.588526220293716,0,3
0,0.902710498659872,1,1
0,0.959032775252126,0,1
1,0.642706221551634,0,1
0,0.988930972642265,1,1
0,0.928329283604398,0,1
0,0.657179375179112,0,2
0,0.816712522879243,1,1
1,0.84295235783793,1,3
0,0.841372497263364,0,1
0,0.840936798136681,0,1
0,0.706505023059435,1,1
1,0.672643386176787,0,3
0,0.827268551453017,1,1
0,0.916841225000098,0,2
1,0.700398943619803,0,1
0,0.996760788722895,1,2
0,0.985315651632845,1,1
1,0.637085612281226,1,3
0,0.693970588850789,0,1
1,0.640736829955131,0,3
1,0.627944186562672,0,3
1,0.535841286065988,1,1
1,0.549528527306393,0,2
1,0.955774710513651,1,3
1,0.646329437149689,1,3
1,0.736242267303169,1,3
0,0.727245533489622,0,1
0,0.679037879919633,1,1
0,0.914716353872791,0,2
0,0.628983786911704,1,1
1,0.871041298494674,0,3
0,0.599535326939076,1,1
0,0.831946490798146,1,2
0,0.664167276700027,1,1
1,0.669790123240091,0,1
0,0.986217041383497,1,1
0,0.714523440692574,1,1
0,0.82265595102217,0,1
1,0.513306802837178,1,3
0,0.805609549279325,0,1
1,0.59363079443574,1,2
0,0.743897438282147,1,1
0,0.894079649355263,0,2
1,0.588636498665437,0,2
1,0.641607218887657,1,3
1,0.583427457837388,0,3
0,0.952752278768457,1,1
1,0.820599275873974,1,3
1,0.645065927994438,1,1
1,0.727657684008591,1,3
1,0.549037982127629,0,3
0,0.783799622440711,1,2
0,0.830975058372132,0,1
1,0.575708976597525,0,3
0,0.65827236068435,0,1
0,0.925645200768486,0,2
1,0.562716640415601,1,3
0,0.917329824878834,0,2
1,0.823016900103539,1,3
1,0.680701592355035,0,3
0,0.678974340320565,0,1
1,0.552308519487269,1,1
1,0.545819773338735,0,3
0,0.90707787591964,1,1
0,0.883097028243355,0,1
0,0.689853817573749,0,1
1,0.984733489458449,0,3
0,0.941719656344503,0,1
1,0.52519246074371,0,1
0,0.938383574946783,0,1
0,0.921822477597743,1,1
1,0.860159489326179,0,2
0,0.838651945232414,1,2
0,0.812276666983962,0,3
0,0.732869658968411,1,1
0,0.760590206598863,1,1
1,0.798307489370927,1,2
1,0.922217013430782,1,1
0,0.800050419988111,0,1
0,0.870461815968156,0,2
0,0.869046578067355,1,2
1,0.921714292024262,0,2
1,0.764652251731604,1,1
0,0.862831585574895,0,2
1,0.76851478102617,0,1
0,0.55921435134951,0,1
0,0.781481991056353,1,2
0,0.98493024869822,0,1
1,0.783199484576471,0,1
0,0.770965584437363,0,2
0,0.872475706157275,0,1
0,0.723961771116592,0,1
1,0.913750523817725,0,3
1,0.511129377875477,1,1
1,0.602057246142067,1,1
0,0.642488854588009,1,1
0,0.856818897998892,0,1
0,0.933962266426533,0,2
1,0.659185771713965,0,1
1,0.673774135764688,1,3
1,0.997030966449529,1,2
1,0.86292378930375,1,3
0,0.556028588558547,0,2
0,0.546878512366675,0,3
1,0.71607172919903,1,2
0,0.655837133410387,0,1
1,0.800408984767273,1,3
0,0.938277737936005,1,1
1,0.615178575273603,1,3
0,0.795526391477324,1,3
1,0.50628109369427,1,2
1,0.752106100204401,1,2
0,0.878152723307721,0,2
1,0.839478384121321,1,2
0,0.848781698732637,1,2
1,0.813793667242862,0,2
0,0.543066517449915,0,1
0,0.828844224917702,0,1
1,0.71368474769406,0,3
0,0.981105664395727,1,1
1,0.915859356755391,1,3
1,0.801008601556532,0,3
0,0.864962994935922,0,3
0,0.924518818384968,0,2
1,0.816335824900307,1,3
0,0.645212553325109,1,1
1,0.639870366081595,0,3
0,0.887975716148503,0,1
0,0.711913464358076,1,1
1,0.512511251145042,0,1
0,0.988671953906305,1,1
0,0.587900854297914,1,2
0,0.92086696147453,0,2
0,0.847176125273108,0,1
0,0.519227059790865,1,2
0,0.8104950315319,0,2
0,0.902017252868973,1,1
0,0.982363414252177,0,1
0,0.587849447387271,0,2
1,0.857916771667078,1,2
1,0.620269690640271,0,1
1,0.712222681264393,1,2
0,0.717527349945158,0,1
0,0.858613952295855,0,2
1,0.890666175750084,1,3
0,0.984326804988086,0,2
0,0.879138668882661,0,2
1,0.911855116020888,1,1
1,0.55098394677043,1,3
0,0.568140246439725,0,1
0,0.551743517746218,0,1
0,0.93096403311938,1,1
1,0.702193665667437,1,3
0,0.878275891882367,1,2
0,0.79520833096467,0,1
1,0.973414766369388,1,3
0,0.638408502563834,0,2
1,0.850884232437238,1,3
1,0.568934971350245,0,1
1,0.811772684217431,1,3
0,0.685483390465379,1,2
1,0.963598100817762,0,2
0,0.53962765855249,1,1
1,0.544533848296851,0,1
0,0.949331235722639,1,1
1,0.635583779076114,0,3
1,0.807933269767091,1,3
1,0.536516774911433,0,2
1,0.85848406504374,1,3
0,0.795672258362174,0,1
0,0.813339009764604,1,1
1,0.608583224005997,1,3
1,0.993120656698011,0,3
0,0.581412049359642,0,2
1,0.556664413539693,1,3
1,0.581161488778889,1,3
1,0.809230555430986,1,3
0,0.507560562575236,1,1
0,0.739516561385244,0,1
1,0.65077709290199,1,3
1,0.804117467952892,1,2
1,0.635105430497788,1,2
1,0.747603954863735,0,3
0,0.792387217166834,0,1
1,0.893206441542134,1,3
1,0.567631397512741,0,1
0,0.85919089789968,1,1
0,0.61879372689873,1,1
1,0.829528785892762,1,1
0,0.829845569212921,0,1
1,0.972243519499898,0,3
0,0.884849223657511,1,2
0,0.995489601511508,1,3
0,0.768186301924288,0,1
1,0.792239472619258,1,3
0,0.835268386639655,0,1
1,0.536072898190469,1,2
1,0.861330178449862,1,2
1,0.693105552229099,1,1
1,0.953924554749392,1,3
0,0.830357499653473,0,3
0,0.502979062031955,1,2
0,0.957656427053735,0,2
0,0.585931435809471,1,1
1,0.761026556952856,0,2
1,0.623921595513821,0,1
0,0.609157071914524,0,2
1,0.860238164430484,0,3
1,0.744941568817012,1,2
0,0.508451640140265,1,1
0,0.868141438928433,1,1
1,0.908844665740617,0,3
0,0.89911492029205,0,1
0,0.889674278092571,0,1
1,0.815953553421423,0,3
0,0.934380885330029,1,3
1,0.742667565937154,1,2
0,0.806346856057644,1,1
1,0.877282199799083,0,2
0,0.579937467118725,0,2
1,0.552699009305798,0,1
1,0.701404873863794,0,1
0,0.703466215287335,1,2
1,0.675807134015486,0,2
0,0.931074342224747,0,2
0,0.857580438256264,0,1
0,0.949372669332661,1,1
1,0.813392068026587,0,3
0,0.681369493016973,0,1
1,0.519124630372971,1,2
1,0.714389988803305,1,3
0,0.709372784243897,0,1
1,0.69553107500542,0,3
0,0.693161881295964,0,3
0,0.951234010513872,1,2
1,0.585322445491329,0,3
1,0.718417502241209,0,2
1,0.543358128401451,0,3
0,0.958899158984423,0,1
0,0.570991552551277,0,2
1,0.921827891725115,0,3
1,0.593111053924076,0,2
0,0.973865810199641,1,1
1,0.952335701556876,1,3
0,0.821707446593791,0,1
1,0.735925899236463,0,3
1,0.657247047056444,1,2
1,0.62475790863391,1,2
0,0.855247528641485,1,1
1,0.94509788416326,0,2
1,0.535869011422619,1,1
0,0.890626319451258,1,1
1,0.897930529084988,0,2
0,0.722125535248779,0,1
0,0.858664291212335,0,1
1,0.949495213804767,0,3
1,0.721619633375667,0,1
1,0.723112427047454,1,3
1,0.895319161354564,1,2
1,0.577450373675674,1,3
0,0.815815186710097,0,2
1,0.53221941087395,0,2
1,0.625342171289958,1,2
0,0.91449605114758,1,1
0,0.588282056036405,0,3
0,0.605198926059529,1,3
0,0.766555093345232,0,1
1,0.51372329890728,1,1
0,0.888863870874047,1,1
0,0.919928418355994,0,2
1,0.552748501300812,1,2
1,0.713640341185965,0,1
1,0.97235109214671,0,2
1,0.765638335607946,0,3
0,0.787473038770258,0,1
1,0.644656963995658,0,3
1,0.673536878544837,1,3
1,0.808849347522482,1,2
0,0.696696537663229,0,1
0,0.631127184838988,0,1
1,0.903534536249936,0,1
0,0.796076373313554,0,1
0,0.756497715832666,1,1
0,0.858631154405884,0,3
0,0.535018706228584,1,2
0,0.896782017080113,1,1
0,0.653100080555305,1,1
1,0.60782507143449,0,3
1,0.987168481922708,1,2
0,0.754843780188821,0,2
0,0.941454310552217,0,1
0,0.564361560158432,1,1
1,0.957126017077826,0,3
1,0.696297854185104,0,2
0,0.637461026781239,0,2
0,0.917544159339741,1,1
1,0.982384000904858,0,3
1,0.503058012225665,1,2
0,0.644508990226313,1,2
1,0.749460387509316,1,1
0,0.627587684080936,1,1
0,0.750199693487957,0,2
1,0.926016270997934,1,2
0,0.930432366323657,0,2
0,0.558438815176487,0,1
1,0.535732322838157,1,2
1,0.62634002615232,1,1
0,0.735842181369662,0,2
0,0.688585008610971,1,2
0,0.731484598712996,0,2
0,0.740597545052879,0,2
1,0.685263500083238,0,3
0,0.817097276914865,1,1
0,0.59029700816609,0,1
0,0.555170367006212,0,1
0,0.728420465369709,0,1
0,0.565982575528324,0,2
1,0.703865742892958,0,3
1,0.675523079349659,0,1
1,0.925685744150542,0,3
0,0.752127172425389,1,1
1,0.96012244571466,1,3
1,0.719329280196689,0,2
0,0.979375869617797,0,1
1,0.685069527244195,1,3
1,0.534145435900427,0,1
0,0.608452256768942,1,2
1,0.891517322976142,1,3
0,0.759268251829781,1,2
1,0.61110671190545,0,1
1,0.684697671094909,0,3
0,0.761289770132862,1,1
1,0.668037070892751,1,3
0,0.771860057953745,1,1
0,0.806898961542174,0,2
1,0.765735806315206,1,1
1,0.560647360165603,1,2
0,0.517486681928858,0,1
1,0.902853537700139,1,3
1,0.560091633000411,0,3
0,0.826284998562187,1,1
0,0.665839332039468,1,1
1,0.568459880771115,0,3
1,0.971600913093425,0,3
0,0.672217278974131,0,1
0,0.926233367878012,0,2
1,0.634542689309455,1,2
1,0.981973234447651,1,2
0,0.897135160514154,1,2
1,0.641155406599864,0,3
1,0.608763086958788,1,2
0,0.823402454610914,0,1
0,0.732571694301441,1,1
0,0.901976183755323,1,1
1,0.839838149142452,0,3
0,0.809640730265528,0,1
0,0.74795593728777,1,2
0,0.963676842860878,0,1
1,0.538905247463845,0,1
1,0.58971750875935,1,1
1,0.909512715530582,1,2
1,0.538526375778019,1,2
0,0.55662813631352,0,3
1,0.597021906403825,0,3
0,0.562204046174884,0,2
1,0.903181831235997,1,3
0,0.679561136756092,1,1
0,0.948026082362048,1,1
1,0.932091980939731,0,3
0,0.535889829043299,1,2
0,0.791320132091641,0,2
1,0.678424690268002,0,3
1,0.736405150033534,1,3
0,0.69554093584884,1,2
0,0.615861593862064,1,1
1,0.883585234987549,0,3
1,0.64307348174043,0,3
1,0.540427794563584,0,3
1,0.940411719609983,1,3
1,0.749079406843521,0,2
0,0.728403224726208,1,1
1,0.74134620570112,0,3
1,0.70268039626535,1,3
1,0.951305961003527,0,3
0,0.561702677747235,1,1
1,0.637476262287237,0,3
0,0.734289922867902,1,1
0,0.992814491852187,0,1
1,0.929600423201919,1,3
1,0.887940122163855,0,3
0,0.739615356549621,0,1
1,0.512231742613949,0,3
1,0.553396160830744,0,1
1,0.883564473479055,1,2
1,0.598822331754491,0,3
0,0.581246803048998,0,1
1,0.55953025969211,0,1
1,0.607738131540827,1,1
1,0.770167896174826,0,3
0,0.805219280882739,1,1
1,0.723276880802587,1,3
0,0.836422965861857,0,1
1,0.887865366064943,1,3
0,0.863287877989933,0,1
0,0.944223316619173,1,1
0,0.905027866945602,0,1
0,0.744342993013561,0,2
1,0.964385500177741,1,3
1,0.935806041350588,1,2
0,0.608004172332585,1,1
0,0.719633907428943,0,1
0,0.596810710034333,0,3
1,0.504214887972921,1,3
1,0.556078051449731,1,3
0,0.94632683089003,0,1
0,0.872960489941761,1,2
1,0.967567758518271,0,3
1,0.895591112552211,1,3
0,0.821442539687268,0,1
1,0.816533149569295,0,3
0,0.979573265416548,1,2
0,0.760235760128126,0,1
1,0.644807773758657,0,3
0,0.809706329600886,0,2
0,0.58547512232326,1,1
1,0.536538545042276,1,3
0,0.960975780035369,0,1
1,0.701783557771705,1,3
0,0.992820167215541,0,1
0,0.998810264631175,0,2
0,0.820208242628723,1,1
1,0.720937689999118,1,2
1,0.880983212962747,0,3
0,0.591058212681673,1,2
0,0.81878155330196,0,3
1,0.618009582161903,1,3
0,0.850478817010298,0,2
0,0.543466039816849,0,1
1,0.603180460399017,1,3
1,0.628647492267191,1,2
0,0.71808315126691,1,3
0,0.778303601895459,1,1
1,0.921258509624749,1,3
0,0.67624439613428,0,1
0,0.781956163584255,1,1
0,0.606987744802609,0,2
0,0.619615051662549,0,1
0,0.867479580105282,1,2
0,0.697225467534736,0,1
0,0.678559831460007,1,2
0,0.731404096703045,1,1
0,0.97996178723406,0,1
0,0.98393176344689,1,1
0,0.597625835216604,0,2
0,0.848397636669688,1,1
1,0.557224628981203,0,1
0,0.576383436797187,0,1
0,0.921380980638787,1,2
1,0.631394893862307,1,2
1,0.853512218105607,1,3
0,0.695165924611501,0,2
0,0.630096458597109,1,1
0,0.715799345285632,1,1
1,0.694585084565915,0,3
0,0.970301120658405,0,1
0,0.745868393685669,1,2
0,0.848790853866376,1,1
0,0.624457760131918,1,1
1,0.911119005642831,1,3
1,0.969467200688086,1,3
1,0.563852193881758,1,1
0,0.824396103620529,1,1
0,0.728001250419766,0,1
1,0.884408794227056,1,3
1,0.595442583668046,1,2
1,0.588834719965234,0,3
1,0.661919086589478,1,3
1,0.667650258052163,1,3
0,0.755321536096744,0,3
0,0.893792527611367,1,2
1,0.86996840860229,0,3
0,0.585374295362271,0,1
0,0.79773079988081,0,1
0,0.935832606395707,1,2
1,0.942029364523478,1,3
1,0.913414902868681,1,3
0,0.51864197885152,0,2
0,0.985366187058389,1,1
0,0.928813018137589,0,1
1,0.669650464318693,0,3
0,0.774406431708485,1,1
1,0.506632213946432,1,2
0,0.669445158098824,1,1
0,0.722609920310788,0,1
1,0.768365625292063,1,2
0,0.956936382921413,1,2
1,0.545795998419635,1,2
1,0.632295206305571,1,3
1,0.798100082552992,1,1
1,0.88005131832324,1,3
0,0.501574458554387,0,1
0,0.525564136682078,1,1
0,0.705092360964045,0,1
1,0.754669938702136,1,2
0,0.736624825047329,1,2
1,0.595867793541402,1,2
1,0.9334446961293,0,2
1,0.831446327967569,1,2
0,0.741668028989807,1,3
0,0.714354794705287,1,2
1,0.527793045737781,1,2
0,0.940457420540042,1,1
0,0.81272729637567,0,1
1,0.948826406383887,0,3
1,0.904868782497942,0,3
0,0.721728867385536,1,2
1,0.59480026725214,1,2
0,0.646278271917254,0,1
1,0.642480415292084,0,3
1,0.68421321711503,1,1
0,0.865189123898745,1,1
0,0.930122974561527,0,1
0,0.999258514959365,1,1
0,0.767605383996852,0,2
1,0.88391245144885,1,3
0,0.9211085337447,0,1
0,0.843212979147211,0,1
0,0.592000602046028,0,3
0,0.551520462147892,1,1
1,0.846537396893837,1,2
0,0.520576666342095,0,1
0,0.890818151412532,0,1
1,0.949747392791323,1,3
1,0.600291767390445,0,3
0,0.93839951348491,1,3
0,0.794154761708342,0,1
1,0.641265888465568,1,2
0,0.578895024606027,0,1
1,0.901913129724562,1,3
0,0.963028913130984,0,2
0,0.899395797401667,1,2
0,0.969920698553324,0,1
1,0.891158753423952,1,2
1,0.919550328748301,1,3
0,0.633904158952646,1,1
0,0.761801662505604,0,2
1,0.504935626755469,0,1
0,0.548826834885404,1,1
0,0.551291384152137,1,1
1,0.959532932727598,1,3
0,0.924699145252816,0,1
0,0.988103409530595,1,1
0,0.981364841689356,1,3
1,0.709898727247491,0,1
0,0.712302042986266,0,1
0,0.641154333832674,1,1
1,0.953132772585377,1,2
0,0.927324212505482,0,1
1,0.719064727774821,1,1
1,0.71965688385535,1,2
0,0.961499835713767,1,1
1,0.614176859846339,1,3
0,0.890106756705791,1,2
1,0.841052538366057,1,2
0,0.96007501881104,0,2
0,0.938904855051078,0,1
0,0.762705895816907,1,1
1,0.945495685213245,1,3
0,0.911578622995876,1,2
1,0.975823819870129,0,3
0,0.889162909123115,0,1
1,0.676906982669607,1,2
1,0.848077647853643,1,2
0,0.906474130228162,0,2
1,0.782781471731141,0,2
1,0.702719166991301,0,2
1,0.926392152672634,1,3
1,0.56132948177401,0,3
0,0.738817024044693,0,1
1,0.513210720033385,0,3
1,0.699802345712669,0,3
0,0.86334398726467,0,3
0,0.576646028319374,0,2
0,0.850298832287081,1,1
0,0.558081866009161,0,3
1,0.523778367205523,0,3
1,0.859505567001179,0,2
0,0.776060902629979,1,1
1,0.901815392659046,1,2
0,0.662171365343966,0,3
0,0.85268342110794,0,2
1,0.984924555174075,0,3
1,0.694579993141815,1,3
1,0.598350964020938,0,1
0,0.945110173546709,1,2
0,0.959224812570028,1,2
0,0.514967017690651,0,2
1,0.749469207366928,0,2
1,0.635922029381618,0,3
0,0.61291786073707,0,1
1,0.633433217182755,1,3
0,0.782332411035895,0,1
1,0.960077517782338,0,2
0,0.616193363559432,1,1
0,0.777747365063988,0,2
0,0.618486236548051,1,1
0,0.688988527865149,0,1
0,0.686215537716635,0,1
0,0.601703552645631,1,1
1,0.653987939353101,0,3
1,0.810150915873237,0,3
1,0.932694717193954,1,3
0,0.893896016990766,0,1
0,0.901904070866294,0,2
0,0.64715383539442,0,3
1,0.766763974213973,1,3
0,0.771250055055134,0,2
1,0.677166918292642,1,1
0,0.542955286102369,0,2
1,0.787043474847451,0,3
1,0.695677930372767,1,1
1,0.829968427773565,1,3
1,0.520403035916388,1,3
1,0.502041543135419,0,3
1,0.993817019741982,1,2
1,0.855386193376034,1,2
1,0.511890390422195,0,1
0,0.881364052067511,1,1
0,0.910693699144758,0,1
1,0.572965297149494,0,3
1,0.599704202031717,0,3
0,0.762010596808977,0,3
0,0.952812208794057,1,2
0,0.573698123684153,1,2
0,0.882183098001406,1,1
0,0.880718641914427,0,2
1,0.770095736719668,1,3
0,0.658310640021227,1,2
1,0.992888162611052,0,3
0,0.582758559263311,0,1
0,0.655065223108977,1,1
1,0.750921388855204,1,3
0,0.929754768731073,1,1
0,0.854446729645133,0,1
1,0.533352562808432,1,3
0,0.711284111021087,1,1
1,0.56512679788284,0,1
0,0.612076981225982,1,1
1,0.504810545360669,1,3
0,0.68413265561685,1,1
1,0.845303154317662,1,3
0,0.992609472130425,1,1
0,0.809444317244925,1,2
0,0.973084860946983,1,2
1,0.623142846510746,1,3
1,0.92525295028463,1,2
1,0.519995020702481,0,2
0,0.74174321431201,1,1
0,0.935670576523989,1,2
1,0.72264663153328,1,2
0,0.89892943459563,0,2
0,0.890924347680993,1,1
0,0.879499962204136,0,1
1,0.578500951291062,1,2
0,0.918939987779595,0,2
0,0.654613386723213,1,1
0,0.918196379556321,0,1
1,0.61324796534609,1,2
1,0.915957689867355,1,3
0,0.987424200749956,1,3
0,0.529235360329039,1,1
0,0.793703348957933,1,1
0,0.701489352970384,0,2
0,0.775776674854569,1,1
0,0.844794483738951,0,1
1,0.568682696088217,0,3
0,0.728709315764718,0,2
1,0.859302127733827,0,1
0,0.798649563221261,1,1
1,0.941973142907955,0,3
0,0.766037081484683,1,1
0,0.801647161250003,1,1
0,0.673608108772896,0,2
0,0.799376021954231,0,3
0,0.984579596086405,1,1
1,0.686358953826129,1,2
1,0.818558533443138,1,3
0,0.69374586106278,0,3
1,0.828025458729826,0,3
0,0.572676602634601,0,1
0,0.905877685756423,1,1
0,0.962454786989838,0,1
0,0.635963655193336,0,1
0,0.517868779134005,1,1
0,0.851059138192795,0,2
0,0.958099557552487,0,2
1,0.960288407630287,1,3
0,0.846073210937902,0,2
0,0.933047120575793,1,2
1,0.715557007584721,0,2
0,0.852930640103295,0,2
0,0.551312268711627,0,2
1,0.82379967381712,0,2
1,0.977314774296246,1,2
0,0.776023499434814,1,1
0,0.968699605204165,0,3
1,0.888238178798929,1,3
0,0.820992554305121,1,1
0,0.967914835549891,1,1
0,0.899789220653474,1,2
1,0.643054471118376,0,3
0,0.781182240112685,1,3
0,0.867881595855579,1,2
1,0.506450453423895,1,3
0,0.656717538833618,1,1
0,0.775250733830035,1,2
1,0.64174700237345,1,2
1,0.546602127491497,0,3
1,0.5247391986195,1,1
0,0.990913466666825,0,1
1,0.804259256459773,1,2
1,0.614778791903518,1,3
1,0.880813229945488,1,2
1,0.712355998344719,1,1
0,0.906137263285927,1,1
1,0.895099264453165,1,3
0,0.843585026916116,0,2
0,0.572469373466447,1,1
0,0.830970637616701,0,2
1,0.558239602367394,1,3
1,0.562513834564015,0,3
1,0.700509226997383,1,2
0,0.59154279762879,0,2
1,0.615974668064155,1,2
1,0.719355401117355,1,3
0,0.58840242261067,1,1
0,0.636829908122309,0,2
1,0.729494669009,1,2
0,0.7337370790774,0,2
0,0.566194228711538,1,3
0,0.926680782809854,1,1
1,0.781170893576927,1,2
1,0.717865700251423,1,3
0,0.975404180004261,1,2
1,0.572813507751562,0,3
0,0.634907453902997,1,1
1,0.822042576153763,0,2
1,0.644658404751681,0,3
1,0.510806572972797,0,3
0,0.897604995057918,0,2
0,0.553478911635466,1,1
0,0.807953208801337,1,1
1,0.801020888844505,1,3
0,0.744623924721964,1,1
1,0.577370723360218,0,1
1,0.886480933637358,1,3
1,0.97681008267682,1,3
1,0.509732015081681,1,2
0,0.713024295517243,0,1
1,0.968495915876701,1,3
1,0.762922573368996,0,3
0,0.520972516387701,1,2
1,0.864966310327873,1,3
1,0.502296294784173,1,3
1,0.587127830367535,0,1
0,0.649566676584072,0,1
1,0.81434057187289,1,3
1,0.98389063286595,0,3
0,0.506981722079217,0,1
0,0.620810619555414,0,2
0,0.848465247778222,0,3
0,0.776952760876156,0,1
0,0.658721102401614,1,2
0,0.51618040993344,0,1
1,0.925291026826017,0,3
0,0.749970512581058,1,1
1,0.741047237534076,1,3
1,0.673095469246618,1,3
1,0.557859151740558,1,3
1,0.503473736229353,1,2
1,0.635323171271011,0,3
1,0.587949949898757,1,3
1,0.580184205668047,1,1
0,0.82884329254739,0,2
1,0.651345760095865,1,3
1,0.875394427683204,0,3
0,0.838388691074215,0,2
1,0.671878544962965,1,2
0,0.763469434226863,1,1
1,0.643186132190749,1,3
1,0.65697586548049,0,2
1,0.839618483791128,1,3
1,0.522670697537251,1,3
0,0.818552434793673,0,1
1,0.992574055795558,1,3
1,0.524701630580239,0,3
0,0.68824711535126,1,2
0,0.672985072364099,0,1
0,0.839943716302514,1,1
0,0.999165921122767,1,2
0,0.53006885247305,0,3
0,0.798879379639402,0,3
0,0.828310452518053,0,2
1,0.77881290379446,0,1
1,0.589714023168199,0,2
0,0.761179387336597,1,3
1,0.825729943462647,1,2
1,0.700414524530061,0,2
1,0.569868225953542,0,3
0,0.573542241705582,1,2
1,0.941479261266068,1,2
0,0.610010622651316,0,2
0,0.783862047479488,0,3
1,0.835080528166145,0,2
1,0.650218293420039,0,2
0,0.995721867890097,0,1
0,0.705715684918687,1,2
0,0.903618773212656,1,2
1,0.553558299667202,1,3
0,0.707919897977263,1,1
0,0.685974008985795,0,1
0,0.99623315455392,0,1
1,0.862581054680049,0,3
1,0.702792833093554,0,3
0,0.75849673349876,0,1
0,0.596517785568722,1,1
0,0.870925787487067,0,1
1,0.721558482386172,0,3
0,0.729705556645058,0,1
0,0.770417415071279,1,2
1,0.661443817894906,0,2
0,0.854809835786,0,1
0,0.689483381807804,1,1
1,0.547858561621979,1,3
0,0.979985544690862,0,1
0,0.596285628969781,0,1
0,0.6945972351823,0,1
1,0.670557716512121,0,3
1,0.580501746851951,0,2
1,0.502011376433074,0,3
1,0.883440748555586,1,2
0,0.924639560515061,1,1
0,0.863856320036575,0,1
1,0.619442485272884,1,2
0,0.836832250468433,1,1
1,0.629884027410299,1,3
0,0.56475665292237,0,1
0,0.567209506640211,1,1
0,0.985941813327372,1,1
0,0.682556722080335,0,1
0,0.609300509211607,0,2
1,0.608787021483295,1,2
1,0.8054709516,1,1
1,0.515285391709767,1,1
1,0.715137063176371,0,2
0,0.597080541658215,1,2
0,0.895249145687558,1,1
0,0.680335174081847,0,1
0,0.7125858993968,0,1
1,0.736052374006249,1,2
0,0.523098433855921,0,1
0,0.764458386576734,0,1
0,0.87119991867803,0,1
1,0.502433464396745,1,2
1,0.752598120132461,0,2
1,0.69352968246676,1,3
1,0.560013576876372,0,2
1,0.77388332481496,1,1
1,0.524681300390512,0,3
0,0.662047010962851,0,2
1,0.969448325689882,1,2
0,0.813810514635406,1,2
0,0.701136426767334,1,1
1,0.861883479868993,0,3
1,0.829519537859596,0,3
1,0.656895409338176,0,3
1,0.853642437024973,1,3
1,0.681446492671967,1,2
1,0.921752690454014,0,3
0,0.83590990898665,0,2
1,0.711082619731314,1,2
0,0.506749426363967,0,1
0,0.946211788337678,0,2
1,0.742828127811663,1,2
0,0.820612789597362,0,2
0,0.988089423975907,0,3
0,0.961365512222983,1,1
1,0.547929900232702,0,1
0,0.926611253293231,0,1
0,0.558884325437248,1,1
0,0.830139427795075,1,2
0,0.754979614401236,0,2
0,0.845291294157505,0,1
0,0.782463855459355,1,1
0,0.656937801744789,0,1
1,0.532597874291241,0,2
1,0.830497560091317,0,1
0,0.893754298216663,1,2
1,0.524449329590425,0,2
0,0.557913810946047,0,3
1,0.904090594500303,1,2
0,0.787909966427833,1,1
1,0.571313270134851,0,3
0,0.828598212567158,1,1
0,0.774754485115409,1,1
1,0.771499208407477,1,3
0,0.813847022829577,0,2
0,0.805907892994583,1,1
1,0.517697298084386,0,1
0,0.912444914923981,0,1
1,0.60554850474,0,3
1,0.909183375537395,1,2
0,0.610029472503811,0,2
1,0.77252303250134,1,3
0,0.898026011651382,1,2
1,0.587712693144567,0,2
0,0.689213192439638,0,1
0,0.721489222254604,1,1
1,0.512091017910279,1,2
0,0.601788657018915,0,2
1,0.58387913799379,1,3
1,0.584601169917732,0,2
0,0.856578514329158,1,2
1,0.586019127862528,1,1
0,0.690510433865711,0,1
1,0.741443852544762,1,2
1,0.62105149962008,1,2
1,0.682048190268688,1,2
0,0.781455843825825,1,1
1,0.905925529077649,0,2
0,0.735453261178918,1,2
0,0.833830406540073,1,1
0,0.912615966284648,1,1
1,0.800764046842232,1,3
0,0.649921012227423,1,2
0,0.710863279295154,0,1
0,0.715285307262093,0,3
1,0.622860911884345,1,3
0,0.933697418193333,0,1
1,0.961452004034072,1,1
1,0.874949842575006,0,3
1,0.901070654275827,0,1
0,0.869695558561943,0,1
0,0.943684664787725,0,1
0,0.835358750307932,1,2
0,0.908471535425633,1,2
0,0.87372245406732,0,1
1,0.908173842472024,1,3
1,0.752307211630978,0,3
1,0.691815811558627,1,2
0,0.813840868067928,1,1
0,0.959810000960715,0,1
1,0.528763325070031,1,2
0,0.96173677383922,1,1
1,0.734752452117391,0,3
0,0.929040856892243,1,1
0,0.763371847569942,1,3
0,0.58680529659614,0,2
1,0.586047338787466,1,3
1,0.797864942695014,1,3
1,0.943181492271833,0,2
0,0.686600202228874,0,1
1,0.868526598438621,1,2
0,0.891440824489109,1,1
0,0.684530180529691,0,1
0,0.746177511289716,0,3
1,0.682150091277435,0,3
0,0.638446212280542,0,2
0,0.884704482741654,0,1
0,0.697262953035533,0,2
0,0.792770848376676,1,1
1,0.636653452762403,1,1
1,0.549386608880013,0,3
0,0.571358579560183,1,1
1,0.975462605361827,0,3
1,0.591541776550002,1,3
0,0.571286284946837,0,2
1,0.836527511128224,1,3
1,0.760132173541933,0,2
1,0.910478441044688,1,2
1,0.554908154648729,0,3
0,0.715447129681706,0,1
1,0.900938069215044,0,3
0,0.627331123454496,1,1
0,0.732083301641978,0,1
0,0.813127510482445,1,1
1,0.853742924053222,0,3
1,0.759769014082849,1,3
0,0.750174385146238,1,2
1,0.750914442585781,1,1
1,0.571805651648901,0,3
1,0.608824783703312,1,2
0,0.965232764254324,0,1
1,0.56130384944845,0,3
0,0.956748468102887,1,1
1,0.801649910863489,1,2
1,0.715216384734958,0,2
0,0.964475601911545,0,1
0,0.83409730240237,0,2
0,0.81169047486037,0,2
1,0.517163987038657,0,3
0,0.783952348283492,0,2
1,0.841039992286824,0,3
0,0.66508890548721,1,2
0,0.662031670333818,0,1
0,0.631917849648744,0,2
1,0.945477358764037,0,3
0,0.933403590810485,0,1
0,0.746388148749247,1,1
0,0.882771093049087,1,1
1,0.831408410915174,0,2
0,0.933788350084797,1,1
1,0.78912260895595,1,3
1,0.845233268802986,1,3
1,0.534232841338962,1,3
1,0.728373265243135,0,3
0,0.909199809189886,1,3
0,0.965065072407015,0,2
1,0.60042382508982,0,2
0,0.646283045178279,1,1
1,0.690482166362926,0,2
0,0.676154443528503,0,1
0,0.759517489466816,1,1
1,0.708095707464963,1,3
1,0.950822875252925,0,2
0,0.939303285907954,0,1
1,0.680206797318533,1,3
0,0.921241106581874,1,1
0,0.897317115333863,1,2
1,0.521283931098878,1,1
0,0.825510051683523,1,1
1,0.955484876642004,0,1
1,0.519095684052445,0,1
1,0.744343862519599,0,3
1,0.649557754397392,0,1
1,0.535515256575309,1,3
0,0.501240132027306,1,3
0,0.647223709849641,0,2
1,0.546774058719166,1,2
0,0.580554358311929,0,1
0,0.592327479738742,0,2
1,0.732975627644919,1,2
0,0.629058824386448,1,1
0,0.828228691942059,1,1
0,0.527403054526076,1,2
0,0.896240634843707,1,1
1,0.844311809632927,1,3
0,0.7630528655136,1,1
0,0.533113459357992,0,1
0,0.663010257994756,1,1
0,0.943612578092143,1,2
1,0.757245615706779,0,2
1,0.776617069961503,1,3
0,0.520528775057755,0,1
0,0.551714299246669,1,1
0,0.701450917636976,0,2
0,0.9838783191517,0,2
1,0.985757701913826,1,3
0,0.565962362685241,1,2
0,0.661653833230957,0,2
0,0.728082235902548,0,1
0,0.579594242270105,0,1
1,0.636427365709096,1,3
1,0.564873903989792,1,2
1,0.622477399883792,0,3
0,0.613352555315942,1,2
1,0.572669971501455,0,2
1,0.847633148776367,1,3
1,0.87391713494435,0,1
1,0.929439824307337,0,3
1,0.732528740190901,1,2
0,0.594889587955549,1,1
0,0.822094415081665,0,1
0,0.689463018556125,0,1
0,0.548092314391397,0,1
0,0.835833126562648,1,2
1,0.723734807805158,1,2
0,0.602688124752603,0,2
0,0.738980958471075,0,1
0,0.947808847529814,1,3
1,0.764076497289352,1,1
0,0.921316577587277,1,2
1,0.949945803382434,0,2
0,0.703177359886467,0,1
0,0.524635951616801,1,2
0,0.675926285446621,0,2
0,0.945776183856651,0,1
0,0.67347642686218,1,1
1,0.781260808929801,1,2
1,0.791003606165759,1,2
1,0.538997805677354,1,3
0,0.995565372752026,1,2
0,0.831467973068357,0,1
0,0.989015649189241,1,1
0,0.891791948582977,1,1
0,0.678734857705422,1,1
1,0.540931937750429,1,3
0,0.676156155066565,1,3
1,0.538141332333907,1,3
1,0.5337131844135,0,3
1,0.566223362693563,1,3
1,0.67167984333355,0,3
1,0.58622134430334,1,2
1,0.73537925502751,1,2
0,0.817763510742225,1,1
0,0.851506866747513,0,1
0,0.819764331914485,1,3
0,0.718025681329891,1,1
1,0.628066448611207,1,1
0,0.954466121620499,0,2
0,0.749030473409221,1,1
1,0.96644345310051,0,1
1,0.518283825716935,0,1
0,0.847392811556347,0,3
0,0.87701254489366,1,1
0,0.829342101118527,1,1
0,0.517567139817402,0,1
1,0.766986031085253,1,3
1,0.62736264965497,1,1
1,0.504967529908754,0,2
1,0.978577015106566,1,3
0,0.775927518261597,1,3
0,0.963070269208401,1,1
0,0.541107311611995,0,2
0,0.96862060285639,1,2
0,0.831687724799849,0,2
0,0.601041646790691,1,1
0,0.586412003962323,0,1
1,0.958651357213967,1,3
0,0.847872274694964,0,3
0,0.747391271404922,1,1
0,0.696135968668386,1,2
0,0.679449336254038,1,2
1,0.519212407874875,1,1
0,0.901000190177001,0,1
0,0.948964635026641,1,1
0,0.65506297070533,1,2
0,0.95394390320871,0,1
0,0.624544210149907,0,1
0,0.847133654169738,0,1
1,0.613047636579722,1,2
1,0.694650032208301,0,3
0,0.836180546320975,0,1
0,0.63930412568152,1,1
0,0.858329177135602,0,1
0,0.926822233363055,1,2
0,0.814668711973354,0,2
1,0.837680790224113,1,2
1,0.500780019676313,1,2
1,0.508551582810469,1,3
1,0.517084107268602,0,2
1,0.98069213074632,0,3
1,0.533732013311237,0,1
0,0.806802432751283,0,1
0,0.627239974564873,0,2
1,0.795633056084625,1,3
1,0.919505605474114,1,3
1,0.677556945360266,0,3
1,0.50339270697441,0,2
0,0.653530650306493,1,1
0,0.982046123128384,0,1
0,0.511108001461253,0,2
1,0.529623891459778,1,3
0,0.714659104705788,0,3
1,0.967589608277194,1,1
1,0.508569462341256,1,2
0,0.547312120790593,1,1
0,0.991425506887026,0,2
0,0.685767476912588,0,1
0,0.853034313069656,0,1
0,0.885456777526997,1,1
1,0.928306622896343,1,1
1,0.588797923643142,1,1
0,0.806729156174697,1,3
1,0.928783820592798,1,1
0,0.605590426246636,1,1
1,0.803522114641964,0,3
0,0.788124501588754,0,3
0,0.791993071790785,0,1
0,0.587476475397125,0,1
0,0.952449928154238,1,1
0,0.622070902958512,0,1
1,0.797067384701222,0,3
1,0.685470981406979,0,3
1,0.944477156270295,0,3
1,0.537352516781539,0,3
1,0.963200236205012,1,3
0,0.93361904588528,0,2
0,0.64551102637779,1,1
1,0.5080409955699,1,3
1,0.614466261933558,1,3
1,0.966099178418517,1,2
0,0.797640419681557,1,1
0,0.880016987328418,0,2
1,0.90714245592244,1,3
1,0.894377276534215,1,3
1,0.522553028422408,0,3
1,0.759856856428087,0,2
1,0.935533561510965,0,3
0,0.724800228723325,1,2
1,0.753972274251282,0,1
1,0.599339187261648,0,3
0,0.648895693360828,0,3
1,0.592239239369519,0,1
1,0.629242924274877,0,2
0,0.924195499392226,0,3
0,0.962721602758393,0,2
0,0.945074915187433,1,1
0,0.977167244069278,0,2
0,0.742265267530456,1,2
0,0.883872223901562,1,3
0,0.540992051712237,1,1
0,0.681084017734975,0,1
1,0.825261644553393,1,1
1,0.701541617047042,0,1
0,0.668527970323339,1,1
0,0.722761030308902,1,2
1,0.578280749265105,1,3
1,0.931713538710028,0,3
0,0.629583660745993,0,2
0,0.730759046040475,1,2
0,0.788044028682634,1,2
0,0.804609533399343,1,2
1,0.585300676524639,1,2
0,0.596198212704621,1,1
0,0.928809711127542,0,1
0,0.847532444633543,0,1
0,0.607491809874773,0,1
1,0.585406148689799,1,3
0,0.564054426387884,0,1
0,0.724821939598769,1,1
1,0.582593299332075,1,1
0,0.882069363375194,1,1
1,0.861706116003916,1,3
0,0.728005030774511,0,1
0,0.595334980869666,1,3
1,0.564789822441526,1,2
0,0.927796478499658,1,1
0,0.767026583082043,0,1
1,0.507200481370091,0,2
1,0.558655186905526,1,1
1,0.909160587121733,0,3
0,0.50151153083425,1,1
1,0.576342163025402,0,2
1,0.861010437132791,0,3
0,0.580069091869518,1,3
0,0.817227255087346,1,1
1,0.540879269130528,1,1
1,0.862286084098741,0,1
0,0.872936638304964,0,1
1,0.873660676181316,1,2
0,0.679594402667135,1,1
0,0.700948315788992,0,2
0,0.756535767810419,1,2
0,0.945614050026052,1,1
1,0.545210263342597,1,1
0,0.858779923641123,0,1
1,0.609018344897777,0,2
1,0.630203649983741,0,1
0,0.758267095079646,1,1
1,0.663559214328416,1,1
0,0.908243843005039,1,1
1,0.943820513319224,0,3
1,0.661179073038511,0,3
1,0.7916302124504,1,2
0,0.939014498144388,0,1
1,0.786027404596098,1,2
0,0.685330756008625,1,1
0,0.901890780660324,0,1
0,0.89568924496416,0,2
0,0.653312291251495,1,1
0,0.657066471525468,0,1
1,0.928697549854405,0,3
0,0.667106770793907,0,1
0,0.826449755229987,1,1
0,0.561975051066838,1,1
0,0.754230287857354,1,1
1,0.775299299508333,1,3
0,0.923069339478388,1,2
0,0.862989842309617,0,1
1,0.786533854901791,1,2
1,0.798753498005681,1,1
1,0.698110053548589,1,3
0,0.926532665849663,0,1
0,0.718195451656356,1,1
0,0.789074561791494,0,1
0,0.598611526773311,0,1
1,0.844767372589558,1,2
1,0.681554119219072,1,2
0,0.618913582060486,1,1
0,0.976344229653478,1,2
1,0.527532597188838,1,2
1,0.518329931190237,1,2
1,0.697204970638268,1,2
1,0.699188197148032,0,3
1,0.531748214852996,1,3
0,0.855674830614589,0,2
0,0.936288088560104,0,3
0,0.743212624220178,0,1
1,0.64922483090777,0,2
1,0.941276322701015,1,3
0,0.634283765451983,0,1
0,0.984573673224077,1,2
0,0.549065502709709,0,2
1,0.528536995174363,0,2
1,0.803525573224761,1,1
1,0.799820049782284,1,3
0,0.507013178546913,1,1
1,0.828647367656231,0,3
0,0.854144042124972,0,3
0,0.614970232360065,0,1
1,0.568485474213958,0,2
0,0.972637870232575,1,1
1,0.640948183834553,0,3
0,0.644014504738152,0,1
1,0.868186928215437,1,3
0,0.719463852699846,0,1
1,0.680054248543456,0,3
0,0.820346536929719,0,1
1,0.535091004800051,0,1
1,0.796980147948489,0,3
1,0.791134962113574,1,3
1,0.652205833583139,1,2
1,0.593569841352291,0,3
1,0.668135963263921,1,3
0,0.892351411981508,1,1
1,0.536193055682816,0,2
0,0.989268347271718,0,2
0,0.507646353915334,1,1
1,0.809804775170051,1,3
0,0.990254446398467,1,1
1,0.720350807881914,1,2
1,0.652775464695878,0,2
0,0.671956167672761,1,2
0,0.996567058726214,1,2
1,0.500463006785139,0,2
1,0.587783500785008,0,1
0,0.630534545052797,0,1
1,0.688041316810995,0,3
0,0.545608890475705,0,1
1,0.689913460868411,1,1
0,0.808171556564048,1,1
1,0.863250668626279,0,2
0,0.867467623786069,1,1
0,0.819794928422198,1,1
0,0.635041477740742,0,1
0,0.839854677789845,0,1
0,0.682851326302625,1,3
1,0.96150158601813,1,3
1,0.979630261543207,0,3
0,0.970902280532755,0,1
1,0.522096597356722,1,3
1,0.749829200445674,0,3
0,0.652981302817352,1,1
1,0.872279014321975,1,3
1,0.745777998003177,0,2
1,0.931778318947181,0,2
1,0.632623336394317,1,1
1,0.955637527164072,1,2
0,0.593776906840503,1,1
0,0.80190214200411,1,2
0,0.969400452566333,1,1
1,0.714417740469798,1,3
0,0.942994547309354,0,1
0,0.521754633635283,0,2
1,0.844877205672674,0,3
0,0.80603069474455,1,2
1,0.989865293377079,0,3
1,0.60281518404372,1,3
0,0.703038117149845,0,1
1,0.582319148117676,1,2
0,0.598001505364664,0,1
1,0.721668720128946,0,3
0,0.729679365991615,0,1
0,0.925657082698308,0,2
0,0.671681955922395,1,1
1,0.698347716592252,0,3
1,0.638032806571573,0,3
0,0.855013503925875,1,3
0,0.730608511948958,0,1
1,0.914103450486436,0,3
0,0.870264686876908,1,3
0,0.62738845590502,1,1
0,0.521313652978279,0,2
0,0.650131198693998,1,2
1,0.676493001868948,1,1
1,0.622170463437214,0,2
0,0.940316804568283,1,1
0,0.56698104692623,0,1
1,0.808143603848293,1,2
1,0.573818140197545,1,2
1,0.993583161849529,0,3
1,0.607075972831808,1,3
0,0.696695313090459,0,2
0,0.523888896568678,0,1
1,0.628134036902338,1,3
0,0.514345587114803,0,1
1,0.621240666718222,1,1
1,0.664050234248862,1,2
1,0.611563488957472,1,1
1,0.666820847894996,0,3
1,0.541052524931729,1,3
0,0.928155889501795,0,3
0,0.736949513433501,1,1
0,0.583081731805578,1,2
1,0.746404576348141,1,3
0,0.535712343873456,1,1
0,0.908730865921825,0,1
1,0.743333085905761,0,3
1,0.951064874301665,1,1
1,0.731522911344655,0,3
1,0.598642230848782,0,3
0,0.640697255148552,0,2
0,0.563216665177606,1,2
1,0.983869030256756,1,3
0,0.984628132195212,1,2
1,0.913333081523888,1,3
1,0.968775848275982,0,1
1,0.694575994857587,0,1
0,0.998040240025148,1,1
0,0.844678592402488,0,2
1,0.601791766588576,0,2
1,0.578133150120266,0,1
0,0.88105544866994,0,1
1,0.734960746020079,1,2
1,0.774440481560305,1,3
0,0.650453453650698,1,2
0,0.83753283706028,1,2
1,0.861680230707861,1,1
0,0.715789316804148,0,1
0,0.531484010512941,0,1
1,0.550237794173881,1,2
0,0.593999927048571,0,1
1,0.881504253018647,0,3
0,0.999869853258133,0,2
0,0.872725397231989,1,2
0,0.79616701672785,1,2
1,0.872560795512982,1,2
1,0.508603768306784,1,2
0,0.658898852649145,0,1
0,0.955080661573447,0,2
0,0.605648940545507,1,2
1,0.628575711511075,1,2
1,0.611512210802175,1,3
0,0.968938717385754,1,1
0,0.922548214090057,0,2
0,0.522465937305242,1,1
0,0.925644539296627,0,3
0,0.915422683116049,0,1
0,0.584720483748242,0,1
0,0.538193022250198,0,1
0,0.670243671978824,1,3
1,0.759054777678102,1,2
0,0.7046419858234,1,1
0,0.909787562326528,1,2
1,0.804856000118889,1,1
0,0.829634341760539,1,1
1,0.513703082106076,1,3
0,0.655814461177215,1,1
0,0.667083585751243,0,2
0,0.741606105468236,0,3
0,0.569556499016471,1,3
0,0.825747476774268,0,2
1,0.637670439318754,1,1
1,0.928064863779582,0,3
1,0.743429877446033,0,3
1,0.91431925422512,1,2
0,0.742202352150343,0,2
1,0.647716815234162,0,1
0,0.949822875903919,0,2
0,0.514993567951024,1,1
0,0.633509020903148,1,1
0,0.568031937466003,1,1
0,0.846756229526363,0,1
0,0.754492436069995,1,1
0,0.647854241775349,0,1
1,0.566899898927659,0,3
0,0.951687595224939,0,1
1,0.762220166740008,1,1
0,0.68176012893673,1,2
0,0.902547770529054,0,2
1,0.760457914089784,1,3
0,0.507082578376867,1,1
0,0.69129929097835,1,1
0,0.730936721316539,1,2
0,0.972149698762223,1,1
0,0.93838997464627,1,1
0,0.601506978506222,1,1
0,0.738841429003514,0,2
0,0.733577251317911,0,3
1,0.856679983902723,1,1
1,0.657289155060425,1,2
0,0.980835481430404,1,2
1,0.843920341227204,0,3
1,0.92718417942524,1,2
1,0.575642669689842,1,3
1,0.760212639346719,0,2
1,0.697711352491751,1,2
0,0.937297998112626,0,1
1,0.988438105792738,1,3
1,0.607100770343095,1,3
1,0.722079677623697,0,3
1,0.8436421637889,0,3
0,0.618598020868376,0,1
1,0.670950332423672,0,3
1,0.577197310049087,1,2
1,0.543259106227197,0,1
0,0.761181698180735,0,1
1,0.727347837644629,0,3
0,0.51579787035007,0,3
1,0.582745336927474,1,3
1,0.532464193180203,0,3
1,0.958425748976879,0,3
1,0.737954920507036,0,2
1,0.688988843583502,1,3
0,0.858092174865305,0,1
1,0.511211295146495,1,2
0,0.555133403628133,1,1
0,0.910127300187014,1,1
1,0.617924920748919,1,1
0,0.896527854143642,1,1
0,0.587513905367814,0,1
1,0.858749227947555,1,3
1,0.54280692175962,1,1
0,0.675886967801489,0,3
0,0.773488354519941,1,1
0,0.693640809389763,1,1
0,0.942147969501093,0,1
1,0.988741337321699,1,2
1,0.772535210242495,0,1
0,0.671004598028958,0,1
1,0.554272092180327,0,2
0,0.93325483344961,1,1
0,0.963724436587654,1,1
0,0.899332257104106,0,2
0,0.623585028573871,1,1
1,0.560197143699042,1,3
0,0.730824665515684,1,1
1,0.515098594361916,1,1
0,0.607342146337032,0,3
0,0.767674085102044,0,1
1,0.603865850367583,1,3
0,0.945531304343604,0,2
1,0.529613406863064,1,2
0,0.917178185656667,0,1
0,0.964903869200498,0,2
1,0.975436535431072,0,3
1,0.8554387568729,1,3
1,0.922108392114751,0,3
0,0.73782027780544,1,2
1,0.759924015845172,1,3
0,0.586611385690048,0,1
0,0.741366792470217,0,2
0,0.898503964534029,0,2
1,0.997102185850963,0,3
0,0.735650125192478,1,1
0,0.670709852478467,0,2
1,0.740049538318999,0,3
0,0.587293255724944,0,1
1,0.791825844906271,0,1
1,0.920821541571058,0,3
1,0.871288539841771,1,3
0,0.837280860985629,1,1
0,0.908302642055787,1,1
1,0.933213207754306,0,3
0,0.652060304651968,0,1
1,0.804586383630522,1,3
0,0.552876324625686,1,1
1,0.520094429259188,1,2
0,0.960237063351087,1,2
1,0.955215366440825,1,3
1,0.690305288881063,0,3
1,0.86202840518672,1,1
0,0.936030364362523,1,2
0,0.978036079788581,0,1
1,0.738264393992722,0,2
1,0.520640079514123,0,3
1,0.64563178922981,1,3
0,0.605954104219563,0,1
1,0.882588649401441,0,1
1,0.665716347517446,1,1
0,0.810460717184469,1,1
1,0.733913218718953,0,3
0,0.85736683185678,1,1
1,0.664969489327632,1,1
0,0.8521652641939,1,1
0,0.755201383959502,0,1
0,0.983228449476883,0,1
1,0.725863200146705,0,2
0,0.852791529265232,1,2
1,0.503124719369225,1,1
1,0.619935253751464,1,3
1,0.770513624069281,1,3
0,0.796173225273378,0,2
0,0.69064646132756,0,2
0,0.549757511587813,0,3
0,0.876132606295869,0,1
1,0.596466620801948,0,2
0,0.720815216540359,1,1
1,0.619208596879616,1,2
1,0.689309455570765,0,3
0,0.585741084534675,0,2
0,0.653583351639099,0,1
1,0.589451225823723,0,3
1,0.920668545877561,1,3
0,0.917072552023456,0,2
1,0.579719408298843,0,1
0,0.55953505448997,0,1
0,0.627495411317796,0,1
1,0.857296278234571,0,3
1,0.987994268070906,1,2
1,0.50576103979256,1,1
0,0.688949371338822,0,1
0,0.586295205983333,0,1
1,0.56305583845824,0,2
0,0.911148111685179,1,2
0,0.76743515022099,0,1
1,0.515720738330856,0,1
0,0.734555013128556,0,1
1,0.965691926539876,0,1
1,0.526663638534956,1,3
0,0.884145849966444,1,1
0,0.759541514911689,1,3
0,0.564803254790604,1,3
0,0.956679761526175,1,1
0,0.847983244340867,1,1
1,0.867025459883735,0,3
1,0.873950704932213,1,2
0,0.89786897576414,1,2
0,0.97938470938243,0,2
1,0.850990763166919,0,3
0,0.907770387479104,1,2
1,0.529585127718747,0,3
0,0.73423151683528,1,1
1,0.73129903851077,0,1
0,0.796910462668166,1,1
0,0.753586519509554,0,2
0,0.677368176286109,0,3
1,0.648235540138558,0,1
1,0.905038923840038,1,3
0,0.57064840849489,0,1
1,0.620780661003664,1,3
1,0.533391992561519,0,3
1,0.670287525048479,1,3
1,0.800973645062186,1,2
0,0.869224487920292,1,2
0,0.969494478078559,0,2
0,0.980959995649755,1,1
0,0.646797207067721,0,2
0,0.677464114734903,1,1
0,0.76081615651492,1,1
1,0.6592901624972,1,3
1,0.507778455037624,1,3
0,0.711120160063729,1,2
1,0.505894708796404,1,1
1,0.550487744039856,0,1
0,0.874353421037085,0,1
1,0.645089316298254,1,1
1,0.521709126769565,0,3
1,0.858193459338509,0,2
0,0.970721611636691,1,2
0,0.657706114230677,1,3
1,0.857858887407929,0,3
1,0.78823468007613,1,2
1,0.901929041137919,0,3
1,0.693876670091413,0,3
0,0.558444870985113,0,2
0,0.653239831095561,0,2
1,0.905838814913295,0,3
1,0.58706074138172,0,1
0,0.618228269042447,1,1
0,0.983688730630092,1,1
0,0.953514148714021,1,1
1,0.688286209711805,0,1
0,0.539222435327247,1,2
1,0.517011017189361,0,2
0,0.569310273160227,1,1
1,0.731265526846983,0,1
1,0.758549586753361,0,1
1,0.83051448687911,0,3
0,0.532134191133082,0,1
1,0.888076112256385,1,2
0,0.766943196416833,0,2
0,0.906313210725784,0,1
0,0.848016723291948,1,1
1,0.576138671603985,0,2
0,0.946374430204742,1,1
1,0.77388494706247,1,2
1,0.839457684429362,0,1
0,0.720749075175263,1,2
1,0.849702548468485,1,3
0,0.993588524754159,0,2
0,0.616717222030275,1,1
0,0.54097216646187,0,1
0,0.52070398570504,0,1
0,0.864072528085671,0,3
0,0.855376196210273,0,1
1,0.986008019302972,0,3
0,0.884673577616923,0,2
1,0.832866266486235,1,3
1,0.611380993737839,1,2
1,0.879745156387798,1,3
0,0.734367925906554,0,3
1,0.595792459091172,1,2
0,0.686716862022877,0,1
0,0.521743042976595,1,1
1,0.702368630445562,1,3
0,0.507935313973576,0,1
1,0.793584901490249,1,1
1,0.687894161324948,0,2
1,0.809692791081034,0,3
0,0.873198973014951,1,2
0,0.974602093338035,1,1
1,0.997267895378172,0,3
0,0.900691450340673,0,2
0,0.66057765064761,0,1
1,0.682779651018791,0,1
1,0.647785387467593,0,1
0,0.635363045381382,0,1
0,0.52723264391534,1,3
1,0.725125923054293,0,3
0,0.72496447712183,0,1
0,0.749129282776266,0,1
1,0.698767691268586,1,2
1,0.89721240371,1,3
0,0.952945505268872,1,2
1,0.710709139937535,1,2
1,0.796913039055653,0,3
0,0.974187648971565,1,1
0,0.769417759496719,1,1
0,0.898691851063631,0,1
1,0.751517023541965,1,3
1,0.698749285191298,1,3
0,0.978919246583246,1,1
1,0.891201606835239,0,3
0,0.68133229680825,0,1
0,0.84032439684961,0,3
0,0.697975838324055,1,2
0,0.665805526659824,0,1
0,0.589600143837743,1,3
0,0.638083544210531,0,1
0,0.828427709289826,0,1
0,0.733896476915106,0,1
1,0.820993640460074,0,3
1,0.575757325277664,1,3
1,0.624968143878505,1,2
0,0.715607037069276,0,2
1,0.551326135755517,1,3
1,0.919065239257179,1,3
0,0.936930855037645,1,1
0,0.571807918604463,0,2
1,0.602878349483944,0,2
0,0.771596489357762,0,1
0,0.6897601201199,1,1
0,0.948227807180956,0,2
1,0.817297841538675,1,3
0,0.518013679189608,0,1
0,0.964623401407152,0,1
1,0.6206496108789,1,2
0,0.771425307029858,0,1
1,0.593106166110374,0,3
1,0.66481692250818,1,3
0,0.844270744710229,1,2
1,0.576551442616619,1,2
0,0.610499536967836,1,1
0,0.874589515849948,1,2
1,0.603391014505178,1,2
0,0.91984094621148,1,2
0,0.910112507292069,0,1
1,0.574700967641547,1,3
0,0.94309759628959,0,1
0,0.784972012625076,1,3
0,0.734693043283187,1,2
1,0.598192987963557,1,3
1,0.608140954514965,0,2
0,0.730704059824347,1,2
0,0.893636725959368,0,2
0,0.594662980525754,1,2
0,0.946798703167588,1,1
1,0.587040962651372,0,1
1,0.694266135455109,1,2
0,0.725519987754524,0,1
1,0.544943817192689,1,2
0,0.853462463594042,1,1
0,0.557872432516888,0,1
1,0.574259279412217,1,2
0,0.98778815777041,0,3
0,0.963295546593145,0,1
0,0.831422285875306,0,1
1,0.548179041245021,0,2
0,0.753008069354109,0,1
0,0.71006589976605,0,1
0,0.767537671374157,1,3
0,0.712699194671586,0,1
0,0.555224673356861,0,2
0,0.747996488586068,1,1
0,0.96375605231151,1,1
0,0.942736494238488,0,2
1,0.844337411574088,1,3
0,0.804288724903017,0,2
1,0.514018459711224,1,3
1,0.703507884405553,1,2
0,0.997460532351397,0,1
0,0.757482727523893,1,1
1,0.820814229198731,1,3
1,0.659113651840016,0,3
0,0.552676743362099,0,1
1,0.808932518353686,0,3
1,0.586385171976872,1,3
1,0.736391329672188,1,3
0,0.703377652447671,1,1
1,0.629773303051479,1,2
0,0.908196130068973,1,2
1,0.962476299726404,1,3
1,0.922301679500379,1,3
0,0.578261563554406,0,1
1,0.517402006895281,0,1
0,0.535039040027186,0,1
0,0.957226736587472,1,1
0,0.585754853207618,1,1
1,0.892256892286241,1,2
0,0.563969004317187,0,1
0,0.509057674673386,0,2
0,0.637449159286916,1,2
1,0.91170215071179,1,3
0,0.756927950307727,0,2
1,0.567970952019095,0,3
1,0.743140022736043,1,1
0,0.830499438918196,0,2
0,0.880521950195543,0,1
1,0.654017973458394,0,3
0,0.985751935979351,0,1
0,0.536303732544184,0,1
1,0.651635572779924,1,2
0,0.560929171275347,0,1
1,0.698262671590783,1,3
1,0.674523786525242,0,2
0,0.951997698401101,0,3
1,0.582840916235,1,1
1,0.756536067463458,1,2
1,0.933098792331293,0,3
0,0.995264195487835,0,2
1,0.547352996538393,1,1
1,0.716718987445347,0,2
1,0.512773873982951,0,3
0,0.679260403383523,0,1
1,0.927269441424869,0,3
0,0.826167955179699,1,1
0,0.671809912426397,1,1
0,0.692956017097458,1,1
1,0.677560378797352,1,3
1,0.656395596452057,1,1
1,0.863506449735723,1,3
1,0.740638120681979,1,1
1,0.745636342442594,0,2
0,0.725869319052435,0,2
1,0.508859868277796,1,3
0,0.998461437644437,1,1
1,0.607580289361067,1,3
1,0.704694559681229,0,2
0,0.8821003313642,0,2
0,0.798541972180828,1,1
0,0.704244263353758,1,1
0,0.840605265460908,0,1
1,0.922346739214845,0,1
1,0.724414782132953,1,2
0,0.983755049528554,1,2
0,0.727554793935269,1,1
1,0.848142047878355,1,1
1,0.626863442361355,0,2
0,0.777674442040734,1,1
1,0.656709819217212,1,1
1,0.830345157999545,1,3
0,0.708668505423702,0,1
0,0.610598471132107,0,1
1,0.862227109377272,1,3
0,0.532763445167802,0,1
0,0.837729595950805,1,2
1,0.800263526616618,1,2
0,0.999457128811628,0,1
0,0.67359204904642,1,1
1,0.508810257189907,0,2
1,0.874538691248745,1,3
1,0.574467806261964,0,3
1,0.991842090734281,0,3
0,0.590658702654764,1,1
0,0.723181780078448,1,1
1,0.653848991380073,1,1
1,0.50583182356786,1,3
0,0.679040672490373,1,2
0,0.564233021810651,0,1
0,0.522359530325048,0,1
0,0.852999650873244,1,1
1,0.932512691942975,0,3
1,0.602735879598185,1,2
1,0.60688892705366,0,3
0,0.780167753924616,1,1
0,0.747321851900779,1,1
1,0.514566883910447,1,1
0,0.649259843397886,0,1
0,0.786437575356103,0,1
1,0.547621561796404,0,2
1,0.542722987011075,1,1
1,0.540039810468443,1,3
0,0.913873506593518,1,3
1,0.770321987802163,0,3
1,0.735744033474475,0,3
0,0.622565102064982,1,1
1,0.518453460303135,1,2
1,0.700837758136913,1,3
1,0.501590237137862,0,2
0,0.899340834235772,0,2
1,0.607876594061963,1,1
1,0.61577816971112,1,1
0,0.626467107445933,0,1
0,0.860497743589804,0,1
1,0.665539244306274,1,2
1,0.763117442140356,1,2
0,0.568379069096409,0,1
0,0.508459002245218,0,1
1,0.848623992293142,1,3
1,0.784243140020408,1,3
1,0.90676646202337,0,1
0,0.746843824977987,0,1
0,0.830762670142576,0,2
0,0.873985280399211,1,1
1,0.60737872950267,1,2
0,0.614917144179344,1,1
1,0.639214641763829,1,3
0,0.832500646705739,0,2
0,0.752925440319814,0,2
0,0.850685951882042,0,1
1,0.524988859309815,1,1
0,0.635059815249406,1,1
1,0.954216753249057,0,2
0,0.792055963422172,0,1
0,0.813258979935199,0,2
1,0.873467902769335,1,3
0,0.527590613113716,0,1
1,0.635925197508186,0,1
1,0.845220248796977,0,3
1,0.659957601223141,1,2
0,0.851406030589715,0,1
1,0.524845160776749,1,2
0,0.681724268128164,1,2
1,0.772573894122615,0,3
0,0.525122960214503,0,1
0,0.807929324451834,0,1
1,0.873347698245198,0,3
0,0.712589738657698,0,1
0,0.519873288227245,1,3
1,0.536681526922621,1,3
0,0.973114346968941,1,1
1,0.564362573553808,1,2
1,0.686713160481304,0,1
0,0.937973683932796,1,1
1,0.797271775081754,0,3
0,0.868616721476428,0,2
0,0.902932152850553,1,2
1,0.787859361385927,1,3
1,0.571835164679214,0,2
1,0.75185934023466,1,3
0,0.654984900378622,0,1
0,0.855812418274581,0,1
1,0.560918044298887,0,2
1,0.997755932970904,1,2
1,0.508412241353653,1,3
0,0.961521893041208,0,1
0,0.916360336355865,1,1
0,0.713618258712813,0,2
0,0.940416485071182,1,2
1,0.50180366053246,0,1
1,0.74779192567803,0,3
1,0.502022380474955,1,3
1,0.505199191044085,1,2
0,0.674432699917816,1,1
0,0.646773676387966,0,2
1,0.6027380914893,0,2
0,0.582404726883397,0,1
0,0.862962042563595,0,1
0,0.710543896537274,1,3
1,0.678814272512682,1,3
0,0.697106244275346,0,1
1,0.92549480847083,1,3
1,0.666971056722105,0,3
0,0.587394721223973,1,2
1,0.724405375542119,1,3
1,0.813660625019111,0,2
0,0.808464939473197,0,2
1,0.543511317577213,0,3
1,0.555027445312589,0,3
0,0.837153998319991,1,1
0,0.602059482247569,1,2
1,0.725993654574268,1,3
0,0.713212413247675,0,1
1,0.528971259249374,0,1
0,0.691362347104587,0,1
0,0.681915087625384,0,1
1,0.895766322733834,0,2
0,0.666372888488695,0,1
0,0.675573868909851,0,1
1,0.867995606618933,1,3
0,0.820946513791569,0,2
0,0.808212417294271,0,1
0,0.894492781022564,1,2
0,0.678794627543539,0,1
0,0.568396326503716,1,1
1,0.516382113914005,1,1
1,0.514464978128672,0,3
