Date,PI_A,PriceIndex_A,PriceIndex_B,Display_A,Display_B
2000/01/02,1.022 ,1.000 ,0.881 ,0,0
2000/01/03,1.199 ,1.000 ,0.881 ,0,0
2000/01/04,0.261 ,1.000 ,0.881 ,0,0
2000/01/05,0.618 ,1.000 ,0.881 ,0,0
2000/01/06,1.225 ,1.000 ,0.881 ,0,0
2000/01/07,0.987 ,1.000 ,0.881 ,0,0
2000/01/08,0.578 ,1.000 ,0.881 ,0,0
2000/01/09,0.756 ,1.000 ,0.881 ,0,0
2000/01/10,1.533 ,1.000 ,0.881 ,0,0
2000/01/11,1.414 ,1.000 ,0.881 ,0,0
2000/01/13,0.302 ,1.000 ,0.881 ,0,0
2000/01/14,2.134 ,1.000 ,0.881 ,0,0
2000/01/15,0.717 ,1.000 ,0.881 ,0,0
2000/01/16,0.246 ,1.000 ,0.881 ,0,0
2000/01/17,1.036 ,1.000 ,0.881 ,0,0
2000/01/18,1.815 ,1.000 ,0.881 ,0,0
2000/01/20,3.536 ,0.908 ,1.000 ,0,0
2000/01/21,5.256 ,0.908 ,1.000 ,0,0
2000/01/22,3.650 ,0.908 ,0.782 ,0,1
2000/01/23,4.163 ,0.896 ,0.801 ,0,1
2000/01/24,2.864 ,0.908 ,0.994 ,0,1
2000/01/25,4.584 ,0.908 ,1.000 ,0,0
2000/01/26,11.097 ,0.908 ,1.000 ,1,0
2000/01/27,8.359 ,0.908 ,1.000 ,1,0
2000/01/28,4.496 ,0.908 ,1.000 ,1,0
2000/01/29,21.033 ,0.714 ,1.000 ,1,0
2000/01/30,8.136 ,0.908 ,1.000 ,1,0
2000/01/31,1.896 ,0.908 ,1.000 ,1,0
2000/02/01,6.002 ,0.908 ,1.000 ,1,0
2000/02/02,6.519 ,0.908 ,1.000 ,1,0
2000/02/03,2.073 ,0.908 ,1.000 ,0,0
2000/02/04,5.253 ,0.908 ,1.000 ,1,0
2000/02/05,2.293 ,0.908 ,0.760 ,1,1
2000/02/06,8.153 ,0.893 ,0.974 ,1,0
2000/02/07,4.505 ,0.908 ,1.000 ,0,0
2000/02/08,3.960 ,0.908 ,1.000 ,1,0
2000/02/10,6.300 ,0.908 ,1.000 ,1,0
2000/02/11,4.541 ,0.903 ,1.000 ,0,0
2000/02/12,2.467 ,0.908 ,1.000 ,0,0
2000/02/13,6.279 ,0.908 ,1.000 ,0,0
2000/02/14,3.489 ,0.908 ,1.000 ,0,0
2000/02/15,3.133 ,0.908 ,1.000 ,0,0
2000/02/17,2.155 ,1.000 ,0.846 ,0,0
2000/02/18,0.323 ,1.000 ,0.846 ,0,0
2000/02/19,0.730 ,1.000 ,0.671 ,0,1
2000/02/20,2.109 ,1.000 ,0.846 ,0,1
2000/02/21,0.940 ,1.000 ,0.846 ,0,1
2000/02/22,1.263 ,1.000 ,0.846 ,0,0
2000/02/23,12.987 ,0.789 ,0.829 ,1,0
2000/02/24,7.424 ,0.803 ,0.846 ,0,0
2000/02/25,6.489 ,0.803 ,0.846 ,1,0
2000/02/26,9.016 ,0.791 ,0.623 ,1,1
2000/02/27,8.559 ,0.803 ,0.846 ,1,1
2000/02/28,7.721 ,0.803 ,0.846 ,1,1
2000/02/29,6.661 ,0.803 ,0.846 ,1,0
2000/03/01,6.234 ,0.803 ,0.846 ,1,0
2000/03/02,7.602 ,0.803 ,0.846 ,1,0
2000/03/03,7.745 ,0.803 ,0.846 ,1,0
2000/03/04,5.924 ,0.803 ,0.846 ,1,0
2000/03/05,9.420 ,0.803 ,0.846 ,1,0
2000/03/06,0.317 ,0.803 ,0.846 ,0,0
2000/03/07,0.752 ,1.000 ,0.846 ,0,0
2000/03/09,0.270 ,1.000 ,0.846 ,0,0
2000/03/10,0.905 ,1.000 ,0.846 ,0,0
2000/03/11,1.706 ,1.000 ,0.846 ,0,0
2000/03/12,0.486 ,1.000 ,0.846 ,0,0
2000/03/13,1.492 ,1.000 ,0.846 ,0,0
2000/03/14,0.723 ,1.000 ,0.573 ,0,1
2000/03/15,0.892 ,1.000 ,1.000 ,0,0
2000/03/16,2.760 ,0.908 ,1.000 ,0,0
2000/03/17,3.388 ,0.908 ,1.000 ,0,0
2000/03/18,14.293 ,0.843 ,1.000 ,1,0
2000/03/19,11.692 ,0.908 ,1.000 ,1,0
2000/03/20,5.714 ,0.908 ,1.000 ,1,0
2000/03/21,5.420 ,0.908 ,1.000 ,1,0
2000/03/23,8.193 ,0.892 ,0.990 ,1,0
2000/03/24,4.482 ,0.908 ,1.000 ,1,0
2000/03/25,5.287 ,0.908 ,1.000 ,1,0
2000/03/26,4.284 ,0.908 ,1.000 ,1,0
2000/03/27,7.224 ,0.908 ,1.000 ,1,0
2000/03/28,5.147 ,0.908 ,1.000 ,1,0
2000/03/29,2.915 ,0.908 ,1.000 ,0,0
2000/03/30,3.121 ,0.908 ,1.000 ,0,0
2000/03/31,3.285 ,0.908 ,1.000 ,0,0
2000/04/01,2.962 ,0.908 ,0.900 ,0,1
2000/04/02,2.882 ,0.886 ,0.836 ,0,1
2000/04/03,0.306 ,1.000 ,0.846 ,0,1
2000/04/04,0.782 ,0.908 ,0.846 ,0,1
2000/04/06,1.479 ,0.908 ,0.846 ,0,1
2000/04/07,0.277 ,0.908 ,0.846 ,0,1
2000/04/08,1.363 ,0.908 ,0.846 ,0,0
2000/04/09,1.955 ,0.908 ,0.846 ,0,0
2000/04/10,4.308 ,0.908 ,0.846 ,0,0
2000/04/11,2.046 ,0.908 ,0.846 ,0,0
2000/04/13,2.609 ,0.908 ,0.846 ,0,0
2000/04/14,5.329 ,0.908 ,0.846 ,0,0
2000/04/15,3.697 ,0.883 ,0.846 ,0,0
2000/04/16,3.147 ,0.908 ,0.846 ,0,0
2000/04/17,2.687 ,0.908 ,0.846 ,0,0
2000/04/18,1.642 ,0.908 ,0.923 ,0,0
2000/04/20,0.306 ,1.000 ,0.949 ,0,0
2000/04/21,1.676 ,1.000 ,0.949 ,0,0
2000/04/22,0.915 ,1.000 ,0.949 ,0,0
2000/04/23,1.912 ,0.984 ,0.936 ,0,0
2000/04/24,2.314 ,1.000 ,0.949 ,0,0
2000/04/25,0.763 ,1.000 ,0.949 ,0,0
2000/04/26,0.347 ,1.000 ,0.949 ,0,0
2000/04/27,0.863 ,1.000 ,0.949 ,0,0
2000/04/28,0.613 ,1.000 ,0.949 ,0,0
2000/04/29,0.670 ,1.000 ,0.885 ,0,1
2000/04/30,1.938 ,1.000 ,0.949 ,0,1
2000/05/01,0.231 ,1.000 ,0.949 ,0,0
2000/05/02,2.599 ,1.000 ,0.949 ,0,0
2000/05/03,0.703 ,1.000 ,0.949 ,0,0
2000/05/04,0.237 ,1.000 ,0.949 ,0,0
2000/05/05,1.314 ,1.000 ,0.949 ,0,0
2000/05/06,0.470 ,1.000 ,0.949 ,0,0
2000/05/07,0.848 ,1.000 ,0.936 ,0,0
2000/05/08,0.850 ,1.000 ,0.949 ,0,0
2000/05/09,2.036 ,1.000 ,0.949 ,0,0
2000/05/11,1.586 ,1.000 ,0.949 ,0,0
2000/05/12,0.953 ,1.000 ,0.949 ,0,0
2000/05/13,2.030 ,1.000 ,0.949 ,0,0
2000/05/14,1.641 ,0.994 ,0.930 ,0,0
2000/05/15,0.310 ,1.000 ,0.949 ,0,0
2000/05/16,0.954 ,1.000 ,0.949 ,0,0
2000/05/18,5.003 ,0.908 ,1.000 ,0,0
2000/05/19,6.350 ,0.908 ,1.000 ,0,0
2000/05/20,3.884 ,0.908 ,1.000 ,0,0
2000/05/21,6.384 ,0.908 ,1.000 ,0,0
2000/05/22,4.517 ,0.908 ,1.000 ,0,0
2000/05/23,6.748 ,0.891 ,1.000 ,0,0
2000/05/24,3.689 ,0.908 ,1.000 ,0,0
2000/05/25,4.002 ,0.908 ,1.000 ,0,0
2000/05/26,3.358 ,0.908 ,1.000 ,0,0
2000/05/27,4.370 ,0.908 ,1.000 ,0,0
2000/05/28,5.648 ,0.908 ,1.000 ,0,0
2000/05/29,2.555 ,0.908 ,0.676 ,0,1
2000/05/30,1.157 ,0.908 ,0.676 ,0,1
2000/05/31,3.117 ,0.908 ,0.676 ,0,0
2000/06/01,1.175 ,0.908 ,0.517 ,0,1
2000/06/02,2.899 ,0.908 ,0.812 ,0,1
2000/06/03,0.735 ,0.908 ,0.812 ,0,1
2000/06/04,1.933 ,0.886 ,0.805 ,0,1
2000/06/05,0.923 ,0.908 ,0.812 ,0,1
2000/06/06,2.368 ,0.908 ,0.812 ,0,1
2000/06/08,1.316 ,0.908 ,0.812 ,0,1
2000/06/09,1.273 ,0.908 ,0.812 ,0,1
2000/06/10,2.571 ,0.908 ,0.812 ,0,0
2000/06/11,3.204 ,0.908 ,1.000 ,0,0
2000/06/12,6.371 ,0.908 ,1.000 ,0,0
2000/06/13,2.540 ,0.908 ,1.000 ,0,0
2000/06/14,0.377 ,0.908 ,0.846 ,0,0
2000/06/15,0.751 ,1.000 ,0.846 ,0,0
2000/06/16,1.189 ,1.000 ,0.846 ,0,0
2000/06/17,1.020 ,1.000 ,0.846 ,0,0
2000/06/18,1.599 ,0.988 ,0.840 ,0,0
2000/06/19,1.770 ,1.000 ,0.846 ,0,0
2000/06/20,1.551 ,1.000 ,0.846 ,0,0
2000/06/22,1.580 ,1.000 ,0.846 ,0,0
2000/06/23,0.295 ,1.000 ,0.846 ,0,0
2000/06/24,1.064 ,1.000 ,0.846 ,0,0
2000/06/25,1.304 ,0.992 ,0.846 ,0,0
2000/06/26,0.306 ,1.000 ,0.846 ,0,0
2000/06/27,0.863 ,1.000 ,0.846 ,0,0
2000/06/28,0.379 ,1.000 ,0.846 ,0,0
2000/06/29,1.135 ,1.000 ,0.846 ,0,0
2000/06/30,0.302 ,1.000 ,0.846 ,0,0
2000/07/01,1.594 ,1.000 ,0.846 ,0,0
2000/07/02,0.910 ,0.980 ,0.833 ,0,0
2000/07/03,2.417 ,1.000 ,0.846 ,0,0
2000/07/04,1.263 ,1.000 ,0.846 ,0,0
2000/07/05,0.301 ,1.000 ,0.846 ,0,0
2000/07/06,1.374 ,1.000 ,0.846 ,0,0
2000/07/07,0.907 ,1.000 ,0.846 ,0,0
2000/07/08,0.955 ,1.000 ,0.846 ,0,0
2000/07/09,0.544 ,1.000 ,0.826 ,0,0
2000/07/10,0.283 ,1.000 ,0.843 ,0,0
2000/07/11,1.096 ,1.000 ,0.846 ,0,0
2000/07/12,0.618 ,1.000 ,0.846 ,0,0
2000/07/13,0.281 ,1.000 ,0.846 ,0,0
2000/07/14,1.171 ,1.000 ,0.846 ,0,0
2000/07/15,0.864 ,1.000 ,0.573 ,0,1
2000/07/16,0.950 ,0.970 ,0.834 ,0,1
2000/07/17,1.439 ,1.000 ,0.846 ,0,0
2000/07/18,1.147 ,1.000 ,0.846 ,0,0
2000/07/19,0.933 ,1.000 ,0.846 ,0,0
2000/07/20,4.006 ,0.873 ,1.000 ,0,0
2000/07/21,4.184 ,0.870 ,1.000 ,0,0
2000/07/22,3.653 ,0.873 ,1.000 ,0,0
2000/07/23,3.064 ,0.865 ,0.951 ,0,0
2000/07/24,1.661 ,0.873 ,1.000 ,0,0
2000/07/25,2.809 ,0.873 ,1.000 ,0,0
2000/07/26,3.552 ,0.873 ,1.000 ,0,0
2000/07/27,4.746 ,0.873 ,1.000 ,0,0
2000/07/28,3.797 ,0.873 ,1.000 ,0,0
2000/07/29,4.121 ,0.873 ,1.000 ,0,0
2000/07/30,4.284 ,0.873 ,1.000 ,0,0
2000/07/31,3.983 ,0.873 ,1.000 ,0,0
2000/08/01,149.264 ,0.521 ,1.000 ,1,0
2000/08/02,2.039 ,0.873 ,1.000 ,0,0
2000/08/03,0.271 ,0.873 ,0.573 ,0,1
2000/08/04,2.005 ,0.873 ,0.573 ,0,1
2000/08/05,0.515 ,0.873 ,0.573 ,0,1
2000/08/06,1.012 ,0.865 ,0.562 ,0,0
2000/08/07,2.853 ,0.873 ,1.000 ,0,0
2000/08/08,3.887 ,0.873 ,1.000 ,0,0
2000/08/10,3.111 ,0.873 ,1.000 ,0,0
2000/08/11,1.069 ,0.873 ,1.000 ,0,0
2000/08/12,2.161 ,0.873 ,1.000 ,0,0
2000/08/13,2.610 ,0.856 ,1.000 ,0,0
2000/08/14,3.070 ,0.873 ,1.000 ,0,0
2000/08/15,2.865 ,0.873 ,1.000 ,0,0
2000/08/16,1.980 ,0.873 ,1.000 ,0,0
2000/08/17,0.782 ,1.000 ,0.846 ,0,0
2000/08/18,0.292 ,1.000 ,0.846 ,0,0
2000/08/19,1.747 ,1.000 ,0.846 ,0,0
2000/08/20,1.124 ,1.000 ,0.846 ,0,0
2000/08/21,0.843 ,1.000 ,0.846 ,0,0
2000/08/22,0.277 ,1.000 ,0.846 ,0,0
2000/08/23,0.297 ,1.000 ,0.833 ,0,0
2000/08/24,1.089 ,1.000 ,0.846 ,0,0
2000/08/25,0.264 ,1.000 ,0.846 ,0,0
2000/08/26,0.248 ,1.000 ,0.846 ,0,0
2000/08/27,0.677 ,1.000 ,0.846 ,0,0
2000/08/28,0.794 ,1.000 ,0.846 ,0,0
2000/08/29,1.692 ,1.000 ,0.846 ,0,0
2000/08/31,0.495 ,1.000 ,0.846 ,0,0
2000/09/01,0.457 ,1.000 ,0.846 ,0,0
2000/09/02,0.680 ,1.000 ,0.846 ,0,0
2000/09/03,1.195 ,1.000 ,0.846 ,0,0
2000/09/04,1.186 ,1.000 ,0.846 ,0,0
2000/09/05,1.515 ,1.000 ,0.846 ,0,0
2000/09/07,1.023 ,1.000 ,0.846 ,0,0
2000/09/08,1.152 ,1.000 ,0.846 ,0,0
2000/09/09,0.231 ,1.000 ,0.846 ,0,0
2000/09/10,1.537 ,0.975 ,0.830 ,0,0
2000/09/11,0.333 ,1.000 ,0.846 ,0,0
2000/09/12,1.382 ,1.000 ,0.846 ,0,0
2000/09/13,0.342 ,1.000 ,0.846 ,0,0
2000/09/14,0.904 ,1.000 ,0.846 ,0,0
2000/09/15,0.680 ,1.000 ,0.846 ,0,0
2000/09/16,0.550 ,1.000 ,0.846 ,0,0
2000/09/17,1.868 ,0.982 ,0.826 ,0,0
2000/09/18,0.832 ,1.000 ,0.846 ,0,0
2000/09/19,0.565 ,1.000 ,0.846 ,0,0
2000/09/21,2.830 ,0.873 ,1.000 ,0,0
2000/09/22,4.351 ,0.873 ,1.000 ,0,0
2000/09/23,3.545 ,0.867 ,0.962 ,0,0
2000/09/24,2.852 ,0.873 ,1.000 ,0,0
2000/09/25,3.606 ,0.873 ,1.000 ,0,0
2000/09/26,4.544 ,0.873 ,1.000 ,0,0
2000/09/27,3.264 ,0.873 ,1.000 ,0,0
2000/09/28,3.222 ,0.873 ,1.000 ,0,0
2000/09/29,3.575 ,0.873 ,1.000 ,0,0
2000/09/30,4.874 ,0.873 ,1.000 ,0,0
2000/10/01,3.845 ,0.873 ,1.000 ,0,0
2000/10/02,4.603 ,0.873 ,1.000 ,0,0
2000/10/03,4.865 ,0.873 ,1.000 ,0,0
2000/10/04,3.056 ,0.873 ,1.000 ,0,0
2000/10/05,4.202 ,0.873 ,1.000 ,0,0
2000/10/06,4.590 ,0.873 ,1.000 ,0,0
2000/10/07,5.277 ,0.873 ,1.000 ,0,0
2000/10/08,4.761 ,0.861 ,1.000 ,0,0
2000/10/09,4.041 ,0.873 ,1.000 ,0,0
2000/10/10,4.654 ,0.873 ,1.000 ,0,0
2000/10/11,1.894 ,0.873 ,1.000 ,0,0
2000/10/12,4.707 ,0.873 ,1.000 ,0,0
2000/10/13,3.750 ,0.873 ,1.000 ,0,0
2000/10/14,5.697 ,0.873 ,1.000 ,0,0
2000/10/15,6.176 ,0.873 ,1.000 ,0,0
2000/10/16,6.199 ,0.873 ,1.000 ,0,0
2000/10/17,2.673 ,0.873 ,1.000 ,0,0
2000/10/19,0.850 ,1.000 ,0.881 ,0,0
2000/10/20,0.359 ,1.000 ,0.881 ,0,0
2000/10/21,1.640 ,1.000 ,0.881 ,0,0
2000/10/22,1.225 ,1.000 ,0.881 ,0,0
2000/10/23,0.365 ,1.000 ,0.876 ,0,0
2000/10/24,0.304 ,1.000 ,0.881 ,0,0
2000/10/25,0.374 ,1.000 ,0.881 ,0,0
2000/10/26,1.299 ,1.000 ,0.881 ,0,0
2000/10/27,3.272 ,1.000 ,0.881 ,0,0
2000/10/28,1.448 ,1.000 ,0.881 ,0,0
2000/10/29,1.504 ,1.000 ,0.860 ,0,0
2000/10/30,0.229 ,1.000 ,0.881 ,0,0
2000/10/31,0.515 ,1.000 ,0.744 ,0,1
2000/11/01,1.376 ,1.000 ,0.744 ,0,1
2000/11/02,1.637 ,1.000 ,0.744 ,0,1
2000/11/03,1.498 ,1.000 ,0.744 ,0,1
2000/11/04,0.462 ,1.000 ,0.744 ,0,1
2000/11/05,1.137 ,0.992 ,0.737 ,0,1
2000/11/06,0.660 ,1.000 ,0.744 ,0,1
2000/11/07,0.663 ,1.000 ,0.744 ,0,1
2000/11/08,1.449 ,1.000 ,0.744 ,0,1
2000/11/09,0.632 ,1.000 ,0.744 ,0,1
2000/11/10,0.339 ,1.000 ,0.744 ,0,1
2000/11/11,1.903 ,1.000 ,0.744 ,0,1
2000/11/12,1.020 ,1.000 ,0.744 ,0,1
2000/11/13,1.297 ,1.000 ,0.869 ,0,0
2000/11/14,0.997 ,1.000 ,0.881 ,0,0
2000/11/15,0.328 ,1.000 ,0.881 ,0,0
2000/11/16,5.113 ,0.873 ,1.000 ,0,0
2000/11/17,3.366 ,0.873 ,1.000 ,0,0
2000/11/18,4.780 ,0.873 ,1.000 ,0,0
2000/11/19,4.542 ,0.873 ,1.000 ,0,0
2000/11/20,3.860 ,0.873 ,1.000 ,0,0
2000/11/23,4.573 ,0.858 ,1.000 ,0,0
2000/11/24,4.390 ,0.873 ,1.000 ,0,0
2000/11/25,4.804 ,0.873 ,1.000 ,0,0
2000/11/26,6.436 ,0.873 ,1.000 ,0,0
2000/11/27,5.650 ,0.873 ,1.000 ,0,0
2000/11/28,11.561 ,0.873 ,1.000 ,1,0
2000/11/29,8.149 ,0.873 ,1.000 ,1,0
2000/11/30,9.743 ,0.873 ,1.000 ,1,0
2000/12/01,6.394 ,0.873 ,1.000 ,1,0
2000/12/02,81.358 ,0.627 ,1.000 ,1,0
2000/12/03,5.329 ,0.873 ,1.000 ,0,0
2000/12/04,5.023 ,0.873 ,1.000 ,0,0
2000/12/05,5.934 ,0.873 ,1.000 ,0,0
2000/12/06,1.292 ,0.873 ,1.000 ,0,0
2000/12/07,2.816 ,0.873 ,1.000 ,0,0
2000/12/08,4.467 ,0.873 ,1.000 ,0,0
2000/12/09,4.078 ,0.873 ,1.000 ,0,0
2000/12/10,3.741 ,0.861 ,0.991 ,0,0
2000/12/11,3.633 ,0.873 ,1.000 ,0,0
2000/12/12,2.770 ,0.873 ,1.000 ,0,0
2000/12/13,4.939 ,0.873 ,1.000 ,0,0
2000/12/14,4.211 ,0.873 ,1.000 ,0,0
2000/12/15,4.496 ,0.873 ,0.573 ,0,1
2000/12/16,4.413 ,0.873 ,0.812 ,0,0
2000/12/17,5.035 ,0.873 ,0.812 ,0,0
2000/12/18,1.871 ,0.873 ,0.812 ,0,0
2000/12/19,5.193 ,0.873 ,1.000 ,0,0
2000/12/20,8.938 ,0.873 ,1.000 ,1,0
2000/12/21,48.048 ,0.627 ,0.881 ,1,0
2000/12/22,32.226 ,0.627 ,0.881 ,1,0
2000/12/23,40.806 ,0.618 ,0.863 ,1,0
2000/12/24,32.426 ,0.627 ,0.881 ,1,0
2000/12/25,20.339 ,0.627 ,0.881 ,1,0
2000/12/26,18.970 ,0.627 ,0.881 ,0,0
2000/12/27,18.513 ,0.627 ,0.881 ,0,0
2000/12/28,18.349 ,0.627 ,0.881 ,0,0
2000/12/29,20.928 ,0.627 ,0.881 ,0,0
2000/12/30,21.241 ,0.627 ,0.881 ,0,0
2000/12/31,20.101 ,0.627 ,0.881 ,0,0
2001/01/01,11.526 ,0.697 ,1.000 ,0,0
2001/01/02,10.238 ,0.697 ,1.000 ,0,0
2001/01/03,6.283 ,0.697 ,1.000 ,0,0
2001/01/04,13.868 ,0.697 ,0.881 ,0,0
2001/01/05,12.153 ,0.697 ,0.881 ,0,0
2001/01/06,11.786 ,0.697 ,0.881 ,0,0
2001/01/07,12.712 ,0.690 ,0.881 ,0,0
2001/01/08,9.559 ,0.697 ,0.881 ,1,0
2001/01/11,7.877 ,0.697 ,0.881 ,1,0
2001/01/12,9.441 ,0.697 ,1.000 ,1,0
2001/01/13,12.526 ,0.697 ,0.881 ,1,0
2001/01/14,10.114 ,0.697 ,0.881 ,1,0
2001/01/15,0.300 ,1.000 ,0.881 ,0,0
2001/01/16,1.300 ,1.000 ,0.881 ,0,0
2001/01/17,1.079 ,1.000 ,0.881 ,0,0
2001/01/18,4.668 ,0.873 ,1.000 ,0,0
2001/01/19,2.451 ,0.873 ,1.000 ,0,0
2001/01/20,4.314 ,0.873 ,1.000 ,0,0
2001/01/21,5.184 ,0.873 ,1.000 ,0,0
2001/01/22,1.962 ,0.873 ,1.000 ,0,0
2001/01/23,4.648 ,0.859 ,1.000 ,0,0
2001/01/24,4.526 ,0.873 ,1.000 ,0,0
2001/01/25,3.077 ,0.873 ,1.000 ,0,0
2001/01/26,3.359 ,0.873 ,1.000 ,0,0
2001/01/27,2.485 ,0.873 ,1.000 ,0,0
2001/01/28,5.167 ,0.873 ,1.000 ,0,0
2001/01/29,5.581 ,0.873 ,1.000 ,0,0
2001/01/30,3.706 ,0.873 ,1.000 ,0,0
2001/01/31,5.670 ,0.873 ,1.000 ,0,0
2001/02/01,2.352 ,0.873 ,1.000 ,0,0
2001/02/02,2.517 ,0.873 ,1.000 ,0,0
2001/02/03,5.843 ,0.873 ,1.000 ,0,0
2001/02/04,5.362 ,0.861 ,0.987 ,0,0
2001/02/05,3.166 ,0.873 ,1.000 ,0,0
2001/02/06,2.797 ,0.873 ,1.000 ,0,0
2001/02/07,4.016 ,0.873 ,1.000 ,0,0
2001/02/08,1.555 ,0.873 ,1.000 ,0,0
2001/02/09,4.239 ,0.873 ,1.000 ,0,0
2001/02/10,5.200 ,0.873 ,1.000 ,0,0
2001/02/11,5.800 ,0.873 ,1.000 ,0,0
2001/02/12,3.586 ,0.873 ,1.000 ,0,0
2001/02/13,2.567 ,0.873 ,1.000 ,0,0
2001/02/14,3.476 ,0.873 ,1.000 ,0,0
2001/02/15,0.287 ,1.000 ,0.608 ,0,1
2001/02/16,2.453 ,1.000 ,0.881 ,0,0
2001/02/17,3.062 ,1.000 ,0.881 ,0,0
2001/02/18,1.310 ,1.000 ,0.881 ,0,0
2001/02/19,0.657 ,1.000 ,0.881 ,0,0
2001/02/20,0.880 ,1.000 ,0.881 ,0,0
2001/02/22,1.150 ,1.000 ,0.881 ,0,0
2001/02/23,0.593 ,0.975 ,0.865 ,0,0
2001/02/24,2.234 ,1.000 ,0.881 ,0,0
2001/02/25,0.964 ,1.000 ,0.881 ,0,0
2001/02/26,0.963 ,1.000 ,0.881 ,0,0
2001/02/27,0.928 ,1.000 ,0.881 ,0,0
2001/02/28,2.077 ,1.000 ,0.881 ,0,0
2001/03/01,0.870 ,1.000 ,0.881 ,0,0
2001/03/02,0.297 ,1.000 ,0.881 ,0,0
2001/03/03,0.811 ,1.000 ,0.881 ,0,0
2001/03/04,0.488 ,0.975 ,0.566 ,0,1
2001/03/05,0.328 ,1.000 ,0.881 ,0,0
2001/03/06,0.897 ,1.000 ,0.881 ,0,0
2001/03/07,1.350 ,1.000 ,0.881 ,0,0
2001/03/08,0.316 ,1.000 ,0.881 ,0,0
2001/03/09,1.021 ,1.000 ,0.881 ,0,0
2001/03/10,0.277 ,1.000 ,0.881 ,0,0
2001/03/11,2.682 ,1.000 ,0.881 ,0,0
2001/03/12,0.980 ,1.000 ,0.881 ,0,0
2001/03/13,2.418 ,1.000 ,0.881 ,0,0
2001/03/14,0.686 ,1.000 ,0.881 ,0,0
2001/03/15,73.075 ,0.627 ,1.000 ,1,0
2001/03/16,0.958 ,0.873 ,1.000 ,0,0
2001/03/17,3.637 ,0.873 ,1.000 ,0,0
2001/03/18,2.613 ,0.873 ,1.000 ,0,0
2001/03/19,1.879 ,0.873 ,1.000 ,0,0
2001/03/20,2.612 ,0.873 ,1.000 ,0,0
2001/03/21,2.604 ,0.873 ,1.000 ,0,0
2001/03/22,3.274 ,0.873 ,1.000 ,0,0
2001/03/23,3.641 ,0.859 ,0.949 ,0,0
2001/03/24,4.015 ,0.873 ,1.000 ,0,0
2001/03/25,3.006 ,0.873 ,1.000 ,0,0
2001/03/26,5.518 ,0.873 ,1.000 ,0,0
2001/03/27,2.990 ,0.873 ,1.000 ,0,0
2001/03/28,4.425 ,0.873 ,1.000 ,0,0
2001/03/29,2.410 ,0.873 ,1.000 ,0,0
2001/03/30,3.295 ,0.873 ,1.000 ,0,0
2001/03/31,1.195 ,0.873 ,1.000 ,0,0
2001/04/01,5.292 ,0.873 ,1.000 ,0,0
2001/04/02,4.844 ,0.873 ,1.000 ,0,0
2001/04/03,3.936 ,0.873 ,1.000 ,0,0
2001/04/04,1.934 ,0.873 ,1.000 ,0,0
2001/04/05,3.426 ,0.873 ,1.000 ,0,0
2001/04/06,2.146 ,0.873 ,1.000 ,0,0
2001/04/07,4.170 ,0.873 ,1.000 ,0,0
2001/04/08,1.620 ,0.863 ,0.599 ,0,1
2001/04/09,2.874 ,0.873 ,0.812 ,0,1
2001/04/10,0.882 ,0.873 ,0.812 ,0,1
2001/04/11,2.313 ,0.873 ,0.812 ,0,1
2001/04/12,2.210 ,0.873 ,0.812 ,0,1
2001/04/13,4.360 ,0.873 ,1.000 ,0,0
2001/04/14,4.093 ,0.873 ,1.000 ,0,0
2001/04/15,2.330 ,0.873 ,1.000 ,0,0
2001/04/16,2.774 ,0.873 ,1.000 ,0,0
2001/04/17,4.439 ,0.873 ,1.000 ,0,0
2001/04/18,3.715 ,0.873 ,1.000 ,0,0
2001/04/19,0.937 ,1.000 ,0.881 ,0,0
2001/04/20,1.292 ,1.000 ,0.881 ,0,0
2001/04/21,1.450 ,1.000 ,0.881 ,0,0
2001/04/22,1.913 ,1.000 ,0.881 ,0,0
2001/04/23,0.569 ,1.000 ,0.867 ,0,0
2001/04/24,0.323 ,1.000 ,0.881 ,0,0
2001/04/25,1.340 ,1.000 ,0.881 ,0,0
2001/04/26,0.639 ,1.000 ,0.881 ,0,0
2001/04/27,1.332 ,1.000 ,0.881 ,0,0
2001/04/28,1.082 ,1.000 ,0.881 ,0,0
2001/04/29,1.108 ,1.000 ,0.881 ,0,0
2001/04/30,1.624 ,1.000 ,0.881 ,0,0
2001/05/01,1.512 ,1.000 ,0.881 ,0,0
2001/05/02,1.570 ,1.000 ,0.881 ,0,0
2001/05/03,2.341 ,1.000 ,0.881 ,0,0
2001/05/04,1.465 ,1.000 ,0.881 ,0,0
2001/05/05,1.111 ,1.000 ,0.881 ,0,0
2001/05/06,0.208 ,1.000 ,0.565 ,0,1
2001/05/07,0.891 ,1.000 ,0.881 ,0,0
2001/05/08,1.071 ,1.000 ,0.881 ,0,0
2001/05/09,1.652 ,1.000 ,0.881 ,0,0
2001/05/10,0.303 ,1.000 ,0.881 ,0,0
2001/05/11,1.210 ,1.000 ,0.881 ,0,0
2001/05/12,0.266 ,1.000 ,0.881 ,0,0
2001/05/13,1.381 ,1.000 ,0.881 ,0,0
2001/05/14,0.315 ,1.000 ,0.881 ,0,0
2001/05/15,0.267 ,1.000 ,0.881 ,0,0
2001/05/16,0.690 ,1.000 ,0.881 ,0,0
2001/05/17,2.641 ,0.873 ,1.000 ,0,0
2001/05/18,3.757 ,0.873 ,1.000 ,0,0
2001/05/19,3.364 ,0.873 ,1.000 ,0,0
2001/05/20,4.631 ,0.873 ,1.000 ,0,0
2001/05/21,2.708 ,0.873 ,1.000 ,0,0
2001/05/22,5.041 ,0.873 ,1.000 ,0,0
2001/05/23,5.415 ,0.852 ,1.000 ,0,0
2001/05/24,3.768 ,0.873 ,1.000 ,0,0
2001/05/25,4.906 ,0.873 ,1.000 ,0,0
2001/05/26,5.537 ,0.873 ,1.000 ,0,0
2001/05/27,5.181 ,0.873 ,1.000 ,0,0
2001/05/28,6.197 ,0.873 ,1.000 ,0,0
2001/05/29,7.281 ,0.873 ,1.000 ,0,0
2001/05/30,5.588 ,0.873 ,1.000 ,0,0
2001/05/31,1.926 ,0.873 ,1.000 ,0,0
2001/06/01,3.774 ,0.873 ,1.000 ,0,0
2001/06/02,5.692 ,0.873 ,1.000 ,0,0
2001/06/03,3.295 ,0.873 ,1.000 ,0,0
2001/06/04,4.583 ,0.873 ,1.000 ,0,0
2001/06/05,1.548 ,0.873 ,0.676 ,0,1
2001/06/06,0.368 ,0.873 ,0.676 ,0,1
2001/06/07,2.161 ,0.873 ,0.676 ,0,1
2001/06/08,1.545 ,0.873 ,0.676 ,0,1
2001/06/09,5.165 ,0.873 ,0.676 ,0,0
2001/06/10,3.865 ,0.856 ,1.000 ,0,0
2001/06/11,0.882 ,0.873 ,1.000 ,0,0
2001/06/12,2.683 ,0.873 ,1.000 ,0,0
2001/06/14,1.219 ,0.873 ,1.000 ,0,0
2001/06/15,2.990 ,0.873 ,1.000 ,0,0
2001/06/16,4.079 ,0.873 ,1.000 ,0,0
2001/06/17,3.953 ,0.868 ,0.991 ,0,0
2001/06/18,2.758 ,0.873 ,1.000 ,0,0
2001/06/19,4.473 ,0.873 ,1.000 ,0,0
2001/06/20,3.580 ,0.873 ,1.000 ,0,0
2001/06/21,1.280 ,1.000 ,0.881 ,0,0
2001/06/22,1.282 ,1.000 ,0.881 ,0,0
2001/06/23,0.959 ,0.988 ,0.869 ,0,0
2001/06/24,1.164 ,1.000 ,0.881 ,0,0
2001/06/25,1.244 ,1.000 ,0.881 ,0,0
2001/06/26,0.299 ,1.000 ,0.881 ,0,0
2001/06/27,0.889 ,1.000 ,0.881 ,0,0
2001/06/28,0.875 ,1.000 ,0.881 ,0,0
2001/06/29,0.859 ,1.000 ,0.881 ,0,0
2001/06/30,0.271 ,1.000 ,0.876 ,0,0
2001/07/01,0.340 ,1.000 ,0.862 ,0,0
2001/07/02,1.371 ,1.000 ,0.881 ,0,0
2001/07/03,0.582 ,1.000 ,0.881 ,0,0
2001/07/04,0.281 ,1.000 ,0.881 ,0,0
2001/07/05,0.805 ,1.000 ,0.881 ,0,0
2001/07/06,0.288 ,1.000 ,0.877 ,0,0
2001/07/07,1.484 ,1.000 ,0.876 ,0,0
2001/07/08,0.565 ,1.000 ,0.495 ,0,1
2001/07/09,0.295 ,1.000 ,0.881 ,0,0
2001/07/10,1.137 ,0.988 ,0.881 ,0,0
2001/07/11,1.472 ,1.000 ,0.881 ,0,0
2001/07/12,0.275 ,1.000 ,0.881 ,0,0
2001/07/13,0.874 ,1.000 ,0.881 ,0,0
2001/07/14,0.245 ,1.000 ,0.881 ,0,0
2001/07/15,1.407 ,0.990 ,0.861 ,0,0
2001/07/16,1.383 ,1.000 ,0.881 ,0,0
2001/07/17,0.853 ,1.000 ,0.881 ,0,0
2001/07/18,0.295 ,1.000 ,0.881 ,0,0
2001/07/19,2.536 ,0.873 ,1.000 ,0,0
2001/07/20,3.353 ,0.873 ,1.000 ,0,0
2001/07/21,0.791 ,0.873 ,1.000 ,0,0
2001/07/22,4.368 ,0.858 ,0.980 ,0,0
2001/07/23,3.290 ,0.867 ,1.000 ,0,0
2001/07/24,3.723 ,0.873 ,1.000 ,0,0
2001/07/25,2.311 ,0.873 ,1.000 ,0,0
2001/07/26,3.838 ,0.873 ,1.000 ,0,0
2001/07/27,3.524 ,0.873 ,1.000 ,0,0
2001/07/28,4.420 ,0.873 ,1.000 ,0,0
2001/07/29,1.477 ,0.857 ,0.615 ,0,0
2001/07/30,1.144 ,0.873 ,0.573 ,0,1
2001/07/31,2.013 ,0.873 ,0.573 ,0,1
2001/08/01,2.449 ,0.873 ,0.573 ,0,0
2001/08/02,3.694 ,0.873 ,0.573 ,0,0
2001/08/03,4.806 ,0.873 ,0.573 ,0,0
2001/08/04,3.015 ,0.873 ,0.573 ,0,0
2001/08/05,3.561 ,0.870 ,0.787 ,0,0
2001/08/06,2.956 ,0.873 ,1.000 ,0,0
2001/08/07,0.600 ,0.873 ,0.778 ,0,1
2001/08/08,2.492 ,0.873 ,0.778 ,0,1
2001/08/09,0.579 ,0.873 ,0.608 ,0,1
2001/08/10,2.721 ,0.873 ,0.608 ,0,1
2001/08/11,2.815 ,0.873 ,0.608 ,0,1
2001/08/12,2.326 ,0.864 ,0.761 ,0,1
2001/08/13,2.358 ,0.873 ,0.778 ,0,1
2001/08/14,1.724 ,0.873 ,0.778 ,0,1
2001/08/15,1.810 ,0.873 ,0.778 ,0,1
2001/08/16,1.160 ,1.000 ,0.778 ,0,1
2001/08/17,0.880 ,1.000 ,0.778 ,0,1
2001/08/18,2.273 ,1.000 ,0.778 ,0,0
2001/08/19,2.239 ,1.000 ,1.000 ,0,0
2001/08/20,0.557 ,1.000 ,1.000 ,0,0
2001/08/21,0.940 ,1.000 ,1.000 ,0,0
2001/08/23,1.221 ,1.000 ,1.000 ,0,0
2001/08/24,0.291 ,1.000 ,1.000 ,0,0
2001/08/25,0.551 ,1.000 ,1.000 ,0,0
2001/08/26,0.462 ,1.000 ,0.991 ,0,0
2001/08/27,2.088 ,1.000 ,1.000 ,0,0
2001/08/28,1.769 ,1.000 ,0.881 ,0,0
2001/08/29,0.901 ,1.000 ,0.881 ,0,0
2001/08/30,0.576 ,1.000 ,0.881 ,0,0
2001/08/31,1.249 ,1.000 ,0.881 ,0,0
2001/09/01,1.264 ,1.000 ,0.881 ,0,0
2001/09/02,0.207 ,1.000 ,0.881 ,0,0
2001/09/03,1.286 ,1.000 ,0.881 ,0,0
2001/09/04,0.304 ,1.000 ,0.881 ,0,0
2001/09/05,1.587 ,1.000 ,0.881 ,0,0
2001/09/06,0.304 ,1.000 ,0.881 ,0,0
2001/09/07,0.313 ,1.000 ,0.881 ,0,0
2001/09/08,0.266 ,1.000 ,0.881 ,0,0
2001/09/09,0.926 ,0.963 ,0.564 ,0,1
2001/09/10,1.056 ,1.000 ,0.676 ,0,0
2001/09/11,1.081 ,1.000 ,0.676 ,0,0
2001/09/12,0.919 ,1.000 ,0.676 ,0,0
2001/09/13,1.196 ,1.000 ,0.676 ,0,0
2001/09/14,0.925 ,1.000 ,0.676 ,0,0
2001/09/15,0.716 ,1.000 ,0.676 ,0,0
2001/09/16,0.480 ,1.000 ,0.881 ,0,0
2001/09/17,1.529 ,1.000 ,0.881 ,0,0
2001/09/18,1.767 ,1.000 ,0.881 ,0,0
2001/09/19,1.246 ,1.000 ,0.879 ,0,0
2001/09/20,4.920 ,0.872 ,1.000 ,0,0
2001/09/21,3.947 ,0.873 ,1.000 ,0,0
2001/09/22,2.993 ,0.873 ,1.000 ,0,0
2001/09/23,2.245 ,0.864 ,1.000 ,0,0
2001/09/24,3.021 ,0.873 ,1.000 ,0,0
2001/09/25,2.645 ,0.873 ,1.000 ,0,0
2001/09/26,3.737 ,0.871 ,0.976 ,0,0
2001/09/27,3.173 ,0.873 ,1.000 ,0,0
2001/09/28,2.741 ,0.873 ,1.000 ,0,0
2001/09/29,3.510 ,0.873 ,1.000 ,0,0
2001/09/30,3.876 ,0.873 ,1.000 ,0,0
2001/10/01,4.902 ,0.873 ,1.000 ,0,0
2001/10/02,3.643 ,0.873 ,1.000 ,0,0
2001/10/03,5.387 ,0.873 ,1.000 ,0,0
2001/10/04,4.266 ,0.873 ,1.000 ,0,0
2001/10/05,3.295 ,0.873 ,1.000 ,0,0
2001/10/06,5.426 ,0.873 ,1.000 ,0,0
2001/10/07,3.344 ,0.873 ,1.000 ,0,0
2001/10/08,3.767 ,0.873 ,1.000 ,0,0
2001/10/09,2.641 ,0.873 ,1.000 ,0,0
2001/10/10,3.529 ,0.873 ,1.000 ,0,0
2001/10/11,2.211 ,0.873 ,1.000 ,0,0
2001/10/12,3.383 ,0.873 ,1.000 ,0,0
2001/10/13,5.836 ,0.873 ,1.000 ,0,0
2001/10/14,3.214 ,0.867 ,1.000 ,0,0
2001/10/15,3.408 ,0.873 ,1.000 ,0,0
2001/10/16,3.649 ,0.873 ,1.000 ,0,0
2001/10/17,3.885 ,0.873 ,1.000 ,0,0
2001/10/18,1.256 ,1.000 ,0.881 ,0,0
2001/10/19,1.880 ,1.000 ,0.881 ,0,0
2001/10/20,2.067 ,1.000 ,0.881 ,0,0
2001/10/21,0.973 ,1.000 ,0.881 ,0,0
2001/10/22,0.667 ,1.000 ,0.881 ,0,0
2001/10/23,1.148 ,1.000 ,0.881 ,0,0
2001/10/24,0.943 ,1.000 ,0.881 ,0,0
2001/10/25,0.540 ,1.000 ,0.539 ,0,1
2001/10/26,1.176 ,1.000 ,0.539 ,0,1
2001/10/27,1.497 ,1.000 ,0.539 ,0,0
2001/10/28,1.209 ,0.990 ,0.524 ,0,0
2001/10/29,2.068 ,1.000 ,1.000 ,0,0
2001/10/30,1.547 ,1.000 ,0.881 ,0,0
2001/10/31,0.617 ,1.000 ,0.881 ,0,0
2001/11/01,0.737 ,1.000 ,0.573 ,0,0
2001/11/02,0.622 ,1.000 ,0.573 ,0,1
2001/11/03,0.615 ,1.000 ,0.573 ,0,1
2001/11/04,0.451 ,1.000 ,0.573 ,0,1
2001/11/05,1.263 ,1.000 ,0.881 ,0,0
2001/11/06,0.335 ,1.000 ,0.881 ,0,0
2001/11/07,0.330 ,1.000 ,0.881 ,0,0
2001/11/08,1.533 ,1.000 ,0.881 ,0,0
2001/11/09,1.144 ,1.000 ,0.881 ,0,0
2001/11/10,0.284 ,1.000 ,0.881 ,0,0
2001/11/11,1.465 ,0.986 ,0.873 ,0,0
2001/11/12,1.606 ,1.000 ,0.881 ,0,0
2001/11/13,2.603 ,1.000 ,0.881 ,0,0
2001/11/14,0.644 ,1.000 ,0.881 ,0,0
2001/11/15,0.851 ,0.873 ,0.539 ,0,1
2001/11/16,0.965 ,0.873 ,0.676 ,0,1
2001/11/17,1.366 ,0.873 ,0.676 ,0,1
2001/11/18,2.507 ,0.873 ,0.676 ,0,1
2001/11/19,0.926 ,0.873 ,0.676 ,0,1
2001/11/20,1.830 ,0.873 ,0.676 ,0,1
2001/11/22,0.794 ,0.873 ,0.676 ,0,1
2001/11/23,2.396 ,0.873 ,0.676 ,0,1
2001/11/24,3.837 ,0.873 ,0.676 ,0,1
2001/11/25,2.291 ,0.856 ,0.662 ,0,1
2001/11/26,4.253 ,0.873 ,0.784 ,0,0
2001/11/27,3.723 ,0.873 ,1.000 ,0,0
2001/11/28,2.925 ,0.873 ,1.000 ,0,0
2001/11/29,2.448 ,0.873 ,1.000 ,0,0
2001/11/30,4.251 ,0.873 ,1.000 ,0,0
2001/12/01,3.680 ,0.873 ,1.000 ,0,0
2001/12/02,3.868 ,0.873 ,1.000 ,0,0
2001/12/03,4.356 ,0.873 ,0.980 ,0,0
2001/12/04,4.435 ,0.873 ,1.000 ,0,0
2001/12/05,1.842 ,0.873 ,1.000 ,0,0
2001/12/06,2.268 ,0.873 ,1.000 ,0,0
2001/12/07,4.136 ,0.873 ,1.000 ,0,0
2001/12/08,5.863 ,0.873 ,1.000 ,0,0
2001/12/09,1.440 ,0.861 ,0.531 ,0,1
2001/12/10,2.369 ,0.873 ,0.528 ,0,0
2001/12/11,3.560 ,0.873 ,0.518 ,0,1
2001/12/12,1.794 ,0.873 ,0.522 ,0,1
2001/12/13,1.038 ,0.851 ,0.523 ,0,1
2001/12/14,2.358 ,0.873 ,0.516 ,0,1
2001/12/15,2.759 ,0.873 ,0.520 ,0,1
2001/12/16,64.702 ,0.547 ,0.509 ,1,1
2001/12/17,24.486 ,0.627 ,0.522 ,1,1
2001/12/18,11.679 ,0.627 ,0.522 ,1,1
2001/12/19,15.585 ,0.627 ,0.527 ,1,1
2001/12/20,4.551 ,0.627 ,0.521 ,1,1
2001/12/21,5.538 ,0.623 ,0.523 ,1,1
2001/12/22,7.212 ,0.625 ,0.521 ,1,1
2001/12/23,1.646 ,0.622 ,0.507 ,0,0
2001/12/24,0.970 ,0.627 ,0.525 ,0,0
2001/12/25,6.306 ,0.625 ,0.799 ,0,0
2001/12/26,3.442 ,0.627 ,0.696 ,0,0
2001/12/27,3.117 ,0.627 ,0.881 ,0,0
2001/12/28,30.288 ,0.556 ,0.881 ,0,0
2001/12/29,13.250 ,0.627 ,0.881 ,0,0
2001/12/30,12.130 ,0.626 ,0.881 ,0,0
2001/12/31,13.491 ,0.624 ,0.875 ,0,0
2002/01/01,4.631 ,0.627 ,0.881 ,0,0
2002/01/02,2.583 ,0.627 ,0.881 ,0,0
2002/01/03,12.342 ,0.627 ,0.881 ,0,0
2002/01/04,4.731 ,0.627 ,1.000 ,0,0
2002/01/05,9.462 ,0.627 ,0.881 ,0,0
2002/01/06,8.494 ,0.616 ,0.881 ,0,0
2002/01/07,13.830 ,0.627 ,0.881 ,0,0
2002/01/08,9.334 ,0.627 ,0.881 ,1,0
2002/01/09,8.398 ,0.617 ,1.000 ,1,0
2002/01/10,10.404 ,0.622 ,0.881 ,1,0
2002/01/11,5.678 ,0.624 ,0.881 ,1,0
2002/01/12,1.404 ,0.627 ,0.881 ,0,0
2002/01/13,0.530 ,0.813 ,0.864 ,0,0
2002/01/14,0.794 ,1.000 ,0.871 ,0,0
2002/01/15,2.125 ,1.000 ,0.871 ,0,0
2002/01/16,0.756 ,0.972 ,0.881 ,0,0
2002/01/17,3.575 ,0.873 ,1.000 ,0,0
2002/01/18,3.227 ,0.863 ,1.000 ,0,0
2002/01/19,4.906 ,0.867 ,1.000 ,0,0
2002/01/20,3.663 ,0.870 ,0.990 ,0,0
2002/01/21,3.191 ,0.873 ,1.000 ,0,0
2002/01/22,4.066 ,0.862 ,1.000 ,0,0
2002/01/23,2.879 ,0.873 ,1.000 ,0,0
2002/01/24,4.793 ,0.873 ,1.000 ,0,0
2002/01/25,3.243 ,0.873 ,1.000 ,0,0
2002/01/26,1.994 ,0.873 ,1.000 ,0,0
2002/01/27,4.128 ,0.860 ,1.000 ,0,0
2002/01/28,3.396 ,0.873 ,1.000 ,0,0
2002/01/29,0.660 ,0.873 ,1.000 ,0,0
2002/01/30,5.946 ,0.873 ,1.000 ,0,0
2002/01/31,4.027 ,0.864 ,1.000 ,0,0
2002/02/01,2.372 ,0.873 ,1.000 ,0,0
2002/02/02,4.325 ,0.858 ,1.000 ,0,0
2002/02/03,1.603 ,0.842 ,0.668 ,0,1
2002/02/04,2.116 ,0.846 ,0.671 ,0,1
2002/02/05,4.066 ,0.873 ,0.676 ,0,0
2002/02/06,2.805 ,0.867 ,0.676 ,0,0
2002/02/07,4.305 ,0.872 ,0.676 ,0,0
2002/02/08,4.638 ,0.869 ,0.676 ,0,0
2002/02/09,4.225 ,0.864 ,0.676 ,0,0
2002/02/10,1.623 ,0.855 ,0.563 ,0,1
2002/02/11,2.545 ,0.867 ,0.676 ,0,1
2002/02/12,1.741 ,0.873 ,0.676 ,0,1
2002/02/13,1.175 ,0.873 ,0.673 ,0,1
2002/02/14,2.263 ,0.868 ,1.000 ,0,0
2002/02/15,2.905 ,0.867 ,1.000 ,0,0
2002/02/16,3.408 ,0.869 ,1.000 ,0,0
2002/02/17,3.868 ,0.863 ,0.969 ,0,0
2002/02/18,2.627 ,0.873 ,1.000 ,0,0
2002/02/19,2.282 ,0.873 ,1.000 ,0,0
2002/02/21,1.043 ,1.000 ,0.604 ,0,1
2002/02/22,0.600 ,0.952 ,0.881 ,0,1
2002/02/23,1.623 ,0.993 ,0.881 ,0,1
2002/02/24,0.716 ,0.984 ,0.800 ,0,1
2002/02/25,0.306 ,1.000 ,0.812 ,0,1
2002/02/26,2.759 ,1.000 ,0.812 ,0,1
2002/02/27,3.542 ,1.000 ,0.809 ,0,1
2002/02/28,0.975 ,1.000 ,0.807 ,0,0
2002/03/01,0.733 ,1.000 ,0.810 ,0,0
2002/03/02,0.538 ,1.000 ,0.810 ,0,0
2002/03/03,1.635 ,1.000 ,0.812 ,0,1
2002/03/04,0.620 ,1.000 ,0.799 ,0,1
2002/03/05,1.207 ,1.000 ,0.810 ,0,1
2002/03/06,1.328 ,1.000 ,0.801 ,0,1
2002/03/07,0.292 ,1.000 ,0.812 ,0,0
2002/03/08,1.236 ,1.000 ,0.812 ,0,0
2002/03/09,0.275 ,1.000 ,0.806 ,0,0
2002/03/10,1.057 ,0.990 ,0.820 ,0,0
2002/03/11,1.598 ,1.000 ,0.881 ,0,0
2002/03/12,0.571 ,1.000 ,0.881 ,0,0
2002/03/13,0.294 ,1.000 ,0.877 ,0,1
2002/03/14,0.278 ,1.000 ,0.605 ,0,1
2002/03/15,0.298 ,1.000 ,0.604 ,0,1
2002/03/16,0.258 ,1.000 ,0.604 ,0,1
2002/03/17,0.442 ,1.000 ,0.881 ,0,1
2002/03/18,0.298 ,1.000 ,0.808 ,0,1
2002/03/19,62.945 ,0.348 ,0.812 ,0,1
2002/03/20,56.439 ,0.345 ,0.812 ,0,1
2002/03/21,9.574 ,0.695 ,0.795 ,1,1
2002/03/22,10.762 ,0.693 ,0.805 ,1,1
2002/03/23,8.795 ,0.687 ,0.812 ,1,1
2002/03/24,11.286 ,0.686 ,0.812 ,0,0
2002/03/25,7.456 ,0.694 ,0.812 ,1,1
2002/03/26,2.979 ,0.697 ,0.793 ,0,1
2002/03/27,2.355 ,0.697 ,0.802 ,0,1
2002/03/28,1.294 ,0.697 ,0.812 ,0,1
2002/03/29,1.265 ,0.854 ,0.812 ,0,1
2002/03/30,3.298 ,0.872 ,0.812 ,0,1
2002/03/31,1.082 ,0.873 ,0.795 ,0,1
2002/04/01,1.840 ,0.870 ,0.806 ,0,1
2002/04/02,1.491 ,0.873 ,0.801 ,0,1
2002/04/03,2.100 ,0.861 ,0.812 ,0,1
2002/04/04,1.743 ,0.873 ,1.000 ,0,0
2002/04/05,1.491 ,0.873 ,1.000 ,0,0
2002/04/06,2.962 ,0.873 ,1.000 ,0,0
2002/04/07,57.655 ,0.552 ,0.989 ,1,0
2002/04/08,2.284 ,0.866 ,1.000 ,1,0
2002/04/09,1.710 ,0.873 ,1.000 ,1,0
2002/04/10,3.631 ,0.865 ,1.000 ,1,0
2002/04/11,3.092 ,0.873 ,1.000 ,1,0
2002/04/12,2.287 ,0.873 ,1.000 ,1,0
2002/04/13,2.567 ,0.873 ,1.000 ,1,0
2002/04/14,5.454 ,0.856 ,0.949 ,1,0
2002/04/15,3.946 ,0.862 ,1.000 ,1,0
2002/04/16,3.325 ,0.873 ,1.000 ,1,0
2002/04/17,2.596 ,0.873 ,1.000 ,1,0
2002/04/18,1.953 ,0.878 ,0.812 ,1,0
2002/04/19,1.493 ,0.873 ,0.812 ,1,0
2002/04/20,1.273 ,0.873 ,0.812 ,1,0
2002/04/21,0.496 ,1.000 ,0.539 ,0,1
2002/04/22,0.285 ,0.912 ,0.630 ,0,1
2002/04/23,0.277 ,1.000 ,0.631 ,0,1
2002/04/24,0.840 ,1.000 ,0.634 ,0,1
2002/04/25,0.336 ,1.000 ,0.638 ,0,1
2002/04/26,0.935 ,0.991 ,0.639 ,0,1
2002/04/27,0.754 ,1.000 ,0.636 ,0,1
2002/04/28,0.240 ,1.000 ,0.633 ,0,1
2002/04/29,0.241 ,1.000 ,0.642 ,0,1
2002/04/30,0.303 ,1.000 ,0.638 ,0,0
2002/05/01,0.228 ,1.000 ,0.636 ,0,1
2002/05/02,0.296 ,1.000 ,0.642 ,0,1
2002/05/03,0.286 ,1.000 ,0.634 ,0,1
2002/05/04,0.278 ,1.000 ,0.638 ,0,1
2002/05/05,0.949 ,1.000 ,0.533 ,0,1
2002/05/06,0.229 ,1.000 ,0.635 ,0,1
2002/05/07,0.339 ,1.000 ,0.640 ,0,1
2002/05/08,0.919 ,1.000 ,0.640 ,0,1
2002/05/09,0.852 ,1.000 ,0.640 ,0,1
2002/05/10,0.696 ,1.000 ,0.642 ,0,1
2002/05/11,0.247 ,1.000 ,0.631 ,0,1
2002/05/12,0.422 ,0.981 ,0.630 ,0,1
2002/05/13,0.940 ,1.000 ,0.637 ,0,1
2002/05/14,0.775 ,0.975 ,0.641 ,0,1
2002/05/15,0.298 ,1.000 ,0.638 ,0,1
2002/05/16,2.719 ,0.832 ,0.639 ,0,1
2002/05/17,2.718 ,0.833 ,0.642 ,0,1
2002/05/18,1.856 ,0.838 ,0.642 ,0,1
2002/05/19,1.918 ,0.838 ,0.642 ,0,1
2002/05/20,0.318 ,1.000 ,0.636 ,0,1
2002/05/21,0.867 ,0.838 ,0.638 ,0,0
2002/05/22,0.986 ,0.838 ,0.642 ,0,1
2002/05/23,3.347 ,0.838 ,0.642 ,0,1
2002/05/24,1.248 ,0.838 ,0.642 ,0,1
2002/05/25,1.309 ,0.838 ,0.640 ,0,1
2002/05/26,3.009 ,0.828 ,0.821 ,0,0
2002/05/27,1.531 ,0.838 ,1.000 ,0,0
2002/05/28,2.889 ,0.826 ,1.000 ,0,0
2002/05/29,2.751 ,0.838 ,1.000 ,0,0
2002/05/30,3.355 ,0.838 ,1.000 ,0,0
2002/05/31,2.786 ,0.838 ,1.000 ,0,0
2002/06/01,1.785 ,0.838 ,1.000 ,0,0
2002/06/02,2.682 ,0.838 ,1.000 ,0,0
2002/06/03,2.407 ,0.838 ,1.000 ,0,0
2002/06/04,3.001 ,0.838 ,1.000 ,0,0
2002/06/05,1.854 ,0.827 ,1.000 ,0,0
2002/06/06,1.892 ,0.838 ,1.000 ,0,0
2002/06/07,3.155 ,0.838 ,1.000 ,0,0
2002/06/08,2.430 ,0.838 ,1.000 ,0,0
2002/06/09,1.411 ,0.826 ,0.529 ,0,1
2002/06/10,0.296 ,0.838 ,0.671 ,0,1
2002/06/11,0.293 ,0.838 ,0.674 ,0,1
2002/06/13,1.778 ,0.827 ,0.676 ,0,1
2002/06/14,0.889 ,0.838 ,0.670 ,0,1
2002/06/15,0.753 ,0.838 ,0.672 ,0,1
2002/06/16,1.640 ,0.838 ,0.676 ,0,1
2002/06/17,0.287 ,0.838 ,0.673 ,0,1
2002/06/18,2.454 ,0.838 ,0.676 ,0,1
2002/06/19,0.863 ,0.838 ,0.676 ,0,1
2002/06/20,0.670 ,1.000 ,0.676 ,0,1
2002/06/21,1.188 ,1.000 ,0.673 ,0,1
2002/06/22,1.036 ,1.000 ,0.676 ,0,1
2002/06/23,0.229 ,1.000 ,0.664 ,0,1
2002/06/24,0.914 ,1.000 ,0.675 ,0,1
2002/06/25,0.317 ,1.000 ,0.672 ,0,1
2002/06/26,0.957 ,1.000 ,0.675 ,0,1
2002/06/27,0.317 ,1.000 ,0.676 ,0,0
2002/06/28,2.024 ,1.000 ,0.812 ,0,0
2002/06/29,1.508 ,1.000 ,0.812 ,0,0
2002/06/30,0.846 ,1.000 ,0.801 ,0,0
2002/07/01,0.229 ,1.000 ,0.812 ,0,0
2002/07/02,1.120 ,1.000 ,0.812 ,0,0
2002/07/03,0.297 ,1.000 ,0.812 ,0,0
2002/07/04,0.281 ,1.000 ,0.797 ,0,0
2002/07/05,0.585 ,1.000 ,0.805 ,0,0
2002/07/06,0.254 ,1.000 ,0.803 ,0,0
2002/07/07,0.196 ,1.000 ,0.532 ,0,1
2002/07/08,0.277 ,1.000 ,0.676 ,0,1
2002/07/09,0.281 ,1.000 ,0.669 ,0,1
2002/07/10,0.328 ,1.000 ,0.676 ,0,1
2002/07/11,2.060 ,1.000 ,0.670 ,0,1
2002/07/12,0.272 ,1.000 ,0.671 ,0,1
2002/07/13,0.492 ,1.000 ,0.676 ,0,0
2002/07/14,0.620 ,0.984 ,0.801 ,0,0
2002/07/15,0.267 ,1.000 ,0.812 ,0,0
2002/07/16,0.302 ,1.000 ,0.812 ,0,0
2002/07/17,0.894 ,1.000 ,0.809 ,0,0
2002/07/18,2.603 ,0.873 ,1.000 ,0,0
2002/07/19,1.352 ,0.848 ,0.974 ,0,0
2002/07/20,1.449 ,0.838 ,0.974 ,0,0
2002/07/21,2.754 ,0.837 ,0.949 ,0,0
2002/07/22,0.794 ,0.873 ,1.000 ,0,0
2002/07/23,2.437 ,0.865 ,1.000 ,0,0
2002/07/24,1.463 ,0.873 ,1.000 ,0,0
2002/07/25,1.985 ,0.873 ,1.000 ,0,0
2002/07/26,3.935 ,0.867 ,1.000 ,0,0
2002/07/27,2.108 ,0.873 ,1.000 ,0,0
2002/07/28,1.590 ,0.849 ,0.974 ,0,0
2002/07/29,1.122 ,0.873 ,1.000 ,0,0
2002/07/30,2.157 ,0.873 ,1.000 ,0,0
2002/07/31,2.521 ,0.867 ,1.000 ,0,0
2002/08/01,1.647 ,0.873 ,1.000 ,0,0
2002/08/02,0.963 ,0.873 ,1.000 ,0,0
2002/08/03,0.955 ,0.857 ,0.805 ,0,1
2002/08/04,0.626 ,0.873 ,0.539 ,0,1
2002/08/05,2.098 ,0.873 ,0.636 ,0,1
2002/08/06,0.797 ,0.873 ,0.637 ,0,1
2002/08/07,1.149 ,0.869 ,0.636 ,0,1
2002/08/08,0.534 ,0.873 ,0.637 ,0,1
2002/08/09,0.861 ,0.873 ,0.642 ,0,1
2002/08/10,15.359 ,0.623 ,0.642 ,1,1
2002/08/11,12.329 ,0.613 ,0.638 ,1,1
2002/08/12,15.595 ,0.622 ,0.637 ,1,1
2002/08/13,15.184 ,0.624 ,0.640 ,1,1
2002/08/14,20.779 ,0.624 ,0.642 ,1,1
2002/08/15,1.609 ,0.873 ,0.642 ,1,0
2002/08/16,2.462 ,0.869 ,0.812 ,1,0
2002/08/17,2.325 ,0.873 ,0.812 ,1,0
2002/08/18,1.546 ,0.873 ,0.812 ,1,0
2002/08/19,0.901 ,0.873 ,0.812 ,1,0
2002/08/20,0.497 ,0.873 ,0.812 ,1,0
2002/08/22,1.879 ,0.873 ,0.812 ,1,0
2002/08/23,2.946 ,0.873 ,0.812 ,1,0
2002/08/24,1.049 ,0.851 ,0.812 ,1,0
2002/08/25,2.068 ,0.864 ,0.801 ,1,0
2002/08/26,1.891 ,0.873 ,0.812 ,1,0
2002/08/27,1.947 ,0.873 ,0.812 ,1,0
2002/08/28,1.445 ,0.867 ,0.812 ,1,0
2002/08/29,0.546 ,0.873 ,0.812 ,1,0
2002/08/30,0.843 ,1.000 ,0.812 ,0,0
2002/08/31,0.253 ,1.000 ,0.812 ,0,0
2002/09/01,0.354 ,0.996 ,0.808 ,0,0
2002/09/02,0.807 ,1.000 ,0.812 ,0,0
2002/09/03,0.282 ,1.000 ,0.801 ,0,0
2002/09/04,0.870 ,0.987 ,0.805 ,0,0
2002/09/05,0.861 ,1.000 ,0.812 ,0,0
2002/09/06,0.782 ,1.000 ,0.812 ,0,0
2002/09/07,0.998 ,1.000 ,0.812 ,0,0
2002/09/08,0.198 ,1.000 ,0.528 ,0,1
2002/09/09,1.190 ,1.000 ,0.603 ,0,1
2002/09/10,0.277 ,1.000 ,0.604 ,0,1
2002/09/11,0.599 ,1.000 ,0.607 ,0,1
2002/09/12,0.293 ,1.000 ,0.602 ,0,1
2002/09/13,0.291 ,1.000 ,0.602 ,0,1
2002/09/14,0.516 ,1.000 ,0.599 ,0,0
2002/09/15,0.231 ,1.000 ,0.783 ,0,0
2002/09/16,0.801 ,1.000 ,0.812 ,0,0
2002/09/17,0.300 ,1.000 ,0.812 ,0,0
2002/09/18,0.899 ,1.000 ,0.812 ,0,0
2002/09/19,0.876 ,0.838 ,1.000 ,0,0
2002/09/20,1.786 ,0.838 ,1.000 ,0,0
2002/09/21,0.790 ,0.838 ,0.318 ,0,1
2002/09/22,3.138 ,0.822 ,0.974 ,0,0
2002/09/23,1.854 ,0.832 ,1.000 ,0,0
2002/09/24,0.291 ,0.838 ,1.000 ,0,0
2002/09/25,1.781 ,0.834 ,1.000 ,0,0
2002/09/26,1.463 ,0.838 ,1.000 ,0,0
2002/09/27,1.690 ,0.838 ,1.000 ,0,0
2002/09/28,0.834 ,0.838 ,1.000 ,0,0
2002/09/29,2.068 ,0.838 ,1.000 ,0,0
2002/09/30,1.924 ,0.838 ,1.000 ,0,0
2002/10/01,1.677 ,0.838 ,1.000 ,0,0
2002/10/02,3.055 ,0.838 ,0.983 ,0,1
2002/10/03,0.854 ,0.838 ,0.602 ,0,1
2002/10/04,3.533 ,0.838 ,0.603 ,0,1
2002/10/05,1.908 ,0.838 ,0.604 ,0,1
2002/10/06,1.004 ,0.821 ,0.881 ,0,1
2002/10/07,1.907 ,0.838 ,0.881 ,0,1
2002/10/08,2.155 ,0.838 ,0.876 ,0,0
2002/10/09,2.606 ,0.838 ,0.881 ,0,1
2002/10/10,0.556 ,0.796 ,0.845 ,0,0
2002/10/11,1.341 ,0.782 ,0.852 ,0,1
2002/10/12,1.563 ,0.838 ,0.843 ,0,1
2002/10/13,3.408 ,0.821 ,0.827 ,0,1
2002/10/14,1.697 ,0.796 ,0.852 ,0,1
2002/10/15,2.306 ,0.814 ,0.940 ,0,0
2002/10/16,0.351 ,1.000 ,0.650 ,0,1
2002/10/17,1.644 ,1.000 ,0.662 ,0,1
2002/10/18,0.690 ,1.000 ,0.650 ,0,1
2002/10/19,0.617 ,1.000 ,0.656 ,0,0
2002/10/20,1.020 ,1.000 ,0.661 ,0,0
2002/10/21,0.380 ,1.000 ,0.887 ,0,0
2002/10/22,0.331 ,1.000 ,0.676 ,0,0
2002/10/23,0.349 ,1.000 ,0.665 ,0,0
2002/10/24,1.708 ,1.000 ,0.676 ,0,0
2002/10/25,0.334 ,1.000 ,0.673 ,0,0
2002/10/26,0.307 ,1.000 ,0.676 ,0,0
2002/10/27,0.252 ,1.000 ,0.662 ,0,0
2002/10/28,0.984 ,1.000 ,0.672 ,0,0
2002/10/29,0.979 ,1.000 ,0.674 ,0,0
2002/10/30,0.676 ,0.970 ,0.673 ,0,0
2002/10/31,1.004 ,1.000 ,0.673 ,0,0
2002/11/01,0.852 ,1.000 ,0.676 ,0,0
2002/11/02,0.899 ,1.000 ,0.669 ,0,0
2002/11/03,0.289 ,1.000 ,0.664 ,0,0
2002/11/04,0.816 ,1.000 ,0.676 ,0,0
2002/11/05,0.319 ,1.000 ,0.676 ,0,0
2002/11/06,1.040 ,0.985 ,0.668 ,0,0
2002/11/07,0.329 ,1.000 ,0.674 ,0,0
2002/11/08,1.050 ,1.000 ,0.676 ,0,0
2002/11/09,0.625 ,0.982 ,0.674 ,0,0
2002/11/10,0.240 ,1.000 ,0.528 ,0,1
2002/11/11,1.003 ,0.988 ,0.676 ,0,0
2002/11/12,0.325 ,1.000 ,0.676 ,0,0
2002/11/13,0.334 ,1.000 ,0.658 ,0,0
2002/11/14,0.310 ,1.000 ,0.673 ,0,0
2002/11/15,0.335 ,1.000 ,0.666 ,0,0
2002/11/16,0.629 ,1.000 ,0.672 ,0,0
2002/11/17,0.488 ,1.000 ,0.673 ,0,0
2002/11/18,0.999 ,1.000 ,0.671 ,0,0
2002/11/19,0.324 ,1.000 ,0.667 ,0,0
2002/11/20,0.980 ,0.812 ,0.973 ,0,0
2002/11/21,0.993 ,0.838 ,1.000 ,0,0
2002/11/22,1.354 ,0.838 ,0.980 ,0,0
2002/11/23,2.796 ,0.829 ,1.000 ,0,0
2002/11/24,1.886 ,0.820 ,1.000 ,0,0
2002/11/25,3.096 ,0.838 ,1.000 ,0,0
2002/11/26,1.540 ,0.838 ,1.000 ,0,0
2002/11/27,5.302 ,0.835 ,0.949 ,0,0
2002/11/28,1.334 ,0.838 ,1.000 ,0,0
2002/11/29,2.039 ,0.827 ,1.000 ,0,0
2002/11/30,3.578 ,0.832 ,1.000 ,0,0
2002/12/01,1.947 ,0.806 ,0.949 ,0,0
2002/12/02,2.494 ,0.833 ,1.000 ,0,0
2002/12/03,2.611 ,0.832 ,1.000 ,0,0
2002/12/04,2.383 ,0.838 ,1.000 ,0,0
2002/12/05,2.837 ,0.827 ,1.000 ,0,0
2002/12/06,3.023 ,0.831 ,0.801 ,0,1
2002/12/07,2.305 ,0.831 ,0.799 ,0,1
2002/12/08,0.466 ,0.817 ,0.525 ,0,1
2002/12/09,0.389 ,1.000 ,0.671 ,0,1
2002/12/10,0.618 ,0.815 ,0.672 ,0,1
2002/12/11,2.318 ,0.830 ,0.666 ,0,1
2002/12/12,1.294 ,0.819 ,0.672 ,0,1
2002/12/13,1.303 ,0.838 ,0.663 ,0,0
2002/12/14,1.108 ,0.817 ,0.676 ,0,0
2002/12/15,1.810 ,0.825 ,0.643 ,0,0
2002/12/16,0.326 ,0.838 ,0.647 ,0,0
2002/12/17,0.993 ,0.838 ,0.676 ,0,0
2002/12/18,1.334 ,0.804 ,0.785 ,0,0
2002/12/19,0.350 ,1.000 ,0.816 ,0,0
2002/12/20,0.339 ,1.000 ,0.846 ,0,0
2002/12/21,0.343 ,1.000 ,0.818 ,0,0
2002/12/22,0.259 ,1.000 ,0.840 ,0,0
2002/12/23,1.751 ,1.000 ,0.846 ,0,0
2002/12/24,1.058 ,1.000 ,0.846 ,0,0
2002/12/25,0.291 ,1.000 ,0.829 ,0,0
2002/12/26,0.932 ,0.967 ,0.828 ,0,0
2002/12/27,0.558 ,1.000 ,0.846 ,0,0
2002/12/28,0.530 ,1.000 ,0.840 ,0,0
2002/12/29,0.720 ,1.000 ,0.828 ,0,0
2002/12/30,1.422 ,1.000 ,0.846 ,0,0
2002/12/31,0.990 ,1.000 ,0.846 ,0,0
2003/01/01,1.535 ,1.000 ,0.846 ,0,0
2003/01/02,0.411 ,1.000 ,0.846 ,0,0
2003/01/03,0.826 ,1.000 ,0.846 ,0,0
2003/01/04,0.320 ,1.000 ,0.846 ,0,0
2003/01/05,0.274 ,1.000 ,0.530 ,0,0
2003/01/06,0.936 ,1.000 ,0.568 ,0,0
2003/01/07,0.326 ,1.000 ,0.569 ,0,0
2003/01/08,0.329 ,0.923 ,0.570 ,0,1
2003/01/09,0.322 ,1.000 ,0.559 ,0,1
2003/01/10,1.389 ,1.000 ,0.555 ,0,0
2003/01/11,0.273 ,1.000 ,0.564 ,0,0
2003/01/12,0.811 ,0.984 ,0.559 ,0,0
2003/01/13,0.286 ,1.000 ,0.573 ,0,0
2003/01/14,0.312 ,1.000 ,0.846 ,0,0
2003/01/15,0.352 ,1.000 ,0.846 ,0,0
2003/01/16,1.001 ,0.838 ,1.000 ,0,0
2003/01/17,2.761 ,0.831 ,1.000 ,0,0
2003/01/18,4.235 ,0.838 ,1.000 ,0,0
2003/01/19,2.702 ,0.838 ,0.984 ,0,0
2003/01/20,2.002 ,0.838 ,1.000 ,0,0
2003/01/21,1.337 ,0.838 ,1.000 ,0,0
2003/01/22,2.081 ,0.810 ,1.000 ,0,0
2003/01/23,4.055 ,0.838 ,1.000 ,0,0
2003/01/24,2.831 ,0.828 ,1.000 ,0,0
2003/01/25,3.078 ,0.831 ,0.981 ,0,0
2003/01/26,1.056 ,0.806 ,0.974 ,0,0
2003/01/27,1.880 ,0.838 ,0.969 ,0,0
2003/01/28,1.840 ,0.838 ,1.000 ,0,0
2003/01/29,2.798 ,0.814 ,1.000 ,0,0
2003/01/30,2.266 ,0.838 ,0.969 ,0,0
2003/01/31,1.594 ,0.838 ,1.000 ,0,0
2003/02/01,2.521 ,0.830 ,1.000 ,0,0
2003/02/02,3.227 ,0.835 ,1.000 ,0,0
2003/02/03,0.972 ,0.838 ,1.000 ,0,0
2003/02/04,2.230 ,0.823 ,1.000 ,0,0
2003/02/05,1.381 ,0.838 ,1.000 ,0,0
2003/02/06,2.408 ,0.838 ,1.000 ,0,0
2003/02/07,3.405 ,0.838 ,1.000 ,0,0
2003/02/08,0.917 ,0.822 ,0.808 ,0,1
2003/02/09,1.203 ,0.812 ,0.519 ,0,1
2003/02/10,2.722 ,0.838 ,1.000 ,0,0
2003/02/11,1.264 ,0.835 ,1.000 ,0,0
2003/02/12,2.298 ,0.828 ,1.000 ,0,0
2003/02/13,2.681 ,0.824 ,1.000 ,0,0
2003/02/14,4.157 ,0.829 ,1.000 ,0,0
2003/02/15,3.141 ,0.825 ,1.000 ,0,0
2003/02/16,3.220 ,0.809 ,0.925 ,0,0
2003/02/17,4.052 ,0.835 ,1.000 ,0,0
2003/02/18,3.600 ,0.820 ,0.940 ,0,0
2003/02/19,0.418 ,1.000 ,0.812 ,0,0
2003/02/20,0.349 ,1.000 ,0.802 ,0,0
2003/02/21,1.010 ,0.974 ,0.777 ,0,0
2003/02/22,0.926 ,1.000 ,0.812 ,0,0
2003/02/23,1.874 ,0.979 ,0.789 ,0,0
2003/02/24,0.728 ,1.000 ,0.797 ,0,0
2003/02/25,1.535 ,0.956 ,0.805 ,0,0
2003/02/26,0.640 ,1.000 ,0.812 ,0,0
2003/02/27,0.668 ,1.000 ,0.804 ,0,0
2003/02/28,0.693 ,0.965 ,0.808 ,0,0
2003/03/01,0.581 ,1.000 ,0.812 ,0,0
2003/03/02,0.237 ,1.000 ,0.841 ,0,0
2003/03/03,0.711 ,0.963 ,0.846 ,0,1
2003/03/04,0.342 ,1.000 ,0.820 ,0,1
2003/03/05,1.395 ,0.990 ,0.817 ,0,1
2003/03/06,0.318 ,1.000 ,0.832 ,0,1
2003/03/07,0.393 ,1.000 ,0.820 ,0,1
2003/03/08,0.284 ,1.000 ,0.830 ,0,1
2003/03/09,0.687 ,0.977 ,0.518 ,0,1
2003/03/10,10.013 ,0.824 ,0.820 ,1,0
2003/03/11,6.736 ,0.830 ,0.846 ,1,0
2003/03/12,7.117 ,0.834 ,0.831 ,1,0
2003/03/13,23.701 ,0.616 ,0.778 ,1,0
2003/03/14,16.356 ,0.615 ,0.846 ,1,0
2003/03/15,14.020 ,0.617 ,0.846 ,1,0
2003/03/16,0.268 ,1.000 ,0.846 ,0,0
2003/03/17,0.345 ,1.000 ,0.846 ,0,0
2003/03/18,0.330 ,1.000 ,0.836 ,0,0
2003/03/19,2.042 ,0.838 ,0.846 ,0,0
2003/03/20,1.025 ,0.838 ,0.949 ,0,0
2003/03/21,4.068 ,0.826 ,1.000 ,0,0
2003/03/22,1.226 ,0.820 ,1.000 ,0,0
2003/03/23,1.774 ,0.802 ,0.942 ,0,0
2003/03/24,8.096 ,0.828 ,0.933 ,1,0
2003/03/25,27.115 ,0.615 ,1.000 ,1,0
2003/03/26,25.134 ,0.614 ,1.000 ,1,0
2003/03/27,4.515 ,0.829 ,0.984 ,1,0
2003/03/28,2.254 ,0.835 ,0.956 ,0,0
2003/03/29,1.791 ,0.838 ,1.000 ,0,0
2003/03/30,2.474 ,0.834 ,0.984 ,0,0
2003/03/31,0.602 ,0.838 ,0.956 ,0,0
2003/04/01,1.320 ,0.825 ,1.000 ,0,0
2003/04/02,1.233 ,0.817 ,1.000 ,0,0
2003/04/03,0.907 ,0.808 ,0.942 ,0,0
2003/04/04,1.289 ,0.838 ,1.000 ,0,0
2003/04/05,3.312 ,0.838 ,0.906 ,0,0
2003/04/06,1.332 ,0.813 ,0.517 ,0,1
2003/04/07,2.165 ,0.838 ,1.000 ,0,0
2003/04/08,1.488 ,0.838 ,0.932 ,0,0
2003/04/09,2.117 ,0.838 ,1.000 ,0,0
2003/04/10,2.226 ,0.827 ,0.969 ,0,0
2003/04/11,1.730 ,0.838 ,0.962 ,0,0
2003/04/12,1.539 ,0.822 ,1.000 ,0,0
2003/04/13,0.952 ,0.828 ,0.985 ,0,0
2003/04/14,0.693 ,0.838 ,1.000 ,0,0
2003/04/15,2.878 ,0.832 ,1.000 ,0,0
2003/04/16,1.637 ,0.820 ,0.796 ,0,0
2003/04/17,0.317 ,0.838 ,0.812 ,0,0
2003/04/18,0.329 ,0.838 ,0.792 ,0,0
2003/04/19,0.300 ,0.838 ,0.808 ,0,0
2003/04/20,1.013 ,0.838 ,0.812 ,0,0
2003/04/21,0.660 ,0.813 ,0.812 ,0,0
2003/04/22,1.296 ,0.838 ,0.812 ,0,0
2003/04/23,1.083 ,0.838 ,0.812 ,0,0
2003/04/24,0.958 ,0.838 ,0.812 ,0,0
2003/04/25,0.351 ,0.838 ,0.812 ,0,0
2003/04/26,1.482 ,0.836 ,0.799 ,0,0
2003/04/27,1.430 ,0.831 ,0.796 ,0,0
2003/04/28,0.970 ,0.838 ,0.807 ,0,0
2003/04/29,1.724 ,0.805 ,0.808 ,0,0
2003/04/30,0.312 ,0.838 ,0.785 ,0,0
2003/05/01,0.999 ,0.817 ,0.797 ,0,0
2003/05/02,0.335 ,0.838 ,0.659 ,0,1
2003/05/03,0.863 ,0.833 ,0.666 ,0,1
2003/05/04,1.331 ,0.838 ,0.528 ,0,1
2003/05/05,0.964 ,0.838 ,0.674 ,0,1
2003/05/06,0.971 ,0.813 ,0.666 ,0,1
2003/05/07,0.341 ,0.838 ,0.666 ,0,1
2003/05/08,1.059 ,0.838 ,0.672 ,0,1
2003/05/09,0.650 ,0.812 ,0.666 ,0,0
2003/05/10,0.289 ,0.838 ,0.676 ,0,0
2003/05/11,0.256 ,0.838 ,0.664 ,0,0
2003/05/12,0.992 ,0.838 ,0.676 ,0,0
2003/05/13,0.339 ,0.838 ,0.778 ,0,0
2003/05/14,1.653 ,0.838 ,0.780 ,0,0
2003/05/15,2.839 ,0.835 ,0.984 ,0,0
2003/05/16,3.332 ,0.827 ,1.000 ,0,0
2003/05/17,2.424 ,0.820 ,1.000 ,0,0
2003/05/18,1.984 ,0.838 ,1.000 ,0,0
2003/05/19,2.636 ,0.808 ,1.000 ,0,0
2003/05/20,1.399 ,0.838 ,0.925 ,0,0
2003/05/21,1.354 ,0.838 ,1.000 ,0,0
2003/05/22,1.667 ,0.815 ,0.930 ,0,0
2003/05/23,1.672 ,0.823 ,1.000 ,0,0
2003/05/24,2.003 ,0.838 ,0.988 ,0,0
2003/05/25,3.128 ,0.812 ,1.000 ,0,0
2003/05/26,3.433 ,0.814 ,1.000 ,0,0
2003/05/27,1.429 ,0.838 ,1.000 ,0,0
2003/05/28,1.566 ,0.838 ,0.956 ,0,0
2003/05/29,1.908 ,0.822 ,1.000 ,0,0
2003/05/30,3.889 ,0.838 ,1.000 ,0,0
2003/05/31,3.541 ,0.829 ,1.000 ,0,0
2003/06/01,1.373 ,0.838 ,0.992 ,0,0
2003/06/02,2.153 ,0.802 ,0.663 ,0,1
2003/06/03,0.936 ,0.816 ,0.664 ,0,1
2003/06/04,0.701 ,0.838 ,0.665 ,0,1
2003/06/05,0.607 ,0.838 ,0.674 ,0,1
2003/06/06,0.335 ,0.838 ,0.665 ,0,1
2003/06/07,0.305 ,0.838 ,0.669 ,0,1
2003/06/08,1.088 ,0.779 ,0.518 ,0,1
2003/06/09,0.642 ,0.838 ,0.669 ,0,1
2003/06/10,1.980 ,0.838 ,0.669 ,0,1
2003/06/11,0.341 ,0.838 ,0.667 ,0,1
2003/06/12,0.357 ,0.750 ,0.670 ,0,1
2003/06/13,1.991 ,0.838 ,0.674 ,0,1
2003/06/14,0.875 ,0.838 ,0.676 ,0,0
2003/06/15,1.876 ,0.829 ,0.967 ,0,0
2003/06/16,1.697 ,0.838 ,1.000 ,0,0
2003/06/17,2.237 ,0.838 ,1.000 ,0,0
2003/06/18,0.340 ,1.000 ,0.801 ,0,0
2003/06/19,0.636 ,1.000 ,0.806 ,0,0
2003/06/20,1.010 ,1.000 ,0.812 ,0,0
2003/06/21,1.652 ,1.000 ,0.812 ,0,0
2003/06/22,0.696 ,1.000 ,0.798 ,0,0
2003/06/23,1.019 ,1.000 ,0.812 ,0,0
2003/06/24,1.050 ,1.000 ,0.787 ,0,0
2003/06/25,0.322 ,1.000 ,0.798 ,0,0
2003/06/26,0.327 ,1.000 ,0.805 ,0,0
2003/06/27,0.339 ,1.000 ,0.790 ,0,0
2003/06/28,1.809 ,1.000 ,0.792 ,0,0
2003/06/29,0.733 ,0.984 ,0.786 ,0,0
2003/06/30,0.944 ,0.973 ,0.801 ,0,0
2003/07/01,1.139 ,1.000 ,0.802 ,0,0
2003/07/02,0.319 ,1.000 ,0.807 ,0,0
2003/07/03,0.950 ,0.980 ,0.791 ,0,0
2003/07/04,0.943 ,1.000 ,0.812 ,0,0
2003/07/05,1.630 ,1.000 ,0.787 ,0,0
2003/07/06,0.408 ,1.000 ,0.806 ,0,0
2003/07/07,0.688 ,1.000 ,0.812 ,0,0
2003/07/08,2.572 ,0.988 ,0.812 ,0,0
2003/07/09,0.653 ,1.000 ,0.812 ,0,0
2003/07/10,1.382 ,1.000 ,0.804 ,0,0
2003/07/11,0.308 ,0.933 ,0.812 ,0,0
2003/07/12,0.267 ,1.000 ,0.805 ,0,0
2003/07/13,3.220 ,0.992 ,0.786 ,0,0
2003/07/14,0.670 ,0.954 ,0.812 ,0,0
2003/07/15,0.303 ,1.000 ,0.782 ,0,0
2003/07/16,3.299 ,0.828 ,0.812 ,0,0
2003/07/17,0.967 ,0.838 ,1.000 ,0,0
2003/07/18,0.988 ,0.838 ,1.000 ,0,0
2003/07/19,2.291 ,0.838 ,1.000 ,0,0
2003/07/20,4.244 ,0.820 ,0.967 ,0,0
2003/07/21,4.640 ,0.830 ,0.986 ,0,0
2003/07/22,3.452 ,0.832 ,1.000 ,0,0
2003/07/23,1.688 ,0.825 ,0.969 ,0,0
2003/07/24,1.939 ,0.828 ,1.000 ,0,0
2003/07/25,2.316 ,0.830 ,1.000 ,0,0
2003/07/26,1.174 ,0.820 ,1.000 ,0,0
2003/07/27,2.362 ,0.802 ,0.983 ,0,0
2003/07/28,2.835 ,0.817 ,0.980 ,0,0
2003/07/29,2.312 ,0.821 ,1.000 ,0,0
2003/07/30,0.662 ,0.812 ,1.000 ,0,0
2003/07/31,2.158 ,0.827 ,1.000 ,0,0
2003/08/01,1.228 ,0.838 ,1.000 ,0,0
2003/08/02,2.407 ,0.832 ,1.000 ,0,0
2003/08/03,0.981 ,0.838 ,0.968 ,0,0
2003/08/04,1.789 ,0.838 ,1.000 ,0,0
2003/08/05,2.394 ,0.802 ,1.000 ,0,0
2003/08/06,2.777 ,0.828 ,1.000 ,0,0
2003/08/07,5.083 ,0.824 ,0.981 ,0,0
2003/08/08,0.326 ,0.838 ,1.000 ,0,0
2003/08/09,1.925 ,0.825 ,1.000 ,0,0
2003/08/10,2.558 ,0.816 ,0.679 ,0,0
2003/08/11,0.606 ,0.794 ,0.657 ,0,1
2003/08/12,0.317 ,0.838 ,0.663 ,0,1
2003/08/13,0.945 ,0.817 ,0.654 ,0,1
2003/08/14,1.144 ,0.838 ,0.660 ,0,1
2003/08/15,0.372 ,0.838 ,0.672 ,0,1
2003/08/16,0.974 ,0.838 ,0.667 ,0,1
2003/08/17,2.501 ,0.823 ,0.666 ,0,1
2003/08/18,2.177 ,0.829 ,1.000 ,0,0
2003/08/19,4.167 ,0.814 ,1.000 ,0,0
2003/08/20,0.334 ,0.838 ,0.812 ,0,0
2003/08/21,0.305 ,1.000 ,0.807 ,0,0
2003/08/22,0.320 ,1.000 ,0.801 ,0,0
2003/08/23,1.169 ,1.000 ,0.803 ,0,0
2003/08/24,1.304 ,0.985 ,0.798 ,0,0
2003/08/25,1.263 ,1.000 ,0.812 ,0,0
2003/08/26,0.631 ,1.000 ,0.799 ,0,0
2003/08/27,0.337 ,1.000 ,0.798 ,0,0
2003/08/28,1.407 ,0.980 ,0.794 ,0,0
2003/08/29,1.032 ,0.981 ,0.806 ,0,0
2003/08/30,0.322 ,1.000 ,0.804 ,0,0
2003/08/31,0.276 ,1.000 ,0.788 ,0,0
2003/09/01,0.274 ,1.000 ,0.812 ,0,0
2003/09/02,0.385 ,1.000 ,0.812 ,0,0
2003/09/03,0.371 ,1.000 ,0.812 ,0,0
2003/09/04,0.369 ,1.000 ,0.812 ,0,0
2003/09/05,0.389 ,1.000 ,0.812 ,0,0
