"LMOVE1","NSALE1","NSALE2","NSALE3","NSALE4","NSALE5","NSALE6","NSALE7","LPRICE1","LPRICE2","LPRICE3","LPRICE4","LPRICE5","LPRICE6","LPRICE7"
9.9206887598559,0,0,0,0,0,0,0,-0.090138569,-0.122673649,0.5755584775,-0.115039225,0.4568242608,1.2242972776,-0.206610346
10.6998905353978,0,0,0,0,0,0,0,-0.283314594,-0.287682072,0.573771725,-0.11773128,0.4544686983,1.2237643832,-0.208950487
10.133686158324,0,0,0,0,0,0,0,-0.283481741,-0.12441308,0.5724700192,-0.251293306,0.4536204996,1.2230939009,-0.210267664
9.30855541947314,0,0,0,0.2298545285,1,0,1,-0.084545216,-0.287682072,0.5737890815,-0.251526918,0.3629118495,1.2229763013,-0.376196313
11.2550481192107,1,0,0,0,1,0,0,-0.371063681,-0.124420994,0.5692096404,-0.118471461,0.3606222703,1.2206562527,-0.209242994
9.15852062324639,0,0,0,1,0,0,0,-0.082918502,-0.117209106,0.5721063018,-0.277990444,0.3630180739,1.2231508205,-0.203040277
9.12281977444669,0,0,0,0.2308907634,0,0,0,-0.083536826,-0.11895008,0.5720618955,-0.278133537,0.452833732,1.2224807799,-0.217874067
10.8832975362694,0,0,0,1,0,0,0,-0.287682072,-0.115950712,0.5718856541,-0.278057088,0.452783194,1.2226460564,-0.21320336
9.3179383825742,0,0,0,0,0,0,0,-0.086621789,-0.118996882,0.5715131109,-0.114624855,0.4522040232,1.221642651,-0.218473148
9.11899233251688,0,0,0,0.2276669524,0,0,1,-0.088991944,-0.123284151,0.5734793812,-0.150006063,0.4538410281,1.2230133145,-0.299223261
9.90038273758265,0,0,0,0,0,0,0.6701450989,-0.250258633,-0.120953595,0.5726762732,-0.147592169,0.4527444154,1.2232590923,-0.29634289
9.53104611087515,0,1,0,0.2306781722,0,0,1,-0.090236753,-0.376086521,0.5704720694,-0.149089679,0.3461366033,1.2216344113,-0.296717518
9.53430615650521,0,0,0,0.2317983864,1,0,1,-0.175332242,-0.123811856,0.5719214548,-0.15008581,0.3465004988,1.2231511503,-0.297858829
9.67677514040736,0.7908256838,0,0,0,0,0,0.3518149842,-0.17581954,-0.123636625,0.5719712064,-0.149719351,0.3465794729,1.2231489796,-0.298571732
9.37940781309172,0.2093621229,0,0,0,0,0,0,-0.171690797,-0.117969153,0.5720107359,-0.145696207,0.4528901431,1.2233961745,-0.21822786
9.73180915584065,0.7671958671,0,0,0.2261228747,0,0,0,-0.171476942,-0.11963354,0.5705085477,-0.145393135,0.4513591241,1.2219529756,-0.217539658
11.9181438759845,0,0,0,0.2587841119,0,0,0,-0.287682072,-0.125156799,0.569362261,-0.157528621,0.450407045,1.2205648368,-0.22380543
8.95622201636254,0,0,0,0,0,0,1,-0.09271435,-0.126577082,0.5711896881,-0.120320129,0.4521989367,1.222021998,-0.713349888
8.93115542977835,0,0.6949674397,0,0,0,0,0,-0.08821889,-0.247981332,0.5706072675,-0.371063681,0.4512788769,1.2223629456,-0.220936548
9.25407013483751,0,0.695472091,0,0,0,0,0,-0.086735638,-0.248445527,0.5716464376,-0.371063681,0.4525019998,1.2223572662,-0.312073477
9.14537509312382,0,0.6943795063,0,0.7706866334,0,0,0.647139789,-0.096923325,-0.248826646,0.5712496624,-0.371063681,0.4063926392,1.2217307332,-0.317544426
9.13647852337773,0,0,0,0,0,0,1,-0.090235111,-0.119849278,0.5720902105,-0.259288381,0.4072412984,1.2227064176,-0.3140542
9.65860950907591,0,0,0,0,0,0,1,-0.094607581,-0.123596675,0.5713747984,-0.117907852,0.4064233166,1.2221151093,-0.316025964
9.3702458894858,0,0,0,0,1,0,0.3439412614,-0.098438038,-0.252128707,0.5699108026,-0.120659303,0.3293037471,1.2212681337,-0.31655308
11.9107481103809,0,0,1,0,1,1,0,-0.527632742,-0.121326717,0.4637340162,-0.11541842,0.3293037471,1.1857093521,-0.314618437
10.3512455728345,0.2151055831,0,0.7753405144,0.7711356558,1,1,0,-0.527632742,-0.123964633,0.4637340162,-0.527632742,0.3293037471,1.1851551698,-0.315860689
11.676191615229,0.2086807542,0,0.7759209392,1,1,0,1,-0.371063681,-0.118983086,0.4637340162,-0.527632742,0.3154521791,1.2221591845,-0.313302168
10.4116897380954,0,0,0.7740884663,0,1,0,1,-0.371063681,-0.121801232,0.4770777769,-0.11365258,0.3151041093,1.2215216457,-0.377493487
8.82158487743096,0,1,0,0,1,0,0,-0.095595474,-0.407285497,0.4771015816,-0.11006805,0.3155500532,1.2220298035,-0.377315603
9.59430941973946,0.2252382783,0.3035110082,1,0,1,0,0,-0.250258022,-0.405465108,0.4769167881,-0.114297263,0.31474814,1.2212614085,-0.221807069
9.59212735272977,1,0.6964306319,1,0.2307165683,1,0,0,-0.249911612,-0.405465108,0.4771366626,-0.249523095,0.3153443743,1.1600209168,-0.215621051
9.8603712614625,0.2205947675,1,0.220450666,0.7709013582,0,0,1,-0.378422941,-0.405465108,0.4745063866,-0.250269429,0.3992244657,1.1600209168,-0.378060855
9.91645313492615,1,0,0,0.2320872158,0,0,0,-0.380714504,-0.132013959,0.5678446841,-0.25093201,0.402934866,1.2178443739,-0.23231631
9.48181684008103,0,0,0,0,0,0,0,-0.11044564,-0.131238949,0.5687410292,-0.251224615,0.4039772106,1.2179306884,-0.234721676
9.86282179581011,1,0,0,0.7726952465,0,0,0,-0.37488954,-0.345380621,0.5697308597,-0.251064082,0.3293037471,1.218104864,-0.234155887
9.87179046579287,1,0,0,0,0,0,0,-0.376261911,-0.354331092,0.5706073907,-0.251747179,0.3293037471,1.2193871191,-0.233107321
10.0971610976663,1,0.3328737215,0,0,0,0,0,-0.363699172,-0.352110615,0.5716434356,-0.110489925,0.4067370376,1.2221730351,-0.21661292
9.9560800026553,1,0.6942179794,0,0,0,0,0,-0.363182733,-0.345473545,0.5719391154,-0.107798201,0.4070797486,1.2226179735,-0.213396904
9.28646773236373,0,0,0,0,0,0,0,-0.097541047,-0.119308181,0.5723183169,-0.11068516,0.4076356038,1.2230415851,-0.377470337
9.52850315168155,0,1,0,0,0,0,0,-0.09750192,-0.169331542,0.571147223,-0.371063681,0.3293037471,1.2214881978,-0.221818947
10.9748485412969,0.7671454318,0.6937426418,0,0,0,0,0,-0.24897839,-0.168524325,0.5720503727,-0.108015891,0.3293037471,1.2224593732,-0.218382283
9.9206887598559,0.7655125846,0.3087967945,0,0,0,0,0,-0.248983515,-0.168062923,0.5721701824,-0.107336788,0.3293037471,1.2222269409,-0.213791884
8.86841328467201,0,1,0,0.2329956454,1,1,0,-0.09718885,-0.170784444,0.5723996121,-0.527632742,0.3293037471,1.1834434293,-0.219216607
9.57164458429858,0,0.3083418458,0,0,0,1,0,-0.092328603,-0.167972927,0.5721579813,-0.10722107,0.4074153514,1.1831858062,-0.298958951
10.3765490018811,0.2319650152,0.3061204916,0,0,0,0,0,-0.249656275,-0.165858667,0.5723430005,-0.105469322,0.4076116097,1.1831780877,-0.296782385
9.82730820579731,0,0.6924595127,0,0,0,1,0,-0.24976957,-0.166275195,0.5725452354,-0.105748463,0.4076949969,1.1831986433,-0.377059954
10.0508293904341,0,0.6955250348,0,0,0,1,0,-0.249897298,-0.169761396,0.5696129439,-0.111190185,0.4053000603,1.1811089472,-0.377336375
10.2887839663538,0.7691447653,0,0.2246913941,0,0,0,0,-0.407880968,-0.116571784,0.4774479147,-0.10874883,0.4066636685,1.2215640616,-0.377170621
10.2639552947136,0.7650537107,1,0.7759928299,0,0,0,0,-0.406934619,-0.250020036,0.4771895915,-0.107263707,0.406076959,1.1600209168,-0.212495374
9.7750858377316,1,0,1,0.7678633941,1,1,0,-0.410238448,-0.118543592,0.4776339826,-0.371063681,0.2546422184,1.1600209168,-0.215373936
11.2976632739818,1,0,1,1,1,0,0,-0.371063681,-0.111612983,0.4775320441,-0.371063681,0.2546422184,1.1600209168,-0.204801795
8.77245537261191,0.7655470613,0.3084499232,0.7702444709,0.2327315279,1,1,0,-0.090390921,-0.405465108,0.4769838584,-0.371063681,0.2546422184,1.1600209168,-0.209146969
9.4949928598676,0,1,0,0,0,0,0.6418386247,-0.09056744,-0.405465108,0.5715478275,-0.106462675,0.4067314513,1.221583201,-0.381766332
12.8570192776342,0.2333468165,1,0,0,0,0,0.3525945433,-0.249877148,-0.405465108,0.5716650728,-0.10428542,0.4069106891,1.2213861282,-0.376770469
9.74940353715341,0.7673868409,1,0,0,1,0,0,-0.249209085,-0.405465108,0.5712183088,-0.101092739,0.3155901492,1.2215147645,-0.204554815
9.12804512924935,0,0,0,0.2318458701,1,0,0,-0.089461031,-0.115176356,0.5707081676,-0.249694025,0.315308313,1.2202990375,-0.208446745
9.70448768268936,0,0,0.2582358674,0.2328652639,0,0,0,-0.088922616,-0.112554681,0.5247285289,-0.249724084,0.3162449696,1.2223872627,-0.205059988
11.2482304864978,1,0.5911037851,1,0,1,0,0,-0.375186587,-0.327252589,0.5247285289,-0.249569517,0.3157189046,1.2219172725,-0.209369798
10.385327110016,0.2339284647,0.3038178866,0.8511430582,0,0,0,0.3595983481,-0.371063681,-0.326417487,0.5247285289,-0.103094473,0.4074443697,1.2219110001,-0.378534541
9.89792209406325,0.7667995853,1,0.1394939597,0,1,0,0,-0.371063681,-0.330062169,0.5247285289,-0.103870289,0.3293037471,1.2221848104,-0.206152734
8.99106433218846,0,0.6906068004,0,0,1,0,0,-0.087219331,-0.321971269,0.5530039596,-0.101252481,0.3293037471,1.2245697686,-0.20355699
9.25970180151391,0,0,0,0,1,0,0,-0.091041134,-0.11399607,0.549981673,-0.104528509,0.3293037471,1.2238156264,-0.207494949
9.37271429096044,0,0,0,0,0,0,0,-0.088767779,-0.111887751,0.5630441093,-0.102447175,0.3293037471,1.2243287014,-0.205346256
9.74466765552726,0,0,0,0,0,0,0,-0.106822421,-0.112470403,0.5533572255,-0.102904149,0.3293037471,1.2250779771,-0.205960903
9.44034036408688,0,0,0,0,1,0,0,-0.106932638,-0.112563627,0.5536395277,-0.102970914,0.3293037471,1.2225527382,-0.206199297
9.45985317831046,0,0,0,0,1,0,0,-0.105959207,-0.111506266,0.5558171525,-0.102114001,0.3293037471,1.2133623724,-0.210910013
9.12510922761352,0,0,0,0,0,0,0,-0.108469079,-0.113676406,0.5816887689,-0.104275245,0.3293037471,1.2087814996,-0.214180204
9.21522840604896,0,0,0,0,1,0,0,-0.104088933,-0.109399717,0.5567095817,-0.099549943,0.3293037471,1.2057901934,-0.230156789
9.65438496205182,0,0,0,0,1,0,0.6285381564,-0.107622406,-0.112955784,0.573593214,-0.103153415,0.3293037471,1.206217106,-0.235108557
9.45665342531703,0,0,0,0,0,0,0,-0.106601866,-0.112319525,0.5791917928,-0.103322773,0.4108752672,1.2147893571,-0.2305497
10.4997658391278,0.2331980096,0.2795617746,0,0,0,0,0,-0.249742657,-0.231660853,0.5545799233,-0.102545097,0.4095017761,1.2099032946,-0.229236325
11.6590929350352,0.766876741,0.8968244626,0,0,0,0,0,-0.527632742,-0.232282234,0.5741646505,-0.102980209,0.4097532209,1.2133326262,-0.220445623
9.56071551376639,0,0.2765893908,0,0,0,0,0,-0.106461451,-0.231721508,0.5364933705,-0.102539889,0.4093672824,1.2027374129,-0.22245898
13.0001731443047,0.2322977416,0.0898880331,0,0,1,0,0,-0.83256949,-0.111506266,0.5364933705,-0.102114001,0.3293037471,1.2227474814,-0.221837325
9.36589007271715,1,0,0,0,0,0,1,-0.102429745,-0.10721803,0.5799708982,-0.097907083,0.3293037471,1.227559602,-0.713349888
8.78615105486974,0,0.3568561599,0,0,1,0,0,-0.104076984,-1.237874356,0.578237042,-0.100805271,0.3293037471,1.2260001728,-0.222649085
8.53010941668278,0,0,0,0.7686366979,1,0,0,-0.104076984,-0.110094106,0.5766810795,-0.527632742,0.3293037471,1.2266945443,-0.224882942
8.98969370086056,0,0,0,0,0,0,0,-0.106399893,-0.11205689,0.5759553458,-0.102520043,0.4095381739,1.2260390174,-0.227601504
9.16972668909089,0.2305279671,1,0,0,0,0,0,-0.09969531,-0.413751699,0.5772850031,-0.095994467,0.410792258,1.2276878575,-0.222111577
10.5986826347134,1,0.7857789147,0,0,0,0,0,-0.376333501,-0.405465108,0.5750460336,-0.105803529,0.4085794604,1.2273510544,-0.230579169
10.0717101849506,0.7673911334,0,1,0.2314670565,0,0,0,-0.371063681,-0.114125975,0.4637340162,-0.102479429,0.40947323,1.2277865804,-0.227485477
9.11195547005478,0,0.0810454953,1,0,0,0,0,-0.103234793,-0.102944894,0.4637340162,-0.193704308,0.3990994024,1.2274040561,-0.224595801
9.08398318309966,0.7696377488,0,0,0,0,0,0.5824077891,-0.101987275,-0.089876393,0.574289834,-0.191412056,0.4092479297,1.2274047358,-0.328179693
9.28831941329277,0,0,0,0.2314670565,0,0,0.7362898848,-0.101034101,-0.089443867,0.5745214352,-0.322746414,0.40947323,1.2261022378,-0.327619253
10.3149015972467,1,0,0,0.2312070626,1,0,0.617704424,-0.247868662,-0.088092544,0.5738218586,-0.322417615,0.366312852,1.2268752041,-0.224180732
10.2981950039913,0.7660325739,0,0.779659859,0.2367147968,0,0,0,-0.247986651,-0.088634957,0.5018504876,-0.242305717,0.3664686632,1.2283515926,-0.218574145
9.10930382779841,0,1,1,0.2325153471,0,0,0.1262788783,-0.248750054,-0.371063681,0.5013238196,-0.246160197,0.3663344494,1.2262424969,-0.222527738
8.96724918285228,0,0.9291374736,1,0.2314479771,0,0,0,-0.106784557,-0.371063681,0.5017549968,-0.23574682,0.4100120056,1.2271559262,-0.220195176
8.91274263473703,0,0,1,0.7691233524,0,0,0,-0.112704393,-0.181109073,0.5002360341,-0.237677827,0.4066380704,1.2236637266,-0.226356679
9.40294223817769,0,0.1464607849,1,0,0,0,0,-0.106504775,-0.178695562,0.5012007077,-0.233933265,0.408636995,1.2262806062,-0.220150156
9.44010197559197,0,0,0,0,0,0,0,-0.266940249,-0.181094892,0.5733731959,-0.235831692,0.4086031943,1.2261869646,-0.391255049
9.89912806375868,0.7677022584,0,0,0,1,0,0,-0.265113882,-0.177208098,0.5738218586,-0.186785641,0.3139797477,1.2265878294,-0.38620198
10.4363192565647,0,0,0,0.1757364643,0.7795891471,0,0,-0.44742962,-0.192455492,0.5735917328,-0.286336454,0.3138968094,1.2260776464,-0.389064095
10.522745967684,0.1807876932,0.1471928655,0,0.7645747181,0.7803988994,0,0,-0.442336328,-0.259722199,0.5738218586,-0.283554354,0.3139797477,1.2263861968,-0.38620198
9.96397098791564,0.7695196435,0.1137951615,0,0,0,0,0,-0.432988192,-0.257671846,0.5741023697,-0.18726118,0.314273616,1.2263830211,-0.421931522
9.67777821239919,0,0,0,0.1779945109,0,0,0.7653375414,-0.268147501,-0.183953258,0.5729432358,-0.195986103,0.4082657001,1.2259582408,-0.635116361
9.66020506738103,0,0,0,0.5837107306,0,0,0.2637413123,-0.27593714,-0.183803626,0.5721655171,-0.285949273,0.4071550961,1.2230860946,-0.627041754
9.99419625266159,0,0,0,0.1786012839,0,0,0,-0.269725724,-0.183803626,0.5721655171,-0.283052195,0.4180451184,1.2232191947,-0.391173597
9.6071010394542,0.1798553408,0,0,0,0,0,0,-0.270146534,-0.214690913,0.5761028349,-0.246036481,0.4191488616,1.2226224485,-0.44293687
9.07520769798469,0,0.7516308746,0,0.7645747181,0,0,0.0054203664,-0.254971557,-0.371063681,0.5773486248,-0.245070034,0.4204904439,1.2230614189,-0.44095438
9.15999399753944,0,0.6247373525,0,0.5795784625,0,0,0,-0.187088808,-0.371047869,0.5694785353,-0.241898079,0.4186187472,1.2169634532,-0.382164381
9.2314166975781,0.1801682421,0.1130337505,0.1793945477,0,0,0.7366258698,0,-0.186736738,-0.361573709,0.5030607098,-0.17343404,0.4125042295,1.1753346556,-0.382367753
9.07268620667739,0,0.7448080754,0,0,0,0.7413568284,0,-0.178653317,-0.371063681,0.5062282506,-0.169078773,0.4141405443,1.1766551298,-0.378780828
12.0094493040254,0.583556985,0.7404271821,0.7665131199,0,0,0,0,-0.376196936,-0.364329449,0.4973885617,-0.185393747,0.4131320955,1.1766554019,-0.21334311
9.72136597574484,0,0,0.7718909756,0,0,0.7436018504,0,-0.195646689,-0.184855561,0.4054651081,-0.241950273,0.411666741,1.1755692003,-0.218937974
10.4682330182915,0.6210819246,0.0120122758,0.5976234551,0,0,0.5707776484,0,-0.296992933,-0.217435652,0.4203235805,-0.259791243,0.412100622,1.180635538,-0.249213375
9.27725107725881,0,0.7412046413,0,0.8658657171,0,0,0,-0.181528138,-0.298719367,0.5751490786,-0.317008326,0.4125848909,1.2233262337,-0.247266507
9.24425859017964,0,0.8606991424,0,0.7338426401,0,0,0,-0.183165659,-0.299184995,0.5756646378,-0.3128518,0.4128820646,1.224079324,-0.249269393
9.23941361946189,0,0.8650732403,0.0194797022,0,0.017342199,0,0.0409850876,-0.186776378,-0.320977723,0.5363246981,-0.241637715,0.4093709705,1.2287870906,-0.204526245
10.1312205561841,0.0046187572,0.4790567555,0.5243435132,0,0,0,0.2642369404,-0.237271359,-0.387620921,0.4054651081,-0.245878254,0.3957623081,1.2285848986,-0.213131984
10.7089807929276,0.9264024255,0.8867003054,0.8498321839,0,0.9660671982,0,0.2590625139,-0.376675936,-0.38792119,0.4054651081,-0.248823487,0.3182915154,1.2280263883,-0.212242689
9.8085173149449,0.9274716327,0.4501529301,0.3903537713,0,0.9664057924,0.0228210468,0,-0.363324454,-0.388610743,0.4054651081,-0.245878254,0.3239226719,1.2208187539,-0.193876084
8.80131894766524,0,0.9809795266,0.980461333,0.0067179283,0.0177054708,0.9431653821,0.0059819157,-0.186084495,-0.529262893,0.4057154768,-0.265083015,0.3901752965,1.1902878695,-0.207990342
9.46838763929827,0.0046641161,0,0.9577751995,0.8473838835,0.9792961181,0.9114528641,0.4265602143,-0.221414051,-0.187742151,0.4195531852,-0.319630736,0.3171228459,1.1945262227,-0.220694542
10.1504648111017,0.483488868,0,0,0.8460660241,0.9796640213,0,0.8384941787,-0.376624176,-0.187208206,0.5769502947,-0.313751129,0.3182324838,1.2290031463,-0.222156342
9.87996300748917,0.4811685622,0.005526991,0,0,0.9625611482,0,0.2565493652,-0.376566515,-0.22796305,0.5759867764,-0.24558185,0.3275362194,1.2277087164,-0.213971407
10.0365750966745,0.4811685622,0.4088048737,0.0239223504,0.441346042,0.0172581012,0.0351028056,0.5843173539,-0.376566515,-0.299053359,0.5610287877,-0.24558185,0.3925433871,1.2155089626,-0.194410382
9.99360244197839,0.93209039,0.7730527893,0.9468419534,0,0.9835561101,0.9395913597,0.0049743172,-0.376464737,-0.293284749,0.4973133081,-0.301546463,0.3172473855,1.1605957546,-0.190512075
9.51650066567374,0.4648989605,0,0.8159317173,0.4141581128,0.9831730078,0.3692749094,0,-0.368777043,-0.185986324,0.4954445278,-0.428026638,0.3164534524,1.1615550161,-0.18915457
9.39972029313758,0.0046187572,0,0.9465498014,0.2976457943,0.9664057924,0.911506431,0,-0.207610987,-0.182739898,0.4970023944,-0.428070986,0.3317892061,1.1735274981,-0.190512075
10.469426166355,0.4470542375,0,0.4941325871,0.3011000279,0,0,0.4224497928,-0.263701551,-0.184688564,0.4967256215,-0.428039514,0.4119885235,1.2279911065,-0.192028168
9.54724108821546,0.8933209839,0.3347154816,0.9451679153,0.862058579,0,0,0,-0.25838695,-0.261501749,0.4955317649,-0.427994013,0.4109470682,1.227007085,-0.194613675
9.21642184229205,0,0.861002137,0.3561962046,0.4248515341,0,0,0.1378283697,-0.178162966,-0.258028525,0.4978187993,-0.42826212,0.4125848909,1.2289673326,-0.203914608
9.30182506209836,0,0,0.9295515479,0.3012851448,0,0,0,-0.177255688,-0.180840391,0.5063663362,-0.426465054,0.4133006961,1.2293711416,-0.187558727
9.19166710671056,0,0,0,0.8109221616,0,0,0,-0.177556791,-0.180933223,0.5765681387,-0.407165744,0.4093785202,1.228480046,-0.188592381
9.06889200839181,0,0,0,0.3564549454,0.0363260232,0,0,-0.178798946,-0.182941027,0.5757732625,-0.407668763,0.3891746345,1.2275755971,-0.18661316
9.31452019088585,0,0,0.0350439918,0.9350123587,0.3361938798,0.0311881962,0,-0.183660508,-0.180699352,0.5676237841,-0.42053302,0.3513591002,1.226870613,-0.188676183
10.7128610020642,0.1129678849,0,0.9811630976,0.0113961482,0.3519101868,0.9751838875,0.0004235383,-0.202393408,-0.182108068,0.5144394468,-0.266433937,0.3511907215,1.2175975768,-0.193437914
9.01054706927019,0.5784433055,0,0.5055892808,0,0.9514279928,0.37464569,0.028635211,-0.200051249,-0.184340294,0.5180052132,-0.551504931,0.3509302709,1.2166821781,-0.364895621
9.1483585796203,0.0275236665,0.1045581357,0.0294214691,0,0.9514279928,0.0348180278,0.4043419565,-0.180556074,-0.197460133,0.5648143794,-0.272799336,0.3509302709,1.2256295812,-0.426755257
10.1541684468434,0.0384686534,0.9638026458,0.3709568787,0.0225010129,0.9514279928,0.9753166005,0.4047654948,-0.324803092,-0.932983162,0.4951996746,-0.422074638,0.3509302709,1.2159773691,-0.39899778
11.3456304421929,0.8539427721,0,0.8213749423,0.9857694064,0.9500464647,0.9745263728,0.3990664639,-0.693147181,-0.200448329,0.4965232737,-0.69652328,0.3517507563,1.2055595198,-0.321063124
10.1067956760162,0.9793996954,0,0.8218023049,0.9742120501,0.3600153047,0.4232454682,0,-0.661993671,-0.19302943,0.4992554957,-0.693147181,0.345370693,1.0952733874,-0.194871711
8.99838401005254,0.5705978098,0,0,0.9745866321,0.9837318833,0.975218694,0,-0.178294013,-0.189814886,0.5755591483,-0.663346584,0.3139330991,1.0952733874,-0.193924958
9.08885047438847,0.440256259,0,0.0082000092,0,0.398972995,0.9751331535,0,-0.179481091,-0.251822868,0.5671850424,-0.248847266,0.3185124987,1.0952733874,-0.195221513
8.91247327446604,0.4433754921,0.9517716589,0.5264857608,0,0,0.4186531133,0.5794210766,-0.178604491,-0.434924383,0.5140706853,-0.24722935,0.4115439825,1.0988910136,-0.237940884
9.0494671463881,0.4433754921,0.5061841485,0.549377578,0,0,0,0.9055274773,-0.188724697,-0.435075031,0.5140706853,-0.265821175,0.4115439825,1.2272623729,-0.260630678
9.45868372431213,0,0.8810552219,0.4266200741,0,0,0,0.332263157,-0.274654859,-0.432310835,0.5140706853,-0.334273645,0.4111427967,1.2274939521,-0.254409187
9.99679572966978,0.4119835476,0,1,0.0017513248,0,0.0096053238,0,-0.423327714,-0.211558797,0.5145876433,-0.355935482,0.4124584191,1.2189673748,-0.196447012
9.94193873891038,0.9724763335,0.9985596103,1,0.4237735176,0,0.4449650732,0,-0.423399308,-0.298858221,0.5140706853,-0.440693814,0.4115439825,1.1667134929,-0.193924958
9.82520163413758,0.9724763335,0.5375517317,0.5583877994,0.9737868628,0,1,0,-0.423399308,-0.298858221,0.5140706853,-0.440693814,0.4115439825,1.1669500164,-0.193924958
9.9287166065819,0.9665763094,0.9988859342,1,0.5554079777,0,1,0.009941197,-0.422166215,-0.296106005,0.5142715805,-0.440051515,0.387318131,1.1669086833,-0.217818394
9.66852442441658,0.9664980493,0.1122377476,1,0.5538814898,0.4247849137,1,0.3493112738,-0.416895529,-0.206682415,0.5147975433,-0.439956737,0.2546422184,1.1718968828,-0.231664792
9.11283779061494,0,1,0.4537137731,0.4282843359,0.4331150964,0,0.3396930069,-0.239651855,-0.299583339,0.5115421589,-0.4411363,0.2546422184,1.2236986912,-0.22698965
8.96839619119826,0,0.9198094349,0.4614098293,0.8542151301,0.4466914005,0,0.3571051972,-0.239568439,-0.296095795,0.5137948058,-0.440304401,0.2546422184,1.2265452409,-0.246635647
9.83226004324776,0.4136588948,0.9149649451,1,0.9692097481,0.4193917854,0,0.3417605671,-0.300519589,-0.293917841,0.5138409921,-0.435071123,0.2546422184,1.2274291037,-0.266311899
9.47131906159341,0.5357477608,0.0382351239,0,0.0120563354,0.4303103864,0,0.3386468936,-0.29643308,-0.185478769,0.5741837063,-0.358755162,0.2602595575,1.226173989,-0.264384165
9.10486873903395,0,0.0298693173,0,0.4461634231,0,0,0.3444540545,-0.238113583,-0.18369687,0.5744579848,-0.440422416,0.4116318403,1.2260962597,-0.267923106
9.18224949180966,0,0.4803630243,0,0.8534684189,0,0,0.3378919831,-0.238071788,-0.180418079,0.5754514706,-0.451917516,0.4117138768,1.2279559321,-0.263968466
9.18533020897202,0,0.4805523315,0,0.5762421563,0,0,0.3364749669,-0.23844869,-0.183200375,0.577068258,-0.523039126,0.4120939163,1.2291172574,-0.263150125
10.1088743822611,0.9707407153,0.0265584213,0,1,0,0,0.3371664446,-0.410545541,-0.198769894,0.5764840334,-0.523047945,0.4120269171,1.2288020079,-0.263563758
9.44541249415567,0.9711842176,1,0,0.4499866547,0,0,0.332263157,-0.390081495,-0.415867527,0.5758941164,-0.523172738,0.4116525295,1.2284817462,-0.260630678
9.05040633405986,0,0.0040354259,0,0.4570638856,0,0,0.3382710664,-0.243196646,-0.227345771,0.5763035354,-0.523050976,0.4118221901,1.2287765022,-0.264347043
8.99665197943273,0,0.089872373,0,1,0,0,0.332263157,-0.218051851,-0.228119832,0.5758941164,-0.522991252,0.4115439825,1.2274573851,-0.260630678
9.25751017645257,0.1259551256,0.0040137014,0,1,0,0,0.335711899,-0.218544195,-0.227585582,0.5758944078,-0.523030835,0.411798984,1.2278058663,-0.252598051
8.98017220572501,0.436852311,0.0039776818,0,0.4577208683,0,0,0,-0.219596449,-0.227705636,0.5754397712,-0.52305652,0.4117923382,1.227153243,-0.197063932
8.88350158432321,0,0.4781513086,0.012805468,0.8851813934,0,0,0,-0.220455728,-0.523184691,0.5668522543,-0.501967399,0.4119742777,1.2281145259,-0.200846536
11.574744667109,1,0.5476435214,1,0.4346509069,0,0,0,-0.529343351,-0.5230866,0.5222164418,-0.335660881,0.4115943804,1.2273371448,-0.197679286
9.16303909885817,0.0119096954,0.9153377835,0.997574458,0,0,0,0,-0.218150354,-0.50251746,0.5232973134,-0.337710225,0.4110411363,1.2269902011,-0.197213535
9.12891337328045,0,0,0,0.5748995564,0,0,0.3301352295,-0.222306542,-0.226879987,0.5746675184,-0.523025335,0.4106054816,1.2273412065,-0.196062138
8.73745258755058,0,1,0,0.4203031382,0,0,0,-0.218989456,-0.527632742,0.5744839917,-0.337648398,0.4104609666,1.2269401624,-0.196062138
9.04121140896821,0,0,0,0,0,0,0.3301352295,-0.218185278,-0.228436241,0.5745338789,-0.337648398,0.4106054816,1.2267747178,-0.262340651
9.00454545899659,0,0.3846237382,0,0.4215274623,0,0,0,-0.21803813,-0.227568601,0.5748054909,-0.337340865,0.4108715118,1.2274771574,-0.197225413
10.7739437480665,1,0.8349226696,0,0.1197224718,0,0,0,-0.527632742,-0.228220273,0.5745338789,-0.337648398,0.4106054816,1.2270302128,-0.196319653
10.3120810953188,1,0.3825807893,0,0,0,0,0,-0.449840869,-0.227624744,0.5745338789,-0.337648398,0.4106054816,1.2246818126,-0.196062138
9.03990785957464,0,0.3804063726,0,0,0,0.9746568981,0,-0.218336011,-0.227526709,0.5750088936,-0.337648398,0.4104609666,1.2085525339,-0.196062138
8.99900186611174,0,0,0.0053918793,0,0,0.9748429202,0,-0.218185278,-0.227284075,0.5675515424,-0.337648398,0.4106054816,1.209632879,-0.196062138
8.75699718362355,0,0.3588765147,1,0,0,0,0,-0.218777045,-0.227603059,0.5275921281,-0.337914876,0.4106054816,1.2279329422,-0.196062138
9.98870148175061,0.5599723694,0.3588765147,1,0.5748995564,0,0.0078121278,0,-0.435882843,-0.227580436,0.5276860489,-0.527632742,0.4106054816,1.2178024859,-0.197109335
9.97170679151327,0.5599723694,0.0038809994,1,0,0,1,0,-0.435882843,-0.232424492,0.5275921281,-0.337648398,0.4104609666,1.1672211972,-0.191902828
8.77786371462117,0.1224446034,0.1637045414,0.9990199774,0,0,0.9926605958,0,-0.217352031,-0.275772002,0.5317246016,-0.336289601,0.4119894773,1.1731552159,-0.173264748
8.70466811345099,0,0.1621741814,0.0715344441,0.4251004436,0,0,0,-0.218435279,-0.276122284,0.5339645641,-0.337648398,0.4106054816,1.2273741703,-0.168823684
8.78232285939751,0,0.1627102462,0.9947184703,0.122488716,0,0,0,-0.218435279,-0.269379037,0.4813698041,-0.42268089,0.4106054816,1.2271671428,-0.168823684
10.5255146005929,0.0055227921,0.3967668012,1,1,0.4165202925,1,0.4304070613,-0.349463676,-0.350551886,0.5291467427,-0.527632742,0.3742218668,1.2111541621,-0.269698216
9.36666012623114,0,0,0.08844637,0,1,0,0.563833323,-0.218435279,-0.226879987,0.5336892621,-0.337883572,0.3742218668,1.22746298,-0.170002443
8.93485034028976,0,0.9866230983,1,0,1,0,0.4113559709,-0.218435279,-0.372824815,0.4637340162,-0.337783976,0.3747578205,1.2270302128,-0.173864752
9.09200718501432,0,0.915048881,0.4643561008,0,1,0,0,-0.218435279,-0.371200053,0.4777203972,-0.337648398,0.3763426352,1.2271464441,-0.174698621
9.08579703690158,0,0,0,0,0,0,0.0039512585,-0.22242444,-0.227133328,0.5766566271,-0.337677591,0.4103697546,1.2298070882,-0.175056153
8.9450718943613,0,0,0,0,0,0,0.4524114203,-0.218917171,-0.226879987,0.5920342294,-0.317041032,0.4039563001,1.2424007221,-0.352765006
8.62891344102665,0,0,0,0.5706795188,1,0,0.0388768351,-0.218435279,-0.231384928,0.5923738126,-0.528173441,0.3742218668,1.2420268406,-0.230812702
8.68507770041242,0,1,0.0102578488,0.5742424888,1,0,0.8276457883,-0.2204179,-0.943087237,0.5783549488,-0.523540044,0.3720342677,1.240097359,-0.277923256
8.69533937679971,0,0.0130232463,1,0,1,0,0.9662465731,-0.218435279,-0.255652143,0.5127990618,-0.320602664,0.3744791525,1.2421310737,-0.278589733
11.353167426585,1,0.9960565261,1,0.8590205969,1,0.003239765,0.4273719777,-0.693147181,-0.378512461,0.5127991939,-0.527632742,0.3742218668,1.2373561247,-0.276496066
10.4347626531695,1,0.995945241,0.9975346412,0,1,1,0.454740609,-0.527701373,-0.372677545,0.5166748234,-0.317024595,0.3748040511,1.2038426967,-0.292819766
10.3926195622169,1,0,0.3730600692,0.4777892988,1,1,0.6311889579,-0.527816306,-0.228146105,0.5923738126,-0.317614442,0.3617421154,1.2036193097,-0.293463389
9.98695515777739,1,0,0.6414422607,0.6153691876,0.5209133178,0.548026276,0.4774909933,-0.507601047,-0.227003683,0.4637340162,-0.527632742,0.3074846997,1.2036193097,-0.299996057
9.41849210547116,0.9525127334,0,0,0.4547625548,1,1,0.9638433366,-0.31596384,-0.226546784,0.5923738126,-0.316806731,0.3074846997,1.203711552,-0.304171355
9.59021413041744,0.2364237834,0,0,0,1,0.9783356661,0.9545471728,-0.316245159,-0.224877721,0.5923738126,-0.316806731,0.3074846997,1.2090035123,-0.302422476
9.50695740848554,0.2586089849,0,0,0,1,0,0.4289633088,-0.307778098,-0.224795034,0.5925338393,-0.317174221,0.3074846997,1.2421874225,-0.19914269
8.8768237631806,0.0309319027,0,0,0.7128508284,1,0,0.0479015625,-0.235827183,-0.228894555,0.5923738126,-0.527632742,0.3074846997,1.2415277204,-0.283745153
9.3287454363548,0.9641336562,0,0,0.869400465,0.9856250208,0,0.6970102769,-0.290580961,-0.229902601,0.5923738126,-0.511689524,0.316324202,1.2420991126,-0.391905949
9.24763615671988,0.9495529715,0.9696767595,0,0,0,0,0.7359009259,-0.290580961,-0.365271823,0.5894694462,-0.324117038,0.3665842946,1.237492665,-0.418741803
9.59791302724276,0.7609819198,0,0.024129799,0,0,0,0.7587756625,-0.285729462,-0.225538852,0.5544884884,-0.324231468,0.3719252286,1.2190441957,-0.430681735
9.08918917041203,0.0057912219,0,0.7198986296,0,0,0,0.8082631311,-0.219303832,-0.200020446,0.5154682437,-0.324816395,0.372175044,1.2183408135,-0.451879277
9.64756251169754,0.9310356818,0.9805928177,0.6813570928,0,0,1,0.0232442225,-0.291227021,-0.289098289,0.5158633293,-0.324680607,0.3721731745,1.1465337481,-0.27534516
9.73157166845605,0.9641336562,0.9737321408,0.6925977614,0,0,1,0,-0.290530849,-0.287675773,0.5159272726,-0.324231468,0.3721693074,1.1467082069,-0.286007847
9.49919675465573,0.8881253104,0.9720189186,0.6864457271,0,0,1,0.1027597455,-0.276266718,-0.324435905,0.5248775307,-0.324990496,0.3721693074,1.1467082069,-0.427700047
9.00282407654767,0.0056937451,0.9144055826,0.0798140979,0,0,0.9929772267,0.8816428091,-0.218402461,-0.288304458,0.5713792005,-0.324231468,0.3721693074,1.1612304754,-0.527632742
8.89535561699639,0,0.9144055826,0.1592168725,0,0,0,0.8816428091,-0.199271434,-0.287675773,0.5621925985,-0.324231468,0.3721693074,1.2149517273,-0.527632742
8.98919482332465,0,0.0160794126,0.075210821,0,0.9699686732,0,0.8816428091,-0.199271434,-0.201203541,0.5713792005,-0.324231468,0.2546422184,1.2051484699,-0.527793273
9.12347443895452,0,0,0.075210821,0,1,0,0,-0.199271434,-0.205284211,0.5713792005,-0.324284918,0.2546422184,1.2117586203,-0.31682536
8.84922702143852,0,0.0089829369,0.075210821,0.8181711258,1,0,0,-0.199271434,-0.322717546,0.5713792005,-0.436168775,0.2752662127,1.2048286558,-0.31659211
8.79497643168877,0,1,0.0763036998,0.8319161141,0,0,0,-0.199271434,-0.42837118,0.5705526752,-0.427211275,0.3700301302,1.2236186554,-0.31659211
9.17274234156086,0,1,0.9701799581,0,0,0,0.0211992558,-0.247853662,-0.426338201,0.4637340162,-0.324638433,0.3707780286,1.2231998393,-0.391360571
9.83091685970129,0.996248154,0,0.0498538497,0,0,0,1,-0.303107843,-0.376899207,0.5704972729,-0.322575776,0.3504037292,1.2219339973,-0.466679479
9.8103849342738,0.996248154,0,0.0105529278,0,0.6736261553,0,1,-0.303107843,-0.376991207,0.5707426548,-0.293594832,0.3197739068,1.220747981,-0.466679479
9.75196674489489,0.996248154,0,0.0105529278,0,0.6736261553,0,0.9962869099,-0.295886604,-0.376412166,0.5707426548,-0.193265226,0.3197739068,1.2188509293,-0.443167143
8.87556669199055,0,1,0.0105529278,0,0.6736261553,0,0,-0.198439862,-0.408906956,0.5707426548,-0.193404765,0.3197739068,1.2189850309,-0.31435399
9.09985563880091,0,1,0.0105529278,0,0.6736261553,0,0.0262569961,-0.198390076,-0.401116993,0.5707426548,-0.193265226,0.3244605021,1.2198935835,-0.387638649
9.15651756527868,0,0,0.0105529278,0,0.3415267226,0.3728453729,0.9764788539,-0.198390076,-0.199793065,0.5707426548,-0.193265226,0.3692711041,1.1738915092,-0.462370163
9.0835292051098,0,0.0033079155,0.0105529278,0.0147671079,0.3415267226,0,0.9764788539,-0.198390076,-0.245928551,0.5707426548,-0.194014917,0.3692711041,1.2192943831,-0.461082802
10.4015318419374,0.4988029324,0.9919151043,0.0107003302,0,0.3415267226,0,0.9764788539,-0.244343451,-0.290501278,0.5704673138,-0.193265226,0.3690234253,1.2196247396,-0.448320649
10.0541894349496,0.5085260985,0.9919151043,0.0105529278,0,0.3323913098,0,0,-0.242022576,-0.290501278,0.5707426548,-0.193428137,0.3692711041,1.2198163834,-0.311360775
9.1986725671085,0.0228044982,0.9919151043,0.0105529278,0,0.6649989724,0,0,-0.169818648,-0.290506987,0.5707426548,-0.161728397,0.3289488886,1.2194479778,-0.307620011
8.75305551513822,0,0.9918743783,0.03147616,0,0.3156148227,0,0.0078694908,-0.083553849,-0.290777216,0.5406374564,-0.079012746,0.3862897006,1.2191520334,-0.335285924
8.76608245914886,0,0.9918743783,0.9630461092,0.0450694199,0,0,0.9851156531,-0.083768775,-0.290777216,0.4933139148,-0.27548572,0.4373891691,1.2194512302,-0.389594396
8.81090703609974,0,0.9919475499,0.9705322243,0.282021272,0,0,1,-0.084337479,-0.291254759,0.4934609716,-0.086563625,0.4384994468,1.2202656095,-0.391237744
8.88100262425557,0.2311981283,0.8234687376,0.010495046,0,1,0,0,-0.119842109,-0.269666306,0.5711427401,-0.080388131,0.3293037471,1.2191252277,-0.292565143
9.36648905446611,0.2311981283,0.3195219871,0.0261468238,0,1,0,0.0084289142,-0.120230524,-0.206246983,0.5280382311,-0.080388131,0.3293037471,1.2192064608,-0.327625904
8.89123642951606,0.2311981283,0.6345742418,0.9705322243,0,1,0,1,-0.116250701,-0.292478232,0.4637340162,-0.080388131,0.3293037471,1.2194005793,-0.385770429
8.86700463533357,0,0.4126694087,0.9705322243,0,1,0,0,-0.084471483,-0.208467698,0.4637340162,-0.080388131,0.3401773103,1.2193525058,-0.292809532
8.61268517287546,0,0,0.9748505552,0,0,0,0,-0.084471483,-0.202076665,0.4637340162,-0.080388131,0.4384994468,1.2196098372,-0.292714538
8.94206869304423,0,0,0.1255103515,0.0143916045,0,0,0,-0.084471483,-0.202665946,0.5679736769,-0.692360628,0.4384994468,1.2188052045,-0.292923231
10.766314214541,0.7708153841,0,0.0104282654,0.585596791,0,0,0,-0.371154163,-0.202076665,0.5712131975,-0.206566699,0.4384994468,1.2193728911,-0.292365286
10.3614186005476,1,0,0.0088769133,0,0,0.0043868636,0,-0.34917368,-0.202076665,0.5373069462,-0.093366813,0.4385305646,1.2073807146,-0.290719301
9.05345261643904,0,0,1,0,0,1,0,-0.084337479,-0.202076665,0.4617435487,-0.094125734,0.4386990459,1.1743528119,-0.290719301
9.0413298292419,0,0,1,0,0,1,0,-0.084449867,-0.202076665,0.4617501233,-0.088587563,0.4385314592,1.1743528119,-0.291445909
9.00491394146713,0,0,1,0,0,1,0.7250422088,-0.084168213,-0.201933976,0.4617435487,-0.085689015,0.4384560948,1.1742705054,-0.415694716
8.8575151511922,0,0.2654763591,1,0,0,1,0.9319235649,-0.08457845,-0.252402894,0.4617435487,-0.082787946,0.4386990459,1.1740929455,-0.384647639
9.00491394146713,0,0,1,0,0,1,0.7250422088,-0.084168213,-0.201933976,0.4617435487,-0.085689015,0.4384560948,1.1742705054,-0.415694716
8.8575151511922,0,0.2654763591,1,0,0,1,0.9319235649,-0.08457845,-0.252402894,0.4617435487,-0.082787946,0.4386990459,1.1740929455,-0.384647639
9.7465413020734,0.6684690976,0.4089222339,0.9980749445,0.668867676,0.680214076,1,0.8865853889,-0.123031254,-0.185008705,0.571446629,-0.082477596,0.3715635564,1.2035413222,-0.693147181
9.40984675352424,0.7803164103,0,0.8807358793,0.9579002269,0.680214076,1,0.9930569697,-0.122911265,-0.115642408,0.4059103852,-0.415014398,0.3715635564,1.1694455444,-0.620156791
10.4931058722672,0.7314661299,0,0.1115524532,0.394449085,0.6822596758,1,0,-0.414403509,-0.114854039,0.5691280288,-0.100289801,0.3715635564,1.169439827,-0.292799775
9.1559897772261,0.3940103276,0.8924778625,0,0,0.680214076,1,0,-0.131948058,-0.371020271,0.571446629,-0.084820167,0.3784081819,1.1696868316,-0.293856488
9.28924396957165,0,0.5514427762,0,0,0,1,0,-0.120302712,-0.132833173,0.571105053,-0.087031907,0.4387001335,1.1696868316,-0.293856488
10.1131810561259,0.6330421055,0.0498480566,0,0,0,1,0,-0.304145858,-0.114854039,0.571446629,-0.081602568,0.4386990459,1.1702753544,-0.299068013
9.27406606285673,0.434784117,0.0498480566,0,0,0,0.9882353043,0,-0.133218136,-0.1165118,0.5799250816,-0.098768378,0.4242180243,1.1782031269,-0.308753352
9.34740302236452,0,0.0498480566,0,0,0,0,0,-0.131504652,-0.117467207,0.5979071618,-0.115378432,0.4135869534,1.2188775831,-0.310194472
9.27331517113757,0,0.0498480566,0,0,0,0,0.7099582428,-0.126901286,-0.241899783,0.5978687762,-0.114948621,0.4130037007,1.2199358636,-0.544080202
9.08760760659389,0,0.9897333569,0,0,0,0,0.9538356254,-0.128736498,-0.371063681,0.5974641195,-0.116036147,0.4126520731,1.2201900986,-0.479077863
9.09133158539398,0,0.9897333569,0,0,0,0,0,-0.127595234,-0.371063681,0.5974641195,-0.121981748,0.4126520731,1.2188818626,-0.309620949
9.01054706927019,0,0.9897333569,0,0,0,0,0,-0.119604995,-0.355791787,0.5974641195,-0.124848392,0.4126520731,1.2188741198,-0.309369906
9.03551068094052,0,0.0498480566,0,0,0,0,0,-0.119604995,-0.117467207,0.5974641195,-0.118370327,0.4126938021,1.2187357009,-0.310027695
9.16293424957891,0,0.0498480566,0.0263902208,0,0,0,0,-0.119604995,-0.117467207,0.5498268563,-0.116036147,0.3947861809,1.231460942,-0.310027695
9.02304647355567,0,0.7394971793,1,0.000503985,1,0,0,-0.119669444,-0.295547564,0.4788851127,-0.127367448,0.3658595251,1.2561267112,-0.311348512
9.31397940673567,0,0.5375374067,1,0.0031024312,1,0,0,-0.119604995,-0.128410699,0.4788851127,-0.118652421,0.3658595251,1.2561065486,-0.310381069
8.94871583384369,0,0.0498480566,1,0.7701166828,1,0,0,-0.119709177,-0.117467207,0.4788851127,-0.690127665,0.3692323285,1.2561065486,-0.310027695
9.18245516848665,0,0.0498480566,0.1620004453,0.5073937745,0,0,0,-0.119604995,-0.117467207,0.5961395587,-0.146145201,0.4114564051,1.2561065486,-0.310027695
10.3763620568735,0.6297646708,0.0509652741,0,0,0,0,0,-0.299314771,-0.189904604,0.5972064727,-0.118529129,0.4114564051,1.2565657463,-0.311619042
9.09313217107064,0.440496079,0.9897333569,0,0,0,0,0,-0.130454667,-0.292694533,0.5970761039,-0.118529129,0.411328383,1.2575204103,-0.310695465
8.97347814852104,0,0.9897333569,0,0,0,0,0.0504018377,-0.119604995,-0.292694533,0.5970761039,-0.118529129,0.3950947833,1.2575712772,-0.327821256
9.83134687475845,0.734431894,0.9897333569,0,0,1,0,0.9212538137,-0.342670344,-0.325286977,0.5970761039,-0.941405632,0.3658595251,1.2575712772,-0.368911911
10.1445103139376,0.9368436906,0.9911067775,0.0151319679,0.0037839518,1,0.0039589141,0.9193068232,-0.330496493,-0.318934273,0.5480520805,-0.317448594,0.3658595251,1.2400063192,-0.364128191
9.01748351326684,0.466929534,1,1,0,1,1,0.9180997252,-0.132805712,-0.448496515,0.4637340162,-0.162822576,0.3658440438,1.1981702759,-0.365351103
10.089053839495,0.5788214727,0.5863189953,1,0.0492097687,1,1,0.8489371486,-0.249171497,-0.146860251,0.4637340162,-0.160692348,0.3658595251,1.1981910294,-0.352677163
8.88571765171212,0.4375614614,0,1,0.0467874225,1,1,0.8504300185,-0.170685816,-0.123519194,0.4637340162,-0.140792589,0.3650309173,1.1980891501,-0.529491241
9.69344530314157,1,0,1,0,1,1,0.3199169366,-0.309987424,-0.127142207,0.4637340162,-0.127263245,0.3643386878,1.1977077931,-0.327286503
9.5940369216112,1,0,0.9826751275,0,1,0.991196776,0,-0.285747255,-0.127309645,0.4836446523,-0.12561122,0.3643603499,1.2127288396,-0.313890951
9.2051268049233,0,0,0,0,1,0,0,-0.12453675,-0.127142207,0.5959752505,-0.125494066,0.3668672302,1.2401858969,-0.313718593
9.17294998275762,0,0.017712535,0,0,0,1,0,-0.12550811,-0.13061854,0.5959323701,-0.125927978,0.4091146436,1.1974404603,-0.314787508
10.1891175208618,0.6667091198,0.017712535,0,0,0,1,0,-0.306278081,-0.132213761,0.5955225686,-0.127472663,0.4088904495,1.2073253637,-0.317344886
9.09683567117936,0.4011186069,0,0,0,0,0,0.8375265251,-0.159594469,-0.129440526,0.5955225686,-0.127472663,0.4087770012,1.255592173,-0.453084508
9.13043098874788,0.9223642728,0.8241417132,0,0,0,0,0.3132253384,-0.196673049,-0.415077955,0.5955225686,-0.127472663,0.4087129382,1.2555182939,-0.35769805
9.32954461945466,0.9223642728,0.4121014537,0,0,0,0,0.9105469072,-0.192258368,-0.144913041,0.5984339394,-0.126938293,0.4088904495,1.2557579476,-0.413875845
8.5775354204224,0,0,0,0.8287979076,0,0,0.9105469072,-0.125526619,-0.124013215,0.612812535,-0.527632742,0.4088904495,1.2557579476,-0.413875845
10.0362686637699,0.7575722305,0.0209092831,0.0147122769,0.5116748447,0.0032262428,0,0.9105469072,-0.322858147,-0.149725607,0.5991123494,-0.165847925,0.3947343144,1.2441290427,-0.413875845
8.81195017753998,0.4298641524,0.9221727653,1,0.0147823476,0.9384221551,1,0.9105469072,-0.13434242,-0.193099844,0.5729255205,-0.159132511,0.3606392673,1.2141064373,-0.413875845
8.72566970568704,0,0.9221727653,1,0.9205793987,0.9384221551,1,0.9105469072,-0.125526619,-0.19374962,0.5729255205,-0.197370302,0.3606392673,1.2142648644,-0.413875845
8.55622157838371,0,0.9172601233,1,0.9205793987,0.9382713578,1,0.9105469072,-0.125526619,-0.18796312,0.5729255205,-0.197398851,0.3605458744,1.2142421725,-0.413875845
10.132533649503,0.6877765901,0,1,0.9205793987,0.9382713578,1,0.9105469072,-0.294097128,-0.124770342,0.5727951614,-0.197116012,0.3605458744,1.2141996056,-0.413875845
8.39570329382853,0,0,1,1,0.938222847,1,0.9099664196,-0.125526619,-0.124775808,0.5729255205,-0.337839354,0.3605158303,1.2142471899,-0.414153666
11.1362664487037,0.6988801912,0,1,1,0.9381738365,1,0.1825345572,-0.37687457,-0.131812539,0.5729255205,-0.338709978,0.3606512232,1.2142398278,-0.32001129
9.17771386914909,0.0017281814,0.0132064307,0.0824566397,1,0.9381738365,0.0936960315,0,-0.161289934,-0.158997148,0.6122205969,-0.371181005,0.3625022363,1.2557173758,-0.316880367
9.47692648113323,0.9223642728,0.8617323139,0.0277612091,0.3830324241,0,0,0.0021630674,-0.198240845,-0.206407928,0.5960306038,-0.166800899,0.408852524,1.2556000702,-0.350454524
9.00969189848934,0.9311445095,0.9199473021,0.5174607475,0,0,0,0,-0.204900555,-0.371562608,0.5277934685,-0.200900161,0.4099109971,1.2552299003,-0.317233704
11.9652296287237,0.3563436991,0.5380586144,0,0,0,0,0,-0.377156986,-0.156617289,0.603303623,-0.136401524,0.4091024315,1.2550686766,-0.317593506
9.49250726373985,0.2483409961,0,0,0.0159550697,0,0,0.8799525866,-0.225174943,-0.138395614,0.6051797929,-0.267440425,0.4091024315,1.2554790611,-0.693063498
9.54129742790929,0.9311445095,0,0,1,0.0036740578,0,0.16155362,-0.330922022,-0.130992259,0.5947325767,-0.369781739,0.3640442763,1.2564431196,-0.384086634
9.81634889471936,0,0,0,1,1,0,0.9079380179,-0.45935843,-0.130992259,0.5942235475,-0.368846679,0.2876867358,1.2564087307,-0.471709949
9.795122527858,0.0166421581,0.0084853472,0,0.9945912025,1,0,0.9079380179,-0.46290683,-0.180696168,0.6037682143,-0.32958656,0.2876867358,1.2562362391,-0.471759668
9.3647767252806,0.0166421581,1,0,0,1,0,0.903535687,-0.398104723,-0.268746209,0.6035917894,-0.130186132,0.2876867358,1.2560475551,-0.420892707
10.1772481696469,0.7934803562,1,0,0,1,0,0.6289053283,-0.414263471,-0.255209178,0.6041182512,-0.129504234,0.2978911105,1.2561795625,-0.427233713
8.72583205652757,0.3711820331,0,0,0.9225653688,0,0,0.7237239731,-0.135698609,-0.122514911,0.6041182512,-0.415265885,0.4089204884,1.2563504597,-0.395709612
10.2273448399312,0.757463449,0.0022390876,0,0.4596530326,0,0,0,-0.414269483,-0.142321394,0.6009904479,-0.153649904,0.4091024315,1.2564302646,-0.316520149
8.77012852753818,0.4128047822,0.768499516,0,0,0.0141929122,0,0,-0.136280937,-0.335046325,0.6041182512,-0.125081871,0.2956117886,1.2513349625,-0.316520149
8.73020559553099,0,0,0,0,1,0.8426741028,0,-0.124535627,-0.49063791,0.6041182512,-0.125081871,0.2003215563,1.2430046912,-0.316520149
8.69901462316851,0,0,0.0355669805,0.0090846853,1,0.8423643206,0.6297593534,-0.132654186,-0.432202438,0.5929824811,-0.154441891,0.2409031516,1.2430081096,-0.426271538
8.79588497202989,0.1856314463,0.6489497569,0.8305987319,0.7849278051,0.8291531811,0.8402927627,0.222459601,-0.143488917,-0.247125661,0.5763929036,-0.182437099,0.3663779571,1.2445495053,-0.322524944
8.85566343070012,0.1856314463,0.8117751642,0.8305987319,0.7849278051,0.8291531811,0.0139874994,0,-0.140867838,-0.23739703,0.5763929036,-0.183166466,0.3697329924,1.2513986048,-0.314736529
10.3244978719798,0.7562483418,0.8086023325,0.8305987319,0.7849278051,0.0090784431,0.8290698569,0,-0.41486102,-0.201771261,0.5763929036,-0.182685569,0.3924965762,1.2431283383,-0.311664148
8.8532367647459,0.501265805,0.809995726,0.8260592093,0.7831248942,0.8291531811,0.8238948402,0,-0.135351993,-0.247550505,0.5786382129,-0.177622279,0.3699577914,1.2442779976,-0.311664148
8.71866356704895,0,0.8114406542,0,0,0.8291531811,0,0,-0.121330242,-0.247321258,0.6041182512,-0.125081871,0.3738231738,1.2564587345,-0.311664148
10.3080522554011,0.6919439143,0.3748055015,0,0,0.8291531811,0,0,-0.44524984,-0.129395859,0.6041182512,-0.125081871,0.377458875,1.2564215009,-0.311664148
9.05005424204284,0.5405282263,0.5108057402,0,0,0,0,0,-0.15010729,-0.414863848,0.5716416108,-0.125081871,0.4136549191,1.2460354018,-0.311664148
9.18122047340233,0.7833011989,0,0,0,0,0,0.9417981757,-0.15978168,-0.141986966,0.5285032389,-0.125081871,0.4136549191,1.2291248021,-0.511789984
11.1719832528776,1,0,0,0,0,0,0,-0.527632742,-0.122832457,0.5285032389,-0.124362804,0.4137062287,1.2292342427,-0.33583806
8.95415696658377,0.0091798387,0,0.7621986565,0.7753858229,0,0,0,-0.142519159,-0.120302616,0.5114324609,-0.157084722,0.414201193,1.2290653439,-0.311664148
10.6833627366059,1,0,0.8098904439,0.7701476279,0,0,0,-0.371373953,-0.121316521,0.5035684605,-0.164599139,0.4141393237,1.2292670091,-0.311470201
8.9838161125025,0.0532736572,0.9386402081,0,0,0,0,0,-0.13348202,-0.371063681,0.5285032389,-0.123451457,0.4141393237,1.2292342427,-0.311965291
8.95338147216724,1,0.8809715337,0,0,0.953887719,0,0,-0.522505346,-0.301012764,0.5285164986,-0.122435053,0.3280550015,1.2293160493,-0.311664148
8.96622851422578,1,0,0,0,0,0,0,-0.527632742,-0.130522328,0.5283868684,-0.122435053,0.4078534042,1.2297640232,-0.311664148
9.95807043030642,1,0.8013627297,0.839786924,0.8042696436,0,0.5700713685,0.9399081436,-0.527632742,-0.173490882,0.4966904888,-0.178818171,0.4154622336,1.2256068984,-0.526379818
9.16534300604545,0.7911591257,0,0,0,0,0.8290553612,0,-0.158376558,-0.119254527,0.5285032389,-0.121085075,0.4147677578,1.2182936212,-0.311664148
9.01869548772134,0,0,0,0,0,0,0,-0.120442964,-0.119254527,0.5285032389,-0.121085075,0.4148243976,1.2292620556,-0.311664148
8.96392819372262,0,0,0.7313723992,0.7637110833,0,0,0,-0.120369039,-0.119254527,0.5140161813,-0.150095998,0.4147677578,1.2296450321,-0.311664148
8.87136500513685,0,0.7873095388,0.8337143202,0.7909758154,0.7974779951,0,0,-0.120369039,-0.150511037,0.5013668051,-0.170781737,0.389895626,1.2290788206,-0.311664148
10.0801263261946,0.7911591257,0.7915056112,0.8323141822,0.7924518786,0.8214148019,0,0,-0.242434755,-0.171154797,0.5013668051,-0.170781737,0.3660699541,1.2295528189,-0.311664148
8.86007342433278,0,0.791889708,0.8157909264,0.7901784546,0.8284943571,0,0,-0.124516348,-0.171154797,0.5059404349,-0.170781737,0.3660699541,1.2293225749,-0.311664148
8.64979915596426,0,0.791889708,0,0.7651493549,0.8284943571,0,0,-0.120369039,-0.171154797,0.5281141103,-0.160115789,0.3660699541,1.2292305512,-0.311664148
8.94637482614172,0,0.791889708,0,0,0.8244427222,0.7530704321,0,-0.120085259,-0.170352293,0.5286024878,-0.120522016,0.3775767954,1.2234403915,-0.311485324
9.44129335018187,0.2945171784,0.7629695574,0,0,0,0.7819683713,0,-0.14532922,-0.162663621,0.5289535653,-0.120165383,0.4153582794,1.2177164891,-0.310633689
9.14963449685879,0.2945171784,0.8550407364,0,0,0.7431753923,0.7864834996,0,-0.140467812,-0.29057617,0.5290681499,-0.120165383,0.3873143037,1.2192842817,-0.310633689
8.59526472683639,0,0.8550407364,0,0,0.7892752441,0.7748919974,0,-0.119964289,-0.290761624,0.5290681499,-0.120165383,0.3640767459,1.2177701869,-0.310633689
8.94272233056014,0,0,0,0,0.7889168975,0,0,-0.118706933,-0.124137972,0.5290681499,-0.120165383,0.3640767459,1.2295810805,-0.310633689
8.7340771925593,0,0,0.9107133531,0.954781254,0.7836701416,0,0,-0.119139084,-0.117825293,0.4053520722,-0.855474107,0.3723322259,1.2299595667,-0.311071435
8.88002911746844,0,0,0,0,0,0,0.7301913182,-0.11907491,-0.117825293,0.5258239448,-0.287513904,0.4148973552,1.2297191699,-0.389246508
9.00429972856164,0.0105208865,0.79201167,0,0,0,0,0,-0.119873177,-0.168663687,0.5252270074,-0.121038552,0.4157260243,1.2294716183,-0.243637908
10.4364659809433,0.8082842356,0.8082566074,0,0,0,0,0,-0.247936046,-0.167150699,0.5268572132,-0.119467297,0.4158416392,1.2297667125,-0.222934753
9.15387583499506,0,0.8070129542,0.000706456,0.0001728639,0,0,0,-0.097320685,-0.159763801,0.5255019164,-0.090538679,0.4190040942,1.2321895758,-0.15151122
8.89288614119073,0,0.0001099017,0,0,0,0,0,-0.028965735,-0.107311447,0.5291195775,-0.0076864,0.4189392322,1.232295233,-0.15151122
8.9366926884882,0,0.0001099017,0,0,0.6741813784,0.6617301463,0,-0.029109292,-0.107311447,0.5283766867,-0.0076864,0.3935896304,1.2085361828,-0.15151122
8.84865288621391,0,0.0001099017,0,0,0.8433268427,0.8412240846,0,-0.028965735,-0.107311447,0.5299680408,-0.009629797,0.3542967214,1.1571312413,-0.15151122
8.63533171943328,0,0.0001099017,0,0,0.8474333043,0.8324181335,0,-0.029346127,-0.107311447,0.5293756845,-0.008584122,0.354280274,1.1727639269,-0.15148878
8.90163893230033,0,0.0001112199,0,0,0.8433268427,0.8412240846,0,-0.028959163,-0.106696581,0.5296385907,-0.010290323,0.3542967214,1.232295233,-0.151481519
8.73262709966039,0,0.0001099017,0,0,0.8463082009,0.8409031749,0,-0.029389849,-0.107738323,0.5301272677,-0.007571582,0.3542606586,1.232318406,-0.151481519
8.54752839121231,0,0.0001112199,0,0,0.8373679098,0.8412240846,0,-0.028909102,-0.105771257,0.5304011582,-0.007571582,0.3721906332,1.232295233,-0.151481519
8.68727346178784,0,0.0001112199,0,0,0,0.834935508,0,-0.028909102,-0.105771257,0.530767626,-0.009911801,0.4186571116,1.2324359696,-0.151481519
8.99491694367711,0,0.0001099017,0,0,0,0.8299922158,0,-0.028909102,-0.107311447,0.5309019728,-0.008467332,0.4190040942,1.232295233,-0.151481519
8.68270762989381,0,0,0.8458353966,1,0,0,0,-0.043419878,-0.117654979,0.4618655113,-0.374335712,0.4185395802,1.2274484567,-0.151481519
11.1132535439028,0.1921537512,0,0,0,0,0,0,-0.235466514,-0.107562788,0.5268803718,-0.133859571,0.4186571116,1.2211846522,-0.151481519
8.98819632099506,0.0036270491,0,0,0,0,0.7528762481,0.9995026671,-0.061249774,-0.109499775,0.5261519172,-0.052613337,0.4186144698,1.2135258758,-0.371063681
10.4726575532764,1,0,0,0,0,1,0,-0.47566986,-0.105696905,0.5264942187,-0.088439332,0.4188736106,1.199848193,-0.174058478
10.347948989651,0.9592575974,0.0295556362,0,0,0,0.9979603252,0,-0.142302053,-0.116534089,0.5217128013,-0.091975353,0.4185721945,1.199848193,-0.151481519
8.86587628542542,0,0.0295556362,0,0,0,0.9945919154,0,-0.049831815,-0.116534089,0.5255717799,-0.082541382,0.4187145633,1.2005788454,-0.151481519
8.89521858376562,0,0.4705974887,0,0,0,0,0,-0.043489912,-0.133271153,0.5265203087,-0.083007386,0.4186571116,1.2217197029,-0.151481519
8.81284343351719,0,0.7589974057,0,0,0,0,0,-0.043405017,-0.146967752,0.5266049979,-0.082541382,0.4180609859,1.2219055224,-0.151481519
8.81492459972102,0,0.7589974057,0,0,0,0,0,-0.043489912,-0.146103861,0.5265663449,-0.082541382,0.4185395802,1.2218416745,-0.151481519
