panel,q12,q13,q14,q15,q19,q23,q24,q25,q26,q27,q3,q5,q7,q22,q10,q11,q17,q18,q1,q2,q4,q6,q8,q9,q16,q20,q21,age,gender,year,type
502,2,2,4,2,3,5,5,4,4,4,5,4,4,5,1,1,2,2,1,5,3,1,1,4,2,4,4,45,0,5,2
12002,3,3,3,3,3,3,3,3,3,3,3,3,3,3,3,1,3,3,3,2,3,3,3,3,3,3,3,33,0,5,2
13302,1,1,1,1,1,1,1,4,1,1,5,4,3,1,1,1,1,1,3,5,1,5,1,1,1,1,1,45,0,5,2
19541,4,4,3,4,2,2,4,1,1,1,4,1,1,2,2,2,1,1,2,4,3,3,1,2,2,3,1,46,0,3,2
19848,3,3,3,3,3,4,4,3,3,3,4,3,4,3,3,3,3,3,3,3,3,3,3,3,3,3,3,43,0,4,2
20299,3,3,3,3,3,3,3,3,3,3,3,3,3,3,3,3,3,3,3,3,3,3,3,3,3,3,2,37,1,9,2
22576,2,2,2,2,2,4,4,4,4,4,4,4,4,4,3,3,2,2,3,4,4,4,4,4,2,2,1,46,0,15,2
24832,3,3,2,2,2,4,4,3,3,3,2,3,3,4,2,2,2,2,2,3,4,4,2,2,2,3,2,49,0,10,2
25957,2,2,2,3,3,3,3,3,3,3,4,4,4,3,3,2,4,4,3,3,3,4,1,3,3,3,2,45,0,10,2
26970,2,2,2,3,3,2,3,3,3,3,4,3,3,3,4,3,3,3,4,4,3,3,3,3,3,3,3,46,1,10,2
28190,3,2,2,2,2,4,4,3,3,3,4,3,4,4,2,2,3,3,4,1,3,2,4,3,2,4,1,43,0,15,3
29618,4,3,3,2,2,3,3,3,2,3,3,2,3,2,3,3,3,3,3,2,3,3,3,2,3,3,3,47,0,5,2
35247,2,2,2,2,2,4,4,4,2,2,4,4,4,4,3,3,2,2,4,4,4,4,4,3,2,4,2,48,0,25,2
35305,3,3,2,2,3,3,4,3,3,3,4,4,4,3,3,3,3,3,2,3,3,4,2,3,3,4,2,37,1,5,2
36672,3,3,3,3,3,3,3,3,3,3,3,3,3,3,3,3,3,3,3,3,3,3,3,3,3,3,3,53,0,3,1
37167,3,3,3,3,3,3,3,3,3,3,4,4,3,3,3,3,3,3,3,2,3,4,3,3,3,3,2,47,0,5,2
37176,3,3,3,3,3,4,4,3,4,4,4,4,4,4,3,3,3,3,4,2,3,4,4,4,4,3,2,41,0,5,2
50586,3,3,3,3,3,3,3,3,3,3,3,3,3,3,3,3,3,3,3,3,3,3,3,3,3,3,3,42,0,10,2
50743,2,2,2,2,2,3,3,3,3,3,3,3,3,4,2,1,2,2,3,2,3,4,3,3,2,3,2,36,0,3,2
51041,1,1,1,1,1,5,1,5,5,5,5,5,5,5,1,1,1,1,5,1,3,1,1,5,1,1,1,48,0,4,2
52741,2,2,1,1,1,4,4,4,4,4,4,4,4,4,1,2,3,3,3,4,4,5,3,3,1,3,1,38,0,4,2
73004,3,3,3,3,3,3,3,3,3,3,3,4,2,3,1,2,3,3,4,2,3,4,2,3,3,2,2,40,0,10,2
74256,1,1,1,1,1,3,3,3,3,3,4,4,1,3,1,1,1,1,3,3,4,3,1,1,1,4,3,49,0,12,2
83809,3,2,2,2,2,4,4,4,4,4,4,3,2,4,2,2,3,2,3,4,3,3,2,3,2,4,1,48,0,10,2
87189,3,3,3,3,3,3,3,3,3,3,3,3,3,4,3,4,3,3,3,3,3,4,3,3,3,3,3,47,1,5,2
99248,1,1,1,1,1,4,4,4,4,3,4,4,4,4,2,2,1,1,3,3,2,4,3,4,1,3,2,73,0,40,2
107588,3,3,3,3,3,3,3,4,4,4,4,4,4,4,4,4,3,3,4,2,4,4,3,4,3,4,4,66,1,5,2
117578,2,2,2,2,2,4,4,4,4,4,4,4,4,4,2,2,2,2,3,2,4,2,2,3,2,4,3,51,0,20,2
131656,2,2,4,4,4,4,4,4,4,4,4,4,4,4,4,4,4,4,4,2,4,5,4,4,4,4,2,72,0,9,2
136658,2,2,2,2,2,4,4,5,4,4,4,3,3,4,3,3,3,3,3,3,3,4,3,3,2,3,2,27,0,3,2
146839,3,3,2,3,1,3,3,2,3,3,4,2,2,3,1,1,1,1,2,4,4,1,1,3,3,2,1,54,0,10,2
168260,3,3,3,3,3,3,3,3,3,3,4,3,3,3,3,3,3,3,2,2,4,3,3,3,3,3,3,41,1,5,2
168759,3,1,1,1,3,1,1,1,1,1,3,3,2,1,1,1,1,1,1,1,1,4,1,3,3,1,1,38,1,10,2
174421,3,3,3,3,3,3,3,3,3,3,4,3,4,3,3,3,3,3,3,3,4,4,3,3,3,3,3,43,0,10,2
179627,3,3,3,3,3,3,3,3,3,3,3,4,4,4,4,3,3,3,3,3,4,4,4,4,3,3,4,40,0,8,2
188957,3,3,3,3,3,4,4,3,3,3,3,4,4,4,3,3,3,3,3,3,2,4,3,3,3,3,2,53,0,3,2
190101,3,3,3,3,3,2,2,2,2,2,4,4,4,2,2,3,3,3,4,3,2,4,3,2,3,3,2,37,0,3,2
192347,3,3,3,3,3,4,3,4,4,4,4,4,4,4,3,3,3,3,3,3,3,4,3,3,3,4,3,62,1,30,2
219343,3,3,3,3,3,4,4,4,4,4,4,4,4,4,3,3,4,4,4,4,4,4,3,3,3,4,3,43,0,10,3
227364,2,2,2,2,3,2,2,2,2,2,3,3,2,2,2,2,2,3,3,3,3,3,2,2,2,3,2,27,0,7,2
230848,2,2,2,2,3,3,3,3,3,3,4,4,4,3,3,3,3,3,4,3,4,4,3,4,3,3,3,35,0,5,2
231444,2,2,2,2,2,4,4,4,4,3,2,4,3,4,4,4,3,4,2,2,4,4,3,3,2,3,1,60,1,10,3
233825,1,1,3,1,1,4,4,4,2,2,2,4,4,4,1,1,1,1,4,4,2,4,1,4,1,1,1,49,0,10,2
253448,3,3,3,1,3,3,3,3,3,3,4,4,4,3,1,1,1,1,2,4,4,4,4,4,3,3,3,35,0,6,2
270974,3,3,3,3,4,4,3,3,4,3,4,3,3,4,3,3,3,3,3,2,2,4,3,3,3,3,2,38,0,10,2
271050,3,3,3,3,3,3,3,3,3,3,3,3,3,3,3,3,3,3,3,3,3,4,3,3,3,3,3,59,0,5,2
278187,1,1,1,1,2,4,4,4,4,3,4,5,3,4,2,1,3,3,5,2,4,5,2,2,2,4,5,43,0,20,2
278270,3,3,2,2,2,2,2,2,2,2,4,2,2,2,2,2,2,2,4,3,4,2,2,2,4,4,2,31,0,4,2
278357,2,2,2,2,2,3,3,3,3,3,5,4,4,3,4,3,2,2,4,2,4,5,4,4,2,4,3,28,0,8,2
282951,1,1,1,1,1,3,3,1,1,1,1,1,1,3,1,1,1,1,1,3,1,1,1,1,1,1,1,36,0,10,2
286843,3,3,3,3,3,3,3,3,3,3,3,3,3,4,3,3,3,3,3,3,3,3,3,3,3,3,3,38,0,5,1
293816,2,2,2,2,2,4,4,4,5,5,5,5,5,5,3,3,2,2,2,4,5,5,1,4,2,2,1,65,0,30,3
298581,2,1,1,1,1,1,4,1,1,1,4,4,3,4,3,3,1,1,4,3,4,5,3,3,1,1,4,35,1,2,2
299549,3,3,3,3,3,3,3,3,4,4,4,4,3,4,3,3,3,3,3,3,4,3,3,3,3,4,3,48,0,3,2
300017,1,1,1,1,1,1,1,1,1,1,1,1,1,3,4,4,1,1,1,1,1,1,1,1,1,1,1,38,1,10,2
302964,1,1,1,1,1,4,4,4,4,4,4,4,4,4,4,3,1,1,4,2,4,4,4,4,4,3,1,45,0,22,1
304855,3,3,3,3,3,3,3,3,3,3,3,3,4,3,3,3,3,3,4,3,4,3,3,3,3,3,3,48,1,3,2
306111,1,1,1,1,1,1,1,1,1,1,1,1,1,1,1,1,3,3,3,1,1,3,1,1,1,1,1,38,1,1,1
310358,4,3,3,3,3,4,4,3,3,3,3,3,4,4,3,4,4,4,3,3,3,3,4,4,4,3,3,38,1,2,2
310459,1,1,3,1,1,5,3,4,5,4,4,3,5,4,2,1,1,1,5,2,3,4,4,4,1,1,1,41,1,10,2
311228,2,2,2,2,2,2,2,2,2,2,4,3,2,2,2,4,2,2,2,2,4,2,2,2,2,2,4,56,0,0,1
315325,4,4,3,3,3,4,4,4,4,4,4,4,4,4,4,4,4,4,4,4,3,4,2,4,4,3,2,48,1,8,2
315376,3,1,2,1,1,3,3,3,2,2,4,3,3,4,3,2,2,2,4,2,2,3,2,4,1,1,1,58,0,30,3
315474,2,3,2,2,2,4,4,4,3,3,4,4,4,4,2,2,2,2,3,4,3,5,2,3,2,3,2,44,0,7,2
317309,3,2,3,2,2,4,4,3,3,3,4,3,4,2,3,3,2,2,3,4,3,2,3,4,2,3,2,57,0,2,2
317363,3,3,3,3,3,3,3,3,3,3,4,4,3,3,3,3,3,3,3,2,4,4,3,3,3,3,4,63,0,30,1
317636,1,1,1,1,1,4,4,4,2,2,4,4,2,4,1,1,1,1,3,2,4,4,1,3,3,4,1,39,1,3,2
317715,3,3,3,3,3,3,3,3,3,3,4,4,4,4,3,3,3,3,3,4,3,4,4,3,3,3,2,30,0,2,2
318457,3,3,3,3,3,4,4,4,3,3,4,4,4,4,3,3,3,3,3,3,5,3,3,4,4,4,2,75,1,21,2
318829,3,3,3,3,3,4,4,3,3,3,4,3,3,3,3,3,3,3,4,3,3,4,3,3,3,4,2,46,1,25,3
319685,1,1,1,1,1,3,3,3,3,3,4,3,4,4,3,3,3,3,3,4,3,3,3,3,2,2,2,59,0,30,3
319787,1,1,1,1,1,3,3,3,2,2,3,4,3,3,2,2,1,1,2,4,2,4,1,3,1,4,4,46,0,2,1
320125,2,2,2,2,2,4,4,4,4,4,4,4,4,4,3,3,3,3,4,2,4,4,4,4,4,4,2,43,0,13,2
320442,4,4,3,3,4,4,4,4,3,3,5,4,5,4,3,3,2,2,2,5,2,4,2,4,2,4,4,47,0,29,3
322348,2,2,2,2,2,2,2,4,4,4,2,2,4,2,2,2,2,2,4,2,2,4,2,2,2,2,2,51,0,3,2
326060,3,3,3,3,3,3,3,4,3,3,3,3,3,4,3,3,3,3,3,3,3,3,3,3,3,3,4,48,0,10,1
332002,4,3,3,3,3,3,3,3,2,2,4,3,3,3,3,3,3,3,2,5,3,4,3,3,3,3,2,30,1,8,2
332737,3,3,3,3,3,3,3,3,3,3,3,3,3,3,3,3,3,3,3,3,3,3,3,3,3,4,3,38,0,8,2
333844,3,3,3,3,3,4,4,4,4,3,4,4,3,4,3,3,3,3,3,3,4,4,2,3,3,4,2,44,1,5,2
335783,3,3,3,3,3,3,3,3,3,3,3,4,3,3,3,3,3,3,3,3,3,4,3,3,3,3,3,50,0,10,2
337889,1,1,1,1,1,4,3,4,3,3,5,4,4,4,3,4,2,2,2,4,4,5,2,2,2,4,2,41,1,8,2
342180,1,1,1,1,1,4,4,4,4,1,4,4,4,4,2,1,1,1,2,4,4,4,3,2,1,1,2,36,1,15,1
501158,1,1,1,1,1,1,1,1,1,1,4,4,3,1,1,1,1,1,1,4,1,4,3,3,1,1,1,48,0,9,2
507475,3,3,3,3,3,4,4,4,3,3,4,4,4,4,3,3,4,2,4,2,3,4,3,4,4,3,2,55,0,28,2
513888,4,4,4,4,4,1,1,1,1,1,3,4,4,1,3,1,3,1,3,1,3,5,1,4,4,3,1,40,0,3,2
518908,3,3,3,3,3,3,3,3,3,3,4,3,3,3,3,3,3,3,3,3,3,5,3,3,3,3,3,35,1,5,2
520484,1,1,1,1,1,1,1,1,1,1,4,3,4,3,3,3,1,1,1,4,1,4,1,1,1,1,1,37,0,4,1
520566,2,2,2,2,2,2,2,2,2,2,3,2,2,3,2,2,2,2,2,2,2,2,2,2,2,2,4,68,0,7,1
520666,2,2,2,2,2,3,2,2,2,2,4,3,5,4,1,1,2,2,3,3,4,2,1,2,2,2,2,34,0,15,2
521256,2,2,1,1,3,4,4,4,4,4,4,4,4,4,3,2,3,4,3,4,3,2,3,4,4,4,2,56,0,14,2
521760,2,2,2,2,2,4,4,4,4,3,4,3,3,4,3,2,2,2,3,4,3,3,3,3,2,3,3,53,0,20,2
523406,2,1,1,1,1,4,2,3,4,4,4,4,4,4,1,1,1,1,3,3,2,5,3,3,1,3,3,49,0,7,2
523438,2,2,2,2,2,4,4,3,4,4,3,2,4,4,3,2,4,3,2,3,3,4,4,3,2,2,3,53,0,28,2
524160,2,3,3,3,4,3,3,3,2,2,2,4,4,2,1,1,3,3,1,5,2,5,2,1,1,4,5,35,0,5,2
524415,3,3,3,3,3,3,3,3,3,3,4,4,3,3,3,3,3,3,3,3,3,3,3,3,3,3,1,42,1,4,2
524423,3,3,3,3,3,3,3,3,3,3,4,4,4,3,3,3,3,3,2,4,2,4,3,4,3,3,4,48,0,10,2
525425,3,3,4,3,3,4,3,4,4,4,3,3,3,4,3,3,4,3,3,3,3,4,3,4,4,3,4,50,1,25,2
531397,3,3,3,3,3,2,2,2,2,2,4,4,4,2,3,3,4,3,1,4,1,2,4,3,3,4,2,44,1,15,3
533563,3,3,3,3,3,3,3,3,3,3,3,4,3,3,3,3,3,3,2,4,4,4,3,3,3,3,2,36,0,12,2
540570,2,2,2,2,2,4,4,2,2,2,4,4,4,4,3,3,2,2,3,3,4,4,3,4,2,4,4,40,1,2,2
583952,4,3,3,3,4,2,2,4,4,2,4,4,4,4,4,4,4,4,4,2,3,4,3,2,2,4,1,45,0,2,1
591656,3,3,3,3,3,3,3,3,3,3,5,5,3,3,3,1,3,3,2,5,5,3,3,3,3,3,1,30,0,4,2
591720,4,4,4,4,4,4,4,4,4,4,4,4,4,4,4,4,4,4,2,4,4,4,4,4,4,4,4,33,0,4,2
593468,2,2,2,2,2,2,2,2,2,2,2,2,2,2,2,2,2,2,2,2,4,2,2,2,2,2,4,46,1,14,1
593877,1,1,1,1,1,3,1,4,1,1,4,4,2,4,1,1,1,1,4,1,4,4,1,1,1,1,1,48,0,12,2
603505,3,3,3,3,3,3,3,3,3,3,3,3,3,3,4,4,3,3,3,3,3,3,3,3,3,3,3,38,1,3,1
616737,2,2,2,2,3,4,4,3,2,4,4,4,3,4,2,2,4,3,2,4,3,4,2,2,2,3,2,42,0,15,2
625233,3,3,3,3,3,3,3,3,3,3,3,4,3,4,4,4,3,3,2,3,3,3,3,3,3,3,4,45,0,20,3
628846,2,2,2,2,2,3,3,2,2,2,4,3,4,4,3,2,2,2,2,3,3,4,3,3,2,2,2,35,0,10,2
650738,2,2,2,2,2,2,2,2,4,4,4,4,3,2,4,4,4,4,3,2,4,2,2,2,2,3,2,48,1,29,1
655852,3,3,3,3,2,4,4,4,4,4,4,4,3,4,2,2,2,2,2,4,4,3,3,3,2,4,3,67,0,6,3
671349,1,1,1,1,3,4,4,3,3,3,5,4,4,4,2,3,2,2,2,5,5,4,2,4,1,3,1,60,0,30,2
671670,3,3,3,3,3,3,3,3,3,3,4,3,3,3,3,3,3,3,4,4,3,4,3,3,3,3,3,41,0,4,2
672240,3,3,3,3,3,3,4,4,4,4,3,3,3,4,4,4,3,3,3,3,3,3,4,3,3,3,3,69,1,3,1
672528,2,1,2,2,2,4,3,4,4,4,4,3,3,4,3,2,2,2,4,1,4,2,2,4,3,4,1,82,0,40,1
673696,3,2,2,2,2,3,3,3,3,3,2,2,3,3,1,1,2,2,2,2,2,3,3,2,2,4,1,47,0,5,2
675306,3,3,3,3,3,3,3,3,3,3,3,3,3,3,3,3,3,3,3,3,3,5,3,3,3,3,3,42,0,6,2
675719,1,1,1,1,1,3,4,3,3,3,3,4,2,4,1,1,1,1,2,3,4,3,2,2,1,4,2,48,1,10,2
677553,2,2,2,2,2,3,3,3,3,3,4,4,2,2,2,2,2,2,3,4,2,4,2,2,2,4,3,64,0,31,2
677658,1,1,1,1,1,4,3,4,3,3,4,4,4,4,3,2,1,1,4,2,3,4,2,4,3,4,1,41,0,3,2
678240,3,2,2,2,2,4,3,3,3,3,4,4,4,4,4,3,3,3,3,3,4,3,3,3,1,3,2,74,0,5,3
678930,3,3,4,3,3,3,3,3,3,2,3,3,4,3,3,2,3,3,3,3,3,4,3,3,3,3,2,52,0,25,2
679934,3,3,3,3,3,3,3,3,3,3,4,4,3,3,3,3,3,3,2,4,3,3,3,3,3,3,3,32,1,8,3
680285,2,2,2,2,2,4,4,4,3,3,4,4,4,4,2,2,2,2,3,4,3,5,3,3,2,4,2,45,0,22,2
680572,1,1,1,1,1,2,2,3,2,2,4,1,1,4,1,1,1,1,2,1,1,1,2,1,1,1,4,34,1,1,2
681891,3,3,3,3,3,3,3,3,3,3,4,3,2,3,2,3,3,3,5,5,4,2,2,2,3,3,3,40,1,5,2
682118,3,3,3,3,3,4,3,3,3,3,4,4,3,4,3,3,2,2,2,3,2,4,3,3,2,4,3,34,0,8,2
684608,2,1,3,1,2,4,4,3,3,3,4,4,4,4,1,1,2,1,3,4,3,3,2,2,3,4,2,51,0,20,2
696324,3,3,3,3,3,4,3,3,3,3,4,4,4,4,3,3,3,3,4,2,4,4,3,4,3,4,2,36,1,9,1
696447,2,2,2,2,4,4,4,2,2,2,4,4,4,4,4,3,2,2,2,2,4,4,2,2,2,4,2,62,0,40,3
701828,3,3,1,1,2,3,3,3,3,3,4,3,2,4,1,1,3,2,3,3,2,4,2,4,4,4,1,42,0,7,2
714043,2,4,4,1,1,4,2,4,4,4,5,4,4,4,4,3,4,2,4,4,2,4,4,3,2,4,1,56,1,25,3
715716,3,3,3,3,3,4,3,3,4,3,4,4,4,4,3,4,4,3,4,3,4,4,3,4,3,3,3,43,0,4,2
716342,3,3,3,3,3,4,4,3,4,4,4,3,4,4,3,3,3,3,3,3,3,3,3,3,3,3,2,39,1,1,2
717646,2,2,2,2,2,2,2,2,2,2,4,4,4,2,2,2,2,2,2,4,2,4,3,4,2,2,2,30,1,9,2
723446,3,3,3,4,3,3,3,3,3,3,3,3,3,3,3,3,3,3,3,3,3,3,3,3,3,3,3,36,0,5,2
736451,2,2,2,2,2,2,4,4,2,2,2,2,2,2,2,2,2,2,2,2,2,2,2,2,2,2,2,32,0,4,2
738558,2,1,2,2,1,3,3,4,4,3,2,4,4,3,1,1,1,1,3,3,2,3,3,2,3,4,1,37,0,7,2
739500,1,4,1,1,2,5,2,2,2,2,4,4,2,5,1,1,3,2,4,2,2,4,1,4,1,3,2,29,0,5,2
739586,3,3,3,3,3,3,3,3,3,3,3,3,3,3,3,3,3,3,3,3,3,3,3,3,3,3,2,43,0,9,2
745346,3,3,3,3,3,4,4,3,4,4,4,4,4,4,2,1,4,3,3,4,4,5,3,5,3,4,2,49,0,30,2
745466,4,3,3,3,3,4,4,4,4,4,4,4,4,4,3,3,4,4,4,3,4,3,4,4,3,4,2,63,0,5,2
745588,3,3,3,3,3,3,3,3,3,3,3,3,3,3,3,3,3,3,3,3,3,3,3,3,3,3,3,37,0,15,2
745791,2,2,2,2,2,2,3,2,2,2,4,3,3,2,2,2,2,2,4,4,3,4,3,3,2,4,2,39,0,6,2
746137,1,1,1,1,1,2,2,2,2,2,1,1,2,2,1,1,1,1,1,1,1,1,1,1,1,1,1,52,0,0,3
746259,2,2,2,2,2,4,4,2,2,2,4,4,4,4,4,2,2,2,2,2,2,2,4,3,2,2,2,47,0,2,1
747365,3,3,3,3,3,4,4,3,3,3,4,4,3,4,3,2,3,3,3,4,3,4,3,4,4,3,2,48,0,12,2
758162,2,2,3,2,3,3,3,3,3,3,4,4,4,3,2,2,3,3,3,2,3,4,3,3,3,2,1,39,1,10,2
808115,3,3,3,3,3,3,3,3,3,3,3,3,3,3,3,3,3,3,3,3,3,3,3,3,3,3,3,36,0,3,2
814780,1,1,2,1,1,4,4,2,4,4,4,4,4,4,2,1,1,1,3,4,3,5,2,4,3,4,4,45,0,8,3
817013,2,2,3,2,2,4,3,2,2,3,3,3,2,3,1,1,2,2,2,4,4,3,1,3,2,3,3,42,0,2,2
827648,2,2,2,2,2,2,2,2,2,2,3,3,4,2,2,2,2,2,3,3,3,4,4,2,2,2,2,29,0,2,2
839267,3,2,2,2,3,3,3,3,3,3,4,3,4,3,1,3,2,2,3,4,3,3,2,3,3,3,2,39,0,3,2
848577,3,3,3,3,3,4,3,3,3,4,4,4,4,4,4,3,2,2,3,3,4,4,3,4,4,4,1,67,0,12,1
863889,3,2,2,2,3,4,4,3,3,3,4,3,3,4,3,2,3,3,2,2,4,3,3,4,2,3,3,24,0,2,2
867131,3,3,3,1,1,4,4,4,4,4,4,4,4,4,3,3,1,1,4,4,4,1,1,3,3,1,1,55,0,9,3
867145,3,3,3,1,2,3,3,3,3,3,5,5,5,3,3,1,2,2,5,1,5,5,3,3,4,2,2,39,0,10,2
867378,4,3,4,3,3,2,3,2,3,3,2,3,2,3,5,3,3,3,3,5,4,3,3,3,2,3,3,51,0,10,1
879877,2,2,2,2,2,4,4,4,4,3,5,5,4,4,2,2,2,2,4,2,2,3,3,4,2,2,2,46,0,21,1
881095,2,4,4,4,4,4,4,2,2,2,4,4,4,4,4,2,4,4,4,4,4,4,2,4,4,4,2,27,1,5,2
883007,1,1,3,1,1,4,4,4,3,3,4,2,4,4,1,2,1,1,4,4,4,2,2,3,2,3,2,65,0,20,1
884237,3,3,3,3,3,3,3,3,3,3,5,4,3,3,3,3,3,3,3,3,3,4,3,3,3,4,3,35,0,8,2
888980,4,1,1,1,1,1,1,1,1,1,4,4,2,4,1,1,1,1,3,4,4,3,3,4,1,1,1,56,1,8,2
893717,3,3,2,3,3,4,3,3,3,3,2,4,2,3,2,3,3,3,2,2,2,2,2,2,3,3,3,36,0,6,2
935265,3,4,4,4,3,3,2,2,2,4,4,4,3,2,3,4,1,1,4,3,3,4,3,3,2,3,1,37,0,4,2
949445,3,2,3,3,2,3,4,4,4,4,4,4,4,4,1,1,1,1,4,4,4,4,2,2,3,4,2,56,0,3,2
956449,3,3,3,2,2,2,2,2,2,2,4,4,4,2,3,3,2,2,3,3,4,4,3,3,2,2,2,38,0,6,2
973218,1,1,1,1,1,3,3,3,3,3,4,4,4,5,1,1,1,1,3,3,4,1,2,1,1,1,1,48,0,10,2
978149,3,3,3,3,3,3,3,3,3,3,3,4,3,3,3,3,3,3,3,3,3,3,3,3,3,3,3,57,0,5,2
985206,1,1,3,1,1,4,3,4,3,3,3,4,4,4,1,1,3,3,4,2,3,4,3,3,3,3,3,35,0,3,2
985371,3,3,3,3,3,3,3,3,3,3,3,3,3,3,3,3,3,3,3,3,3,3,3,3,3,3,3,35,0,5,2
994933,2,2,3,2,2,4,3,3,3,3,4,4,4,4,3,3,2,2,3,4,4,4,4,3,2,3,2,44,1,4,2
999462,3,3,3,3,3,4,4,4,4,4,4,4,4,4,4,4,4,4,4,2,4,4,4,4,3,4,2,46,1,5,1
1010394,2,1,2,1,1,3,4,2,2,2,3,3,4,3,3,3,1,2,2,3,3,3,3,3,1,2,1,39,0,5,1
1022501,2,2,2,2,2,5,5,5,4,4,4,5,5,5,2,2,4,2,5,4,4,5,2,4,4,4,2,35,1,2,2
1023468,2,2,4,2,3,4,4,4,4,3,4,4,4,4,3,3,4,3,4,2,3,4,3,4,4,4,5,40,0,10,2
1036708,3,3,3,3,3,3,3,3,3,3,3,4,3,3,3,3,3,3,3,3,3,3,3,3,3,3,3,38,1,5,2
1039397,3,3,3,3,2,4,4,3,4,3,5,3,4,3,3,3,2,2,3,5,4,4,3,3,3,3,3,56,0,11,2
1085764,3,2,2,1,2,2,3,2,3,3,5,4,4,2,2,3,3,3,3,3,1,4,3,3,3,3,1,65,0,13,2
1086805,3,3,3,3,3,3,4,3,3,3,4,4,3,3,3,2,4,4,3,4,3,4,2,3,3,3,2,33,1,5,2
1089839,3,3,3,3,3,4,3,3,3,3,4,4,4,4,3,3,3,3,4,3,4,4,4,3,3,3,3,46,0,10,2
1090117,3,3,3,3,3,3,3,3,3,3,4,3,3,3,3,1,3,3,3,4,4,3,3,3,3,3,3,49,0,27,2
1093567,2,2,2,2,2,3,4,2,4,4,4,4,4,4,2,2,4,4,2,2,4,4,2,4,4,4,2,39,0,10,2
1094672,1,1,1,1,1,3,3,3,3,3,4,3,4,3,2,3,2,3,3,4,3,3,3,3,2,4,1,43,0,7,2
1096039,3,2,3,3,3,4,3,3,4,4,4,3,3,3,2,3,3,3,2,4,3,3,4,3,2,2,3,48,0,3,2
1096843,3,1,2,1,1,3,3,3,3,3,5,4,3,3,4,3,3,3,4,3,4,2,3,4,2,3,1,43,0,22,2
1097579,3,2,2,2,2,4,4,3,3,3,4,4,4,4,3,2,2,2,3,3,2,4,3,2,3,3,2,59,0,3,2
1098363,4,3,3,3,3,4,3,3,3,3,4,4,4,3,3,3,3,3,3,3,3,4,2,3,4,4,2,41,0,12,2
1113463,3,4,4,3,3,4,4,4,4,4,4,4,4,4,4,3,4,3,3,4,2,4,3,4,2,4,3,60,0,20,2
1117818,1,1,1,1,1,1,1,1,1,1,2,1,1,3,1,1,1,1,1,3,1,1,1,1,1,1,4,52,0,29,1
1121296,2,2,2,3,3,2,2,2,2,2,2,4,4,2,2,1,3,3,3,4,3,4,2,3,4,4,2,37,1,10,2
1130074,1,1,3,2,1,4,4,3,3,3,4,4,4,4,2,1,1,1,2,2,2,4,2,3,2,4,2,30,1,0,2
1134342,3,3,3,3,3,4,3,3,3,3,3,4,3,4,4,2,4,3,3,4,3,4,3,3,3,3,2,40,0,10,1
1146449,2,2,2,2,2,4,4,4,4,4,4,4,3,4,2,2,3,2,4,3,4,3,2,3,3,4,3,48,0,10,2
1153655,3,3,3,3,3,3,3,3,3,3,3,3,3,3,3,2,3,3,4,3,3,3,3,3,3,3,3,49,1,20,2
1161010,1,1,1,1,1,3,3,3,3,3,5,3,4,4,1,1,1,1,3,4,4,2,1,4,3,4,1,42,0,8,2
1161878,2,2,3,1,3,2,2,2,2,2,4,3,4,4,3,1,3,3,3,4,3,4,3,3,4,4,2,46,0,5,2
1161977,4,4,2,3,2,4,3,2,3,3,4,2,4,4,2,2,2,2,3,4,3,4,3,2,3,4,4,46,0,20,2
1164152,3,2,2,2,3,2,2,2,2,2,2,2,3,3,3,3,3,3,2,2,2,2,3,3,3,3,3,48,0,15,2
1164917,3,3,3,3,3,3,3,3,3,3,3,3,3,3,4,3,3,3,3,3,3,3,3,3,3,3,3,62,0,10,1
1165197,3,3,3,3,3,4,4,4,4,4,4,4,4,4,3,3,3,3,3,3,3,4,4,4,3,3,2,35,0,10,2
1167432,1,1,1,1,1,4,4,4,4,4,4,4,4,4,3,4,1,1,3,4,4,4,2,4,1,1,2,55,0,10,2
1185656,1,1,1,1,1,4,4,3,3,3,4,4,3,4,3,3,4,4,2,4,2,2,3,4,1,3,1,66,1,34,1
1187555,2,2,2,2,4,2,2,2,2,2,2,2,2,2,2,2,2,4,2,2,2,2,2,2,2,3,2,52,0,20,3
1198417,5,4,4,4,4,4,4,4,4,4,4,4,4,4,4,4,4,3,4,2,4,5,3,4,4,4,2,40,0,1,2
1206875,2,1,2,2,2,4,4,3,3,3,4,4,3,4,2,2,1,2,4,2,4,4,3,3,1,3,1,37,1,1,2
1206945,1,1,1,1,1,1,1,1,1,1,5,3,3,4,3,2,1,1,4,4,3,3,3,3,1,1,4,39,0,10,2
1208948,4,4,4,3,4,4,4,4,4,4,3,4,4,4,4,4,4,4,3,4,4,4,4,4,3,4,2,60,0,25,3
1211226,1,1,1,1,2,4,3,4,3,3,4,4,3,4,3,2,1,2,4,3,3,4,3,4,3,3,1,47,0,8,2
1228135,4,1,1,1,1,4,3,3,1,1,5,4,4,4,1,1,1,1,3,4,4,5,5,5,4,3,2,52,0,7,2
1234734,3,3,3,3,2,4,4,4,3,3,4,3,3,4,3,4,2,2,2,2,4,3,3,3,3,2,2,39,1,15,1
1248001,3,3,3,3,3,4,4,4,3,3,4,3,3,4,3,3,3,3,3,3,4,2,2,3,3,3,3,41,0,5,2
1260644,3,3,4,3,4,4,4,4,3,4,4,2,3,4,1,1,3,3,2,4,2,4,2,2,3,4,4,45,0,5,2
1261965,2,2,2,2,2,4,4,3,3,3,4,4,3,4,2,2,2,2,4,2,4,4,3,2,2,2,2,45,1,5,2
1262200,3,3,3,3,3,4,4,4,4,4,4,4,4,4,3,3,3,3,4,4,4,4,3,4,3,3,2,31,1,3,2
1263883,3,3,3,3,3,5,4,3,3,3,4,4,4,5,3,3,3,3,4,4,3,3,3,4,3,3,2,38,1,5,2
1270788,4,1,1,1,1,1,1,1,1,1,4,3,3,1,1,1,2,1,2,4,2,4,2,1,1,1,1,35,0,3,2
1285347,3,3,3,3,2,4,4,4,3,3,3,2,2,4,2,2,2,2,2,2,3,2,2,2,3,2,2,44,0,20,1
1285449,4,3,3,3,4,4,4,3,4,3,4,4,4,3,3,3,3,3,3,4,4,4,3,4,3,4,3,34,0,8,2
1294079,3,3,3,3,3,4,4,4,4,4,4,4,3,4,3,3,4,3,4,2,3,4,3,3,3,3,4,42,0,0,2
1295827,3,2,2,2,2,3,2,2,2,2,4,4,4,4,2,2,2,2,3,3,4,4,2,3,2,2,2,45,0,10,2
1300482,3,3,3,3,3,3,3,3,3,3,3,4,3,3,3,3,3,3,3,3,3,3,3,3,3,3,3,53,0,5,1
1310092,1,1,1,1,1,4,4,4,3,3,5,3,4,4,1,1,1,1,2,5,5,1,3,1,1,2,1,42,0,12,2
1319124,3,3,2,1,3,4,4,4,4,4,4,4,4,4,4,3,3,3,4,3,4,4,3,4,3,4,1,37,0,4,3
1323041,3,3,3,3,4,3,2,2,2,2,3,3,3,3,3,3,3,4,3,3,3,3,3,3,3,5,3,44,0,2,2
1327589,1,1,3,1,1,4,4,4,4,4,4,4,4,4,1,1,1,1,4,4,4,4,4,4,2,4,1,33,0,9,2
1363834,1,1,1,1,1,3,3,3,3,3,4,3,1,3,1,1,1,1,2,4,4,2,2,3,1,1,3,42,0,3,2
1364529,3,3,3,3,3,3,4,3,3,3,3,4,3,4,3,3,3,3,4,3,3,4,3,3,3,3,3,49,0,5,3
1365741,1,1,1,1,1,4,1,4,4,1,4,4,4,3,1,1,4,4,4,4,4,4,3,4,4,4,1,36,1,5,2
1367197,3,3,3,3,1,3,4,3,3,3,1,1,1,3,1,1,1,1,1,1,1,1,1,1,4,1,1,40,0,1,2
1369470,4,2,3,3,3,3,2,2,2,2,4,3,4,4,4,3,3,3,1,1,4,2,3,4,3,3,4,62,0,20,1
1373051,2,2,4,2,2,2,2,2,2,2,4,4,4,2,3,2,4,2,3,3,4,4,4,4,2,2,2,38,1,1,2
1376352,3,3,3,3,3,3,3,3,3,3,4,4,3,3,3,3,3,3,2,4,4,4,3,3,3,3,2,34,0,8,2
1378051,1,1,1,1,1,1,1,4,1,1,1,4,1,1,1,1,1,1,1,4,1,1,1,1,1,1,1,40,0,5,2
1383295,3,3,3,3,3,3,3,3,3,3,4,3,3,3,3,3,3,3,3,3,3,3,3,3,3,3,3,41,1,9,2
1386849,2,2,2,2,2,2,2,2,2,2,4,4,2,4,2,2,2,2,4,2,2,4,2,2,2,2,2,34,0,3,2
1389058,2,2,2,2,2,4,2,2,2,2,5,5,4,4,3,2,2,2,2,4,4,4,2,3,2,4,2,40,0,5,2
1393373,2,2,2,1,1,3,3,3,3,3,5,4,4,4,1,2,2,2,4,4,3,4,2,3,3,2,1,34,0,12,2
1394074,1,1,1,1,1,3,3,3,3,3,4,4,2,3,3,4,1,1,4,2,3,4,2,3,1,1,1,40,0,5,1
1395077,4,4,4,4,4,4,4,4,4,4,5,4,3,4,3,1,2,2,4,4,4,4,3,5,3,3,1,41,0,3,2
1395337,1,1,1,1,1,4,3,4,4,2,5,5,3,4,1,1,1,1,4,4,5,5,3,1,3,1,1,36,0,6,2
1404341,4,4,4,4,4,4,3,3,3,3,4,3,2,4,2,3,3,3,4,4,3,3,2,2,3,3,2,22,0,0,2
1406171,1,1,3,1,1,3,3,3,3,2,3,3,1,3,1,1,1,1,3,4,4,1,1,4,1,3,3,59,0,2,2
1408187,4,4,4,3,2,2,2,2,2,2,4,4,4,2,2,2,2,2,3,3,3,4,3,3,4,2,2,42,0,5,2
1409494,3,3,4,3,2,4,4,4,3,3,3,3,4,4,3,2,2,2,4,3,3,4,3,3,4,3,3,50,0,9,2
1409733,3,3,3,3,3,3,3,3,3,3,3,3,3,3,3,3,3,3,3,3,3,3,3,3,3,4,3,37,0,5,2
1411130,3,3,3,3,3,3,3,3,3,3,3,3,3,4,3,4,3,3,2,4,4,3,3,4,3,3,2,60,0,3,3
1412453,2,2,2,2,2,3,3,3,4,4,4,4,4,3,3,3,2,2,4,1,4,5,4,4,4,4,1,36,1,10,2
1416485,2,2,1,1,3,4,4,4,2,2,4,4,4,2,1,2,3,4,4,4,4,3,4,2,4,3,4,29,0,7,2
1428887,3,3,3,3,3,3,3,3,3,3,3,4,3,3,3,3,3,3,4,4,3,4,3,3,3,3,3,34,1,2,1
1440295,3,3,4,3,3,4,4,4,3,3,4,4,3,4,3,3,3,3,4,2,3,4,3,3,3,3,2,33,0,3,2
1440355,2,2,2,2,2,4,2,3,3,3,4,3,2,4,2,3,2,2,4,4,3,4,2,2,2,3,2,45,0,0,2
1450470,2,2,2,2,2,3,4,3,3,3,4,4,2,4,2,2,2,2,2,4,4,4,2,2,2,3,3,39,0,15,2
1451912,2,2,2,2,2,4,3,4,3,3,4,4,4,4,3,3,2,2,3,3,4,4,3,4,3,3,3,52,0,20,3
1476480,2,2,2,2,2,4,4,4,4,4,5,3,3,4,3,2,2,2,2,3,1,3,3,3,3,4,3,48,0,12,2
1504863,3,3,3,3,3,3,3,3,3,3,3,3,3,3,3,3,3,3,4,4,3,3,3,3,3,3,3,50,0,1,2
1508794,2,2,2,2,2,2,3,3,3,3,4,4,4,3,3,2,2,2,3,1,3,4,3,3,2,3,3,67,0,2,1
1511240,4,2,2,4,2,4,2,2,2,2,4,1,1,4,1,4,2,2,1,4,4,1,1,1,2,2,2,58,0,12,2
1511664,1,1,1,1,1,2,3,2,3,3,4,3,3,2,2,2,2,2,2,5,4,4,3,3,2,2,2,42,0,12,2
1512246,3,3,3,3,3,4,3,4,3,3,4,4,4,4,3,3,3,3,3,2,3,4,4,3,3,4,2,30,0,8,2
1513823,3,2,4,2,2,4,4,4,4,2,4,4,4,4,4,2,4,2,4,2,2,4,4,4,2,4,2,48,1,8,2
1538465,1,1,1,1,1,5,5,4,4,4,4,4,2,5,1,1,1,1,2,2,2,4,1,4,1,2,1,44,0,10,2
1542319,2,2,2,2,2,2,2,2,2,2,2,2,2,2,2,4,2,2,2,2,2,2,2,2,2,2,2,32,1,2,1
1554537,3,3,3,3,3,3,3,3,3,3,3,3,3,3,3,3,3,3,3,3,3,3,3,3,3,3,3,49,0,0,2
1554755,2,2,2,2,2,4,4,4,3,3,4,4,4,4,3,3,2,2,3,2,4,4,3,3,2,4,2,44,0,3,2
1568958,2,2,2,2,2,3,4,4,3,3,4,4,4,3,2,2,2,2,2,4,5,2,3,4,2,3,2,27,0,2,2
1569644,4,4,4,3,4,4,4,4,4,4,4,4,4,4,4,4,4,4,4,4,4,4,4,4,4,4,4,35,0,10,2
1571035,4,3,3,3,2,4,4,4,4,3,4,5,4,4,2,2,2,1,4,2,4,5,4,4,2,5,1,53,0,2,2
1571061,4,4,3,2,3,4,2,2,2,2,4,4,4,2,1,1,2,2,3,4,3,2,1,3,2,3,4,40,0,1,2
1571769,1,1,1,1,1,4,4,2,2,2,4,2,4,4,1,1,1,1,2,1,2,4,4,2,1,1,1,36,1,1,2
1574884,3,3,3,3,3,3,3,3,3,3,4,3,4,3,2,2,3,3,4,3,4,3,3,3,3,3,3,29,0,4,2
1575467,2,3,4,1,4,1,3,3,2,3,4,3,2,2,3,3,3,2,2,1,3,2,3,2,1,4,3,38,0,4,2
1579506,3,1,2,1,1,4,4,4,3,3,4,4,4,4,3,3,2,2,4,2,4,4,3,3,2,3,1,68,0,10,3
1580304,2,2,2,2,3,4,3,4,4,3,4,4,4,4,3,2,3,3,3,4,4,4,4,4,3,3,4,47,0,10,2
1582401,1,1,2,1,1,4,3,4,4,4,4,4,4,4,2,1,1,1,3,4,4,4,4,3,3,3,4,54,0,8,2
1582676,1,1,1,1,1,4,4,1,1,1,3,3,4,3,1,1,4,4,1,4,4,2,1,1,1,1,1,40,0,1,2
1583360,3,3,3,3,3,4,3,3,3,3,4,4,4,4,3,3,4,4,4,3,4,4,3,3,3,3,2,52,1,15,2
1590490,1,1,1,1,1,1,1,1,1,1,4,4,2,1,1,1,1,1,4,4,4,4,2,1,1,1,1,40,0,4,2
1591022,1,1,1,1,1,2,2,3,2,2,2,2,2,2,1,1,1,1,3,4,2,2,2,1,1,4,3,42,0,6,2
1592983,2,2,2,2,1,3,4,4,1,1,4,4,4,3,2,1,1,1,4,2,4,4,2,3,4,3,3,44,0,4,2
1595370,2,2,2,2,2,4,4,3,4,4,4,4,4,4,3,3,4,3,4,4,4,4,4,3,2,4,3,57,0,4,2
1596125,2,2,2,2,2,2,2,2,2,2,4,3,4,2,4,4,2,2,2,4,4,4,4,4,2,2,2,44,1,0,2
1596935,2,2,2,2,2,2,2,2,2,2,2,2,2,2,2,2,2,2,3,4,4,2,2,1,2,2,1,46,0,4,2
1598414,3,3,3,3,3,2,2,2,2,2,3,2,3,2,3,3,4,3,3,2,2,4,3,3,3,3,2,52,0,4,2
1598641,3,3,3,3,3,3,3,3,3,3,4,3,2,3,3,3,3,3,3,4,2,3,2,3,3,3,2,44,0,2,1
1599024,3,3,3,3,3,3,3,3,3,3,4,4,4,3,3,3,4,4,4,3,4,4,3,3,3,4,3,59,1,20,2
1600090,1,1,1,1,1,5,5,5,1,1,5,5,1,5,1,1,1,1,1,5,5,5,1,1,1,5,5,40,0,2,2
1600666,2,2,2,2,2,2,2,2,2,2,3,4,4,2,3,2,2,2,2,2,2,3,3,4,2,2,2,65,0,20,2
1646780,3,3,3,3,3,4,3,3,3,3,4,3,3,3,3,3,3,3,2,4,3,4,3,3,3,3,1,32,0,1,2
1647329,3,3,3,3,3,3,3,3,3,3,4,3,3,3,3,3,3,3,3,3,3,4,3,3,3,3,2,46,0,2,2
1664059,3,3,3,3,3,4,3,4,4,4,4,4,4,4,4,3,2,2,4,3,4,4,4,4,3,4,4,56,1,5,3
1674310,1,1,1,1,1,4,4,4,4,4,4,2,4,4,2,1,1,1,2,2,2,4,2,2,1,1,1,34,1,2,2
1676647,4,2,2,3,4,5,4,4,4,4,4,4,2,5,2,2,3,3,4,3,4,5,2,4,4,2,1,39,1,1,2
1678018,1,1,1,1,1,4,1,1,1,1,4,4,4,4,1,1,1,1,3,4,4,4,4,1,1,1,1,32,0,5,2
1694236,4,4,4,4,4,4,3,4,4,3,4,4,4,4,4,4,4,4,4,3,2,4,3,4,4,4,2,37,1,15,2
1705674,3,3,3,3,4,4,4,3,3,3,4,3,4,3,3,2,3,2,3,3,3,3,4,3,3,3,3,68,0,37,2
1711246,3,3,3,3,3,3,3,3,3,3,4,3,3,3,3,3,3,3,3,3,3,3,3,3,3,3,3,36,1,3,2
1720573,1,1,1,1,1,4,4,3,4,4,4,3,4,4,3,2,1,1,4,5,3,4,3,3,1,2,5,51,0,21,2
1731034,2,2,2,2,2,4,4,4,2,2,4,2,2,4,2,2,2,2,2,4,4,2,2,2,2,2,2,24,0,3,2
1731208,3,3,3,2,2,3,3,3,3,3,4,3,3,4,3,4,2,2,4,3,3,3,3,3,2,4,3,49,1,2,1
1735864,4,3,4,3,4,3,4,4,3,3,4,3,3,4,4,4,3,2,4,3,4,4,3,4,2,4,4,39,0,6,2
1745410,4,3,4,4,4,4,4,4,4,4,4,4,3,4,3,3,3,3,3,4,4,4,3,3,3,3,2,32,1,12,2
1750778,2,2,2,2,2,4,3,4,4,4,4,4,4,4,2,2,2,2,4,2,2,4,2,2,2,2,2,48,0,15,2
1751234,3,3,3,3,4,4,4,4,4,4,3,3,4,4,3,3,3,3,4,2,3,4,3,3,3,4,2,54,0,8,2
1753218,3,3,4,3,3,4,4,3,3,3,4,4,4,4,3,4,3,3,2,3,3,5,3,2,3,4,3,43,0,10,2
1768506,2,2,2,2,2,2,2,2,2,2,4,3,2,2,4,2,2,2,4,2,4,2,2,4,2,2,2,36,1,10,2
1772597,3,3,4,3,4,2,2,4,4,3,4,4,3,2,2,3,4,4,4,2,2,4,2,2,3,3,2,30,0,2,2
1778835,1,1,1,1,1,1,1,1,3,3,5,3,4,5,1,1,3,3,1,3,3,1,3,1,3,3,1,34,0,9,2
1784357,2,2,2,1,1,3,3,3,3,3,3,4,3,3,3,2,3,3,3,3,3,4,3,3,2,2,1,51,0,28,3
1785365,3,2,4,2,3,4,4,4,2,2,4,4,3,4,4,4,4,4,3,4,3,2,2,3,3,4,2,61,0,3,3
1797693,1,2,2,1,1,4,4,4,3,3,4,4,4,4,3,1,3,3,4,3,2,4,3,4,4,4,2,42,0,3,2
1804901,3,3,3,3,3,3,3,3,3,3,3,3,3,4,3,3,3,3,3,3,3,3,3,3,3,3,3,35,0,4,2
1805377,3,2,3,4,3,4,3,2,2,2,3,3,3,3,2,4,3,3,3,4,4,2,3,3,4,3,3,50,0,10,2
1809017,3,3,3,3,3,2,2,2,2,2,3,3,2,3,2,3,3,3,3,3,3,3,2,2,3,3,3,29,1,5,2
1818767,3,3,3,3,3,4,4,4,3,3,4,4,4,4,3,3,3,3,4,4,4,4,3,3,3,3,3,36,0,5,2
1819340,3,3,3,3,3,3,3,3,3,3,3,3,3,3,3,3,3,3,3,4,3,3,3,3,3,3,3,55,0,5,2
1832109,1,1,1,1,1,4,4,4,4,4,3,3,3,4,1,1,3,3,3,4,3,3,3,2,1,2,1,37,0,5,2
1834556,3,3,3,3,3,4,4,3,3,3,5,4,4,4,4,4,4,4,3,4,3,5,2,4,4,3,3,29,1,10,3
1838512,3,3,3,3,2,3,3,3,3,3,4,4,3,3,3,3,2,2,3,3,3,3,3,3,3,3,3,38,0,0,2
1840566,3,3,3,3,3,3,3,3,3,3,5,5,5,4,2,2,3,3,4,3,3,5,2,3,3,3,3,39,0,10,2
1840834,4,3,3,3,4,3,3,2,2,2,4,4,4,3,3,2,4,3,3,4,4,5,2,3,3,4,2,42,0,2,2
1845843,4,4,4,4,4,4,4,4,4,4,3,4,4,4,4,3,4,4,4,4,4,4,4,4,3,4,4,67,0,10,2
1854491,2,2,2,2,3,4,3,3,2,2,4,4,3,4,3,2,2,2,2,4,4,4,3,4,2,4,2,39,0,1,2
1854832,2,1,1,1,1,4,4,5,4,4,5,4,5,4,4,5,4,4,4,4,5,4,5,4,3,4,2,34,0,8,2
1859238,4,3,3,3,3,5,2,5,5,5,4,5,5,5,2,2,2,2,4,2,2,5,2,2,2,2,2,41,1,4,2
1861511,4,5,5,3,1,4,4,4,4,4,3,3,3,4,3,1,1,1,3,4,3,5,3,3,2,3,3,49,0,5,2
1865577,1,2,1,1,1,1,1,1,1,1,2,2,3,1,1,1,1,1,3,2,2,3,2,1,1,1,1,39,0,4,2
1866822,2,2,2,2,2,2,2,2,2,2,3,2,2,2,2,2,2,4,3,4,4,2,2,2,2,2,2,48,1,2,2
1880070,2,1,3,2,2,4,4,4,4,4,4,4,4,4,2,2,3,3,3,4,4,3,3,4,3,4,2,60,0,4,1
1882067,3,3,3,3,3,4,3,3,3,3,4,3,4,4,3,2,2,2,3,3,3,3,3,3,3,3,2,41,0,4,2
1884384,3,3,3,3,3,3,3,3,3,3,3,4,4,4,3,3,3,3,2,4,3,3,3,3,4,3,2,53,0,3,1
1885273,2,2,2,2,2,2,2,2,2,2,4,4,2,2,2,2,2,2,4,2,4,4,2,2,2,2,2,41,0,10,2
1888451,2,2,2,2,2,2,2,2,2,2,4,2,2,2,2,2,2,2,1,1,2,2,2,2,2,2,2,53,0,1,1
1888909,3,2,2,2,2,2,3,3,3,2,3,3,3,3,2,2,2,2,2,4,2,3,3,3,2,2,2,42,0,3,2
1902093,3,3,3,3,3,4,4,4,3,4,4,4,4,3,3,3,3,3,3,3,3,4,4,3,3,3,2,36,0,3,2
1933233,2,1,1,2,1,4,5,3,3,3,4,4,4,4,1,1,2,1,2,4,2,4,3,2,3,4,1,33,1,6,2
1945391,3,4,3,3,3,4,4,4,4,4,4,3,4,4,2,2,4,4,2,4,3,2,1,3,4,4,2,35,0,15,3
1965804,4,4,4,4,4,4,4,2,2,2,4,4,3,2,2,2,2,2,2,4,4,4,2,4,4,2,2,36,0,6,2
1968095,2,2,2,2,2,2,2,2,2,2,2,4,2,4,2,2,2,2,4,2,4,2,2,2,4,2,2,33,0,2,2
1980957,3,3,3,3,3,4,4,4,4,4,4,4,4,4,4,3,3,3,3,3,3,4,3,4,3,3,3,60,1,15,3
1981854,3,3,3,3,3,3,3,3,3,3,3,3,3,3,4,4,3,3,3,3,3,3,3,3,3,3,2,50,1,2,1
1986924,3,3,3,3,3,3,3,3,3,3,4,4,3,4,4,4,4,4,2,4,2,3,3,3,3,3,2,42,1,19,1
1992718,4,4,4,4,4,2,2,2,2,2,4,5,2,2,1,1,2,1,2,4,1,4,1,3,4,4,1,34,0,10,2
2005679,2,2,2,2,3,4,4,4,4,4,4,3,3,4,1,1,1,1,4,5,5,3,3,4,4,3,1,63,0,6,2
2009367,2,2,2,2,2,2,2,2,2,2,4,4,3,2,2,2,2,2,3,4,3,4,3,3,2,2,1,43,1,8,2
2011743,3,3,2,2,2,3,3,3,3,3,4,4,3,4,1,1,2,2,3,3,4,5,3,3,2,4,2,37,1,4,2
2029343,3,3,3,3,3,3,4,3,3,3,3,3,3,4,3,3,4,3,3,3,3,3,3,3,3,3,3,37,0,2,2
2030354,2,2,2,2,3,4,4,2,4,4,4,2,5,4,3,2,3,3,2,4,3,1,2,3,3,3,2,58,0,20,2
2030591,2,2,2,2,3,4,4,3,3,3,4,4,4,4,3,3,3,3,4,2,3,4,3,3,2,3,3,68,0,5,3
2031828,3,2,2,2,2,4,4,4,4,4,4,3,3,4,4,4,1,1,4,2,2,2,3,4,2,2,2,51,1,5,2
2033017,3,3,3,3,3,3,3,3,3,3,4,4,4,4,3,2,2,2,4,3,4,3,3,3,3,3,2,75,0,17,3
2048635,4,3,3,3,3,4,4,4,3,4,4,2,3,4,3,3,4,3,3,3,2,2,3,3,4,4,4,36,0,5,2
2056962,3,3,3,3,4,3,3,3,3,3,3,3,3,3,3,3,4,4,3,3,3,3,3,3,3,3,2,37,0,4,2
2096746,1,2,1,1,2,5,5,3,3,3,4,2,3,5,3,3,3,2,2,4,2,2,2,3,2,3,2,35,0,5,2
2105488,2,2,2,2,2,3,3,3,3,3,4,4,3,4,3,3,2,2,2,2,3,3,3,4,2,4,2,38,1,10,2
2119231,1,2,2,1,1,3,2,2,2,3,4,3,4,4,1,1,1,1,4,4,2,4,2,2,1,1,2,37,1,3,2
2147719,3,3,3,3,3,3,3,3,3,3,4,3,3,4,3,3,3,3,2,4,3,4,4,4,3,4,2,63,0,6,2
2166490,1,1,3,1,1,3,3,3,3,3,4,4,4,3,1,1,2,1,3,3,4,4,4,2,2,4,1,37,1,4,2
2170364,3,3,3,1,1,4,4,4,4,4,4,4,4,4,4,2,2,2,4,2,4,4,3,4,2,4,2,55,1,22,1
2171798,2,2,2,2,2,3,3,2,2,2,3,3,4,3,3,2,2,2,3,3,3,4,3,3,2,2,2,35,0,6,2
2182089,1,3,1,1,1,5,5,3,1,1,5,4,4,5,1,1,1,1,3,4,4,1,1,4,4,4,1,30,0,5,2
2182339,2,2,2,2,2,4,3,3,3,3,4,4,4,1,3,3,2,2,3,4,3,3,4,3,3,2,1,65,0,10,3
2219296,3,3,3,3,3,4,4,4,4,4,4,4,4,4,4,3,3,3,4,2,4,4,4,4,3,3,3,54,0,20,3
2220721,4,3,3,3,3,4,4,4,4,3,4,3,4,4,4,3,4,3,4,3,4,4,3,4,3,4,3,70,1,30,3
2244295,3,3,3,3,2,4,3,3,3,3,4,3,3,4,2,3,2,2,3,3,3,3,3,3,3,4,2,53,0,20,2
2249542,2,2,2,2,2,2,2,2,2,2,4,4,3,4,2,2,2,2,2,4,4,5,2,2,2,2,4,30,1,5,2
2256558,2,2,2,2,3,3,2,2,2,2,5,3,3,3,3,2,3,3,3,4,1,2,3,4,4,4,2,23,0,1,2
2272308,4,1,4,1,1,4,4,4,4,4,4,4,1,4,1,1,1,1,4,3,4,1,1,4,1,4,1,50,0,5,2
2282622,2,2,2,2,2,4,3,4,3,3,4,4,3,4,2,3,3,3,4,3,3,4,3,2,3,3,3,29,1,7,2
2291051,3,3,3,3,3,4,4,4,4,4,4,4,4,4,3,3,3,3,3,4,3,4,3,4,3,3,4,54,0,30,2
2299231,2,2,2,2,2,4,3,3,3,3,4,4,3,4,2,1,2,2,3,4,4,2,3,3,2,3,2,48,0,3,2
2299854,3,3,3,3,3,3,3,3,3,3,3,3,3,3,3,3,3,3,4,4,3,4,3,3,3,3,2,34,1,1,2
2301660,2,2,2,2,1,4,2,2,4,2,4,2,2,1,2,2,2,2,4,2,1,2,2,2,1,2,1,37,0,2,2
2306370,3,3,3,3,3,4,4,4,3,3,4,4,4,4,2,2,3,3,3,3,3,5,2,4,3,5,2,57,0,10,2
2309374,2,2,2,2,2,4,4,4,4,4,4,4,4,4,2,2,2,2,3,4,3,4,3,3,2,3,2,41,0,5,2
2319329,3,3,3,3,2,4,2,2,2,2,4,4,2,4,2,2,2,2,2,4,2,4,2,3,3,2,2,40,0,5,2
2321665,3,3,3,3,3,3,3,3,3,3,3,3,3,3,3,3,4,3,3,3,3,3,3,3,3,3,3,35,0,5,2
2332138,3,3,3,3,3,4,3,3,3,3,4,3,3,4,2,1,4,3,2,4,4,3,3,3,3,3,3,64,1,2,2
2347564,2,4,2,2,2,4,4,2,2,2,2,2,2,2,2,2,2,2,2,2,2,2,2,2,2,2,2,31,0,5,2
2347573,2,2,2,2,2,2,4,2,2,2,4,3,3,4,3,2,2,2,3,3,3,3,3,3,4,2,3,43,1,10,2
2365366,4,3,3,3,3,4,4,4,4,4,4,4,3,3,3,3,3,3,4,3,3,3,3,4,3,3,3,47,0,20,1
2381877,3,3,3,3,3,3,3,3,3,3,4,3,3,3,3,3,3,3,3,3,2,4,3,3,3,4,2,44,1,10,1
2390622,4,4,4,4,4,2,2,1,1,1,4,1,4,1,1,1,4,3,3,3,3,1,4,3,1,3,1,44,0,5,2
2392715,4,3,3,3,3,4,4,4,4,3,4,4,4,4,4,4,3,3,3,2,4,4,3,4,3,4,4,61,0,1,2
2405764,1,1,1,1,1,3,4,3,2,2,4,4,2,1,1,1,1,2,2,3,3,4,2,2,1,3,1,33,1,1,2
2427998,2,2,2,2,1,3,4,4,4,4,3,3,3,4,3,2,1,1,4,2,3,2,3,3,2,3,2,44,0,6,2
2432815,3,2,2,2,2,4,4,4,4,4,4,4,3,4,3,3,3,3,4,3,4,3,3,4,2,2,2,39,1,0,2
2440614,3,2,2,2,2,3,3,3,2,2,4,4,3,4,2,2,2,2,2,3,2,4,3,2,3,2,1,37,0,4,2
2440678,4,3,3,3,3,3,3,3,3,3,3,3,3,3,4,3,3,3,3,3,3,4,3,4,3,3,3,37,0,1,2
2489640,3,3,3,3,3,3,4,3,3,3,4,4,3,4,3,3,4,3,3,2,4,3,3,3,3,3,3,35,1,7,3
2509360,2,3,3,3,3,3,3,3,4,2,4,4,3,3,3,4,3,3,4,2,4,4,3,4,3,4,2,41,1,3,1
2520736,3,3,3,3,3,3,3,3,3,3,3,3,3,1,3,3,3,3,3,3,3,3,3,3,3,3,1,33,0,5,2
2534137,4,4,2,2,4,4,5,2,4,4,5,2,4,5,2,2,2,2,2,4,2,4,2,2,4,4,1,43,0,5,2
2553069,3,3,3,3,3,3,3,3,3,3,4,4,3,3,3,3,3,3,3,3,3,4,3,3,3,3,3,29,1,0,2
2570025,2,2,2,2,2,4,3,4,3,3,4,4,4,4,4,1,4,4,4,2,4,4,4,4,2,4,3,39,1,6,2
2579584,3,2,2,2,2,2,2,2,2,3,4,4,4,2,2,2,2,2,3,4,4,4,4,4,2,2,2,33,0,2,2
2613691,3,3,3,3,3,4,4,4,4,4,4,4,4,4,1,1,2,2,4,3,4,2,3,3,3,4,2,73,0,10,2
2616493,4,4,4,4,4,3,3,3,3,3,4,4,4,3,2,2,3,3,3,3,4,4,3,3,3,3,1,37,1,4,2
2669031,2,3,2,2,2,4,4,4,4,4,5,4,4,4,3,2,2,2,3,2,2,1,1,4,2,4,2,45,0,2,2
2680625,3,3,3,3,3,3,3,4,3,3,4,3,4,4,3,3,3,3,3,3,3,3,3,4,3,3,3,31,1,2,2
2682925,4,4,4,4,4,4,4,4,4,3,4,4,4,3,2,2,4,4,4,2,3,4,4,4,4,4,3,45,1,3,3
2688059,2,2,1,1,1,4,4,3,3,3,3,2,3,3,2,1,2,2,2,4,2,2,3,2,1,4,2,57,0,3,2
2705612,3,3,3,3,3,3,3,3,3,3,4,3,3,3,4,4,3,3,3,3,4,3,3,4,3,4,2,47,1,10,1
2729677,2,2,1,1,2,4,4,4,4,4,4,4,4,4,2,2,2,2,3,2,4,4,4,4,2,2,3,33,1,10,2
2732817,4,4,4,4,4,4,4,4,4,4,4,4,4,4,4,4,4,4,4,4,4,4,4,4,4,4,4,39,0,10,3
2732968,3,3,3,3,3,3,3,3,3,3,3,3,3,3,3,3,3,3,4,3,3,3,3,3,3,3,3,53,0,5,2
2737280,3,3,3,3,3,4,4,3,3,3,4,4,3,4,3,3,3,3,3,3,3,3,3,3,3,3,3,59,0,12,2
2738533,1,1,1,1,1,4,4,3,2,2,4,3,2,4,1,1,1,1,4,4,2,2,2,4,1,4,4,38,0,5,2
2750107,3,3,3,3,3,2,2,2,3,3,4,4,4,3,2,2,3,3,4,3,4,4,3,3,3,3,2,35,1,10,2
2750250,2,2,2,2,2,4,4,3,4,4,4,4,4,4,2,2,2,2,4,2,4,4,3,3,3,3,2,27,0,4,2
2750775,3,3,3,3,3,3,3,3,3,3,4,4,4,3,3,3,3,3,3,3,4,4,3,3,3,3,3,39,0,3,2
2757300,3,3,3,3,3,2,3,3,3,3,3,3,3,2,4,4,3,3,3,3,3,3,3,3,3,3,2,61,0,20,1
2769912,4,4,4,4,4,3,4,3,4,4,4,4,3,3,4,4,4,4,4,3,4,3,3,3,3,4,3,39,1,8,1
2771895,3,4,3,3,3,4,4,4,4,5,5,4,4,4,3,1,1,1,4,2,2,5,3,4,2,4,1,35,1,8,2
2801758,2,2,2,2,1,4,4,2,4,4,5,5,4,4,2,2,1,1,4,2,5,5,4,3,1,2,2,42,0,5,2
2809816,3,3,3,3,3,3,3,3,3,3,4,3,3,3,3,2,3,3,2,4,3,4,3,3,3,3,2,54,0,10,2
2810245,2,2,3,2,2,4,4,3,3,3,4,4,3,4,3,2,2,2,3,3,3,5,3,3,2,1,2,37,0,4,2
2822616,1,1,1,1,1,1,4,1,1,1,3,3,3,1,3,1,1,1,3,3,3,3,3,3,3,2,1,29,1,10,3
2837173,1,1,1,1,1,1,1,1,4,4,4,3,4,1,3,3,1,1,4,3,3,3,3,3,1,1,1,44,0,20,2
2841903,3,3,3,3,3,3,3,3,3,3,4,3,3,3,3,3,3,3,3,3,4,4,3,3,3,3,3,49,0,2,2
2870861,2,2,2,2,2,4,4,4,4,4,4,4,3,4,3,1,3,2,3,3,2,4,1,3,3,3,1,44,1,1,2
2870865,4,2,1,1,1,4,4,4,2,2,4,4,4,4,4,4,2,2,3,4,4,5,2,3,4,3,4,39,1,4,3
2875303,4,4,4,4,4,4,4,4,4,4,4,4,4,4,2,4,2,4,5,4,4,4,4,4,4,4,2,32,0,4,2
2889052,3,3,2,2,2,3,3,3,3,3,2,2,2,2,4,4,2,2,2,2,2,2,3,3,2,2,4,56,1,3,1
2904874,3,3,4,3,3,4,4,3,4,4,4,3,4,4,2,2,2,2,3,3,3,2,4,3,2,2,2,63,1,10,2
2908225,4,3,3,3,3,3,3,3,3,3,4,4,2,3,3,3,3,3,4,3,4,4,3,3,3,3,2,40,1,5,2
2913913,4,4,4,2,3,4,3,3,3,3,4,4,3,4,5,3,3,3,2,2,4,4,3,4,3,5,2,44,1,10,3
2918712,2,2,2,2,2,2,2,2,2,2,2,2,2,2,2,2,2,2,2,2,2,2,2,2,2,2,2,33,1,4,2
3000135,2,2,2,2,2,4,4,4,2,2,2,2,2,4,2,2,4,4,2,4,2,5,2,2,2,4,2,29,1,5,2
3001552,1,1,1,1,1,4,4,4,4,4,3,3,3,4,3,3,4,4,4,3,3,4,3,3,1,3,3,39,1,10,1
3002198,3,3,3,3,3,3,3,3,3,3,4,4,3,3,3,3,3,3,3,3,3,4,3,3,3,3,3,29,0,4,2
3006810,3,4,3,3,3,3,3,3,3,3,4,4,4,3,3,3,3,3,4,3,4,4,4,4,3,3,3,32,0,3,2
3007624,3,2,2,3,3,4,4,4,4,4,4,5,3,4,3,3,4,4,4,2,5,4,1,3,3,4,2,31,0,4,2
3008214,3,3,3,3,3,3,3,3,3,3,3,3,3,3,2,1,1,1,3,3,3,3,3,3,2,3,2,30,0,3,2
3008699,3,3,3,3,3,3,3,3,3,3,3,3,3,3,3,3,3,3,3,4,3,3,3,3,3,3,3,33,0,5,2
3008829,3,3,3,3,3,4,4,3,4,4,5,4,5,4,3,4,3,3,3,2,3,4,5,3,3,4,1,68,0,30,1
3009133,2,2,2,2,2,4,4,4,4,3,3,3,3,2,3,3,2,2,3,1,3,4,3,3,3,2,1,37,1,4,1
3009732,3,3,3,3,3,3,3,3,4,4,4,3,4,3,3,3,3,3,3,3,4,1,3,3,3,4,3,38,1,10,1
3009750,2,2,2,2,2,4,3,3,4,4,4,4,4,3,4,3,2,2,2,2,3,5,4,3,2,4,2,44,1,7,1
3009778,3,3,3,3,3,4,4,4,4,4,4,4,5,4,3,3,4,4,4,2,4,5,4,4,3,4,2,59,0,5,1
3009889,3,3,3,3,3,3,3,3,3,3,3,3,3,3,3,3,3,3,4,3,3,3,3,3,3,4,3,35,0,6,2
3010311,2,2,2,2,2,2,4,2,2,2,2,2,2,2,2,2,2,2,2,2,2,2,2,2,2,2,2,38,0,3,2
3010316,3,3,3,3,3,2,3,3,3,2,2,2,4,3,3,4,5,5,2,2,2,4,3,3,3,3,1,54,1,3,2
3010329,2,2,2,2,2,2,2,2,2,2,3,4,2,2,2,2,2,2,2,2,3,4,2,2,3,2,4,55,0,32,2
3010917,2,2,2,1,3,2,2,2,2,2,3,3,3,3,3,2,1,1,2,1,2,3,3,3,1,2,2,67,0,4,2
3011036,4,1,1,1,3,4,4,4,4,4,4,3,4,4,1,1,3,3,3,4,4,4,3,4,2,2,2,37,1,3,2
3011121,2,2,2,2,2,4,4,3,4,3,4,3,2,3,2,2,2,2,3,3,3,2,2,2,2,2,3,56,1,15,3
3012665,3,2,2,2,2,4,4,3,4,4,4,4,4,4,3,2,3,3,2,3,4,3,2,3,3,4,2,31,0,5,2
3013357,3,3,3,3,3,3,3,3,3,3,4,4,3,4,3,3,3,3,2,4,4,4,3,3,3,3,1,37,1,5,3
3014403,3,3,3,3,2,3,2,3,3,3,3,3,3,3,2,1,1,2,2,4,3,1,2,3,3,3,3,47,0,20,2
3016558,3,3,3,3,3,3,3,3,3,3,3,3,3,4,3,3,3,3,4,3,3,4,3,3,3,3,3,29,0,6,2
3017246,4,4,4,3,3,4,4,3,3,3,4,4,4,4,4,4,4,4,4,2,4,4,4,4,3,3,3,51,0,10,3
3017659,3,3,3,3,3,3,4,3,3,3,4,2,4,4,2,2,3,3,4,4,2,4,2,2,3,3,3,47,1,6,2
3018456,4,2,4,2,2,5,5,5,5,5,5,5,4,5,4,4,2,2,5,5,5,5,4,4,4,2,2,26,0,4,2
3018556,3,3,3,3,3,4,4,4,3,3,4,4,4,4,1,1,3,3,4,3,3,4,4,3,3,1,1,39,1,4,2
3019459,2,2,2,2,1,2,2,4,2,2,4,4,3,4,3,3,2,2,4,2,4,4,2,3,2,4,1,34,0,2,2
3019558,2,2,2,2,2,4,3,3,3,3,4,4,4,4,3,2,3,3,3,3,3,4,3,3,2,3,2,45,0,5,2
3021570,4,3,3,3,2,2,2,2,2,2,4,4,3,4,2,4,2,2,3,4,4,2,2,2,2,4,2,49,1,6,2
3022542,4,2,2,2,2,2,4,3,3,3,4,2,3,2,2,2,4,4,4,2,2,5,2,4,4,4,2,37,1,2,2
3024679,1,1,1,1,1,4,4,4,4,4,5,5,5,4,4,4,1,1,5,1,5,5,2,4,4,1,1,40,1,3,3
3024941,2,2,2,2,2,4,4,4,3,3,4,5,2,4,4,3,2,2,4,2,4,5,2,4,2,4,2,48,0,20,2
3025609,3,3,3,3,3,3,3,3,3,3,4,3,4,3,4,4,3,3,4,2,3,4,3,3,3,3,3,34,0,1,2
3025802,2,2,2,2,2,4,4,4,4,4,4,4,2,4,4,3,2,2,4,2,3,4,2,4,4,2,4,33,1,5,3
3025892,2,2,2,2,2,2,2,2,2,2,2,2,2,2,2,2,2,2,4,2,4,4,2,3,2,2,4,38,1,1,2
3026387,3,3,3,3,3,3,5,3,3,3,4,3,3,5,3,3,3,3,3,4,3,5,3,3,3,3,3,37,0,7,2
3026471,1,1,1,1,2,3,3,2,3,3,4,3,4,4,3,2,2,2,4,3,4,3,3,3,1,3,1,54,1,4,1
3026488,2,3,2,3,2,2,3,2,2,2,4,4,4,3,3,2,2,3,3,4,3,4,3,2,2,2,2,34,1,20,2
3029189,1,1,1,1,1,4,4,4,4,4,4,4,4,4,3,3,2,2,2,4,2,4,3,2,1,4,2,58,1,35,1
3034372,3,3,3,3,3,4,4,4,3,3,4,3,4,4,2,2,4,4,3,4,4,4,3,4,3,4,1,58,1,25,2
3034383,2,3,3,3,4,3,4,4,3,3,4,3,2,3,1,1,2,3,3,2,4,3,1,1,2,4,2,42,0,10,2
3035243,3,3,3,3,3,4,4,4,4,4,5,4,4,4,4,3,3,3,4,3,4,4,4,4,3,4,3,49,1,15,2
3035501,3,3,3,3,3,3,3,3,3,3,4,4,3,3,3,3,3,3,3,3,3,4,3,3,3,4,2,47,0,10,3
3036835,3,2,2,1,2,3,4,4,3,3,5,5,5,4,3,3,3,2,4,2,4,5,4,3,4,3,2,31,1,3,1
3037821,1,1,1,1,2,2,2,3,4,4,5,4,3,3,2,1,3,2,3,4,4,5,2,2,2,4,3,35,0,4,2
3038375,3,3,3,3,3,3,3,3,3,3,4,4,4,3,4,4,3,3,3,4,4,4,4,4,3,4,2,42,0,10,2
3040450,2,2,2,2,2,4,2,4,3,3,4,3,3,3,1,1,2,2,4,4,3,3,3,3,3,4,2,36,1,5,2
3042696,4,4,4,4,3,3,3,3,4,3,3,4,3,3,3,3,3,3,3,5,3,3,3,3,3,3,3,30,0,8,2
3043202,4,4,4,4,3,5,5,3,4,3,5,4,5,5,4,4,4,4,4,3,3,5,3,4,3,5,4,62,0,9,2
3047672,2,2,2,2,2,4,4,4,4,4,4,4,3,4,3,3,3,3,4,2,3,4,3,3,2,2,2,53,0,8,3
3048373,3,3,3,3,4,4,4,3,4,4,4,3,3,4,3,3,3,3,3,4,3,3,3,3,4,4,3,52,0,21,2
3048997,1,1,1,1,1,3,3,3,3,3,4,4,4,3,2,2,1,1,3,2,4,3,3,4,2,1,2,49,1,11,2
3049874,4,4,2,2,2,2,3,3,4,4,4,5,4,4,2,1,4,4,4,4,2,5,2,3,4,4,1,35,1,15,2
3051594,3,3,3,3,3,4,4,3,3,3,4,3,3,3,3,2,3,3,3,3,3,3,3,3,3,3,3,50,0,5,2
3055624,3,3,3,3,4,4,4,4,4,4,4,4,3,4,3,3,3,3,4,3,4,4,3,3,3,3,2,27,1,2,2
3055914,2,2,2,2,2,4,4,4,3,3,4,4,3,4,3,3,2,2,3,4,4,2,3,3,2,4,3,52,0,2,2
3056774,1,1,1,1,1,5,4,4,3,3,4,4,4,5,1,1,1,1,4,3,1,4,3,4,1,3,2,61,1,19,2
3057018,2,2,2,1,2,2,2,2,2,2,4,4,4,2,4,2,2,2,2,1,2,4,2,4,2,4,2,41,1,4,2
3060139,4,3,3,3,3,3,3,3,3,3,4,3,3,2,3,4,3,3,4,3,3,4,3,3,4,3,2,47,0,5,2
3062321,2,1,1,1,1,4,4,4,4,4,4,4,4,4,3,4,3,4,4,3,3,2,2,4,3,4,1,54,1,20,3
3062910,4,4,3,3,3,4,4,4,3,4,5,5,3,4,3,3,3,3,1,5,5,3,3,3,3,3,2,72,0,40,3
3064460,2,2,2,2,2,2,2,2,2,2,2,2,2,2,2,2,2,2,1,4,2,2,2,2,2,2,2,52,0,20,2
3064751,2,2,2,2,2,3,3,3,3,3,3,3,2,3,2,2,2,2,3,3,3,3,2,3,3,3,3,37,0,2,2
3064937,1,1,1,1,3,4,4,4,3,3,5,3,3,4,1,1,1,1,4,3,4,1,3,4,2,3,1,62,0,7,2
3066546,4,4,4,4,2,4,5,5,5,5,5,5,4,5,4,4,2,2,4,4,5,5,4,4,4,5,2,25,0,0,2
3067086,1,1,1,1,1,4,4,3,2,2,4,2,2,2,4,1,2,2,2,4,2,3,2,2,1,1,2,46,0,1,2
3067541,2,2,2,2,3,3,3,3,3,3,5,3,4,4,3,2,2,3,3,5,3,4,4,2,3,4,3,35,0,5,2
3073768,4,4,4,4,4,4,4,4,4,4,4,4,4,4,3,3,4,4,3,3,3,4,3,4,4,4,3,32,1,5,1
3077249,3,3,4,3,3,3,3,3,3,3,3,3,3,3,3,3,3,3,3,3,3,3,3,3,3,3,3,30,1,2,2
3078708,3,3,3,3,3,4,3,3,4,4,3,4,4,4,4,4,3,3,4,2,3,4,3,3,3,3,2,34,0,3,3
3078904,3,3,3,3,3,3,3,3,3,3,5,4,4,3,3,3,3,3,2,4,4,4,2,3,3,4,2,33,0,3,2
3079553,3,2,2,2,2,3,3,3,3,3,4,4,4,4,4,4,2,2,3,3,4,3,3,4,3,2,3,38,1,10,1
3081344,4,4,2,1,2,3,3,3,3,3,4,4,3,3,1,1,3,2,3,4,2,4,2,3,3,3,1,48,1,5,2
3081533,3,3,3,3,3,3,3,2,3,4,5,3,3,4,2,2,4,2,3,5,3,5,3,4,3,4,1,58,1,12,2
3082703,2,2,2,2,2,4,4,3,3,3,4,4,4,4,3,2,2,2,3,4,4,4,3,3,2,4,3,44,0,2,2
3083384,3,3,3,3,3,3,4,3,4,4,4,3,3,4,2,2,4,4,4,4,3,4,2,2,2,4,3,25,0,6,2
3084503,3,3,3,3,3,3,3,3,3,3,4,4,3,3,3,3,2,2,4,2,3,4,3,3,3,4,4,38,0,14,2
3084672,2,2,2,2,2,4,4,3,3,4,3,3,3,2,1,1,2,2,3,3,3,1,2,3,2,2,2,36,0,6,2
3085056,1,1,1,1,1,4,3,4,4,4,4,2,4,4,3,2,3,3,4,4,4,2,2,4,3,4,2,53,0,25,2
3086582,3,3,3,1,1,4,3,3,3,3,4,4,3,4,4,4,4,4,3,4,4,4,1,3,3,4,2,61,0,25,1
3086867,2,2,2,2,2,3,3,3,3,3,4,3,4,4,3,2,2,2,4,2,3,2,3,3,3,2,1,36,1,4,3
3088244,2,2,2,2,2,2,2,2,2,2,2,2,2,2,2,2,2,2,4,2,2,4,2,2,2,2,2,42,0,6,2
3092568,2,2,2,2,2,3,3,3,2,2,4,2,3,3,2,4,2,2,4,3,2,4,2,2,3,2,1,37,1,3,2
3093191,2,2,2,2,3,4,4,4,4,4,4,4,4,3,3,3,3,3,3,3,4,4,3,3,3,3,3,31,0,6,2
3093335,3,3,3,3,3,3,3,3,3,3,4,3,3,3,3,3,3,3,3,3,3,3,3,3,3,3,3,32,0,0,2
3094620,1,1,1,1,1,3,3,3,3,3,4,2,2,3,3,3,3,3,4,2,3,2,4,3,2,4,2,35,1,1,2
3095015,2,2,2,2,2,3,3,3,3,3,4,3,3,3,3,2,2,2,3,4,4,2,3,3,2,2,3,54,0,9,2
3096879,2,1,1,1,1,4,3,3,4,4,4,4,4,3,3,3,1,1,2,4,4,4,4,2,2,2,1,53,0,15,3
3099162,2,2,2,2,2,3,3,4,3,3,4,4,4,4,3,2,2,2,4,3,3,2,2,3,2,2,2,50,0,10,2
3099323,3,3,3,3,3,4,4,4,4,4,4,4,4,4,3,2,2,2,4,2,3,4,4,4,3,4,3,45,1,1,2
3099383,3,3,3,3,3,4,4,4,4,4,5,5,4,4,3,3,3,3,3,4,5,5,4,4,3,4,4,47,1,10,2
3104679,1,1,1,1,1,4,4,2,4,2,3,4,2,4,2,1,1,1,2,4,2,5,2,3,4,1,1,40,0,12,2
3104761,2,2,2,2,3,3,3,3,3,3,4,4,4,3,4,4,1,1,3,2,4,4,3,4,3,3,3,61,1,10,1
3106086,2,2,2,2,2,2,2,3,3,2,3,3,3,4,2,2,2,2,4,2,3,3,3,4,2,2,2,54,1,20,1
3106479,3,3,3,3,3,5,5,5,5,5,5,3,4,5,4,3,4,3,5,5,5,5,3,4,4,4,2,58,1,3,2
3106905,3,1,1,1,1,2,3,2,2,2,3,4,3,3,1,1,1,1,4,4,2,4,2,2,1,1,1,38,0,2,2
3107199,2,2,2,1,1,2,2,2,2,2,4,4,5,2,1,1,3,2,3,4,2,4,4,3,3,4,2,33,0,10,2
3111223,3,3,3,3,3,4,3,3,3,3,4,5,4,5,4,3,3,3,2,4,4,4,4,4,3,3,3,62,0,15,3
3113975,3,4,4,4,4,4,4,4,4,4,4,4,3,4,3,4,5,4,4,3,4,3,4,4,4,4,5,36,0,6,2
3119155,3,3,3,3,3,4,3,3,4,3,3,3,3,4,4,4,3,3,4,2,3,3,3,4,3,3,3,36,1,3,1
3120488,3,3,3,3,3,4,3,4,3,3,4,4,4,3,3,1,3,3,4,4,4,4,3,4,2,3,2,35,0,12,2
3121110,3,3,3,3,3,3,3,3,3,3,3,3,3,3,3,3,3,3,3,4,3,4,3,3,3,4,3,52,0,10,2
3124307,3,3,3,3,3,3,3,3,3,3,3,3,3,3,3,3,3,3,3,3,3,3,3,3,3,3,4,34,0,0,3
3125722,3,3,3,3,3,4,4,4,4,4,4,3,4,4,3,3,4,4,3,3,3,3,3,3,4,3,1,48,0,10,2
3126887,2,3,2,2,2,4,4,3,3,3,3,2,4,4,3,2,2,2,4,4,2,4,3,3,2,3,2,37,0,1,2
3128404,1,1,1,1,1,1,1,1,1,1,1,1,1,1,1,1,1,1,1,1,1,1,1,1,1,1,1,45,0,9,2
3128642,3,3,3,3,3,3,3,3,3,3,3,3,3,3,3,3,3,3,3,2,3,3,3,3,3,3,2,61,1,10,1
3139356,1,1,1,1,1,1,1,1,1,1,3,3,5,1,1,1,1,1,3,4,3,4,5,2,1,1,1,38,0,3,2
3139883,1,4,4,2,4,4,4,3,3,3,2,2,4,3,1,1,1,1,3,2,2,3,2,3,2,4,3,48,0,2,2
3142715,3,3,3,3,2,4,4,4,4,4,4,4,4,4,3,3,2,2,2,4,4,4,2,3,2,2,4,51,1,3,2
3143079,2,2,2,2,2,4,4,3,3,3,3,4,4,4,4,2,2,2,3,3,4,4,4,3,2,3,4,52,1,28,2
3144586,4,3,4,4,4,4,3,3,3,3,4,4,4,4,3,3,1,1,2,4,2,4,3,4,2,4,3,43,0,9,2
3146777,1,1,1,1,1,1,1,1,1,1,5,5,5,4,1,1,1,1,3,3,3,1,1,3,1,4,1,24,0,3,2
3148030,2,2,2,2,2,4,2,2,2,2,4,4,2,4,3,3,3,3,3,2,2,4,2,2,3,2,2,39,0,9,2
3148085,2,2,2,2,2,4,4,3,3,3,4,4,4,4,3,2,2,2,3,3,4,4,3,3,2,4,2,29,0,9,2
3148425,1,1,2,2,2,4,4,3,3,3,4,4,4,4,2,2,3,3,3,1,3,4,4,3,2,3,3,52,1,2,2
3148799,3,3,4,3,3,4,5,3,4,5,4,4,4,4,4,3,4,3,4,3,3,5,4,4,4,4,2,30,1,1,2
3148955,4,4,3,3,3,3,3,3,3,3,4,4,4,3,3,3,3,3,3,3,4,4,3,3,3,4,2,22,0,3,2
3149295,1,2,2,3,3,4,4,3,3,3,4,4,4,4,2,2,3,3,3,3,3,4,3,2,1,3,1,52,0,20,2
3152334,3,3,3,3,3,4,4,4,4,4,3,4,4,4,2,3,3,3,4,2,3,3,3,3,3,3,2,38,0,3,2
3153601,3,3,3,3,3,2,2,2,2,2,4,4,4,2,3,3,3,3,2,4,4,3,3,3,3,4,2,46,0,20,3
3153654,4,4,3,3,4,4,4,4,4,4,3,3,3,4,4,4,4,4,4,4,3,3,3,3,3,4,4,50,1,3,1
3155528,4,4,4,4,4,4,4,4,4,4,5,5,4,4,4,3,4,3,4,2,5,5,3,4,4,4,3,40,1,3,3
3155871,3,2,2,2,1,3,4,3,4,4,4,3,3,4,4,4,3,3,3,3,4,3,4,3,3,3,3,79,0,7,1
3156591,1,1,1,1,1,4,4,4,4,4,4,2,4,4,1,1,1,1,3,4,2,2,2,4,1,4,2,40,0,2,2
3156641,3,2,2,4,3,4,4,3,3,3,4,2,2,3,2,2,2,2,2,4,2,4,2,4,2,4,2,36,1,1,2
3156888,1,1,1,1,1,1,1,1,1,1,1,4,4,2,1,1,1,1,3,1,1,4,1,3,1,1,1,34,1,12,1
3157083,1,1,2,1,2,4,3,3,5,5,5,4,5,5,3,3,3,3,4,3,3,2,3,4,2,4,2,44,1,10,2
3157214,2,2,2,2,2,4,4,4,4,4,4,4,2,4,3,2,2,2,4,2,2,3,2,3,2,3,2,61,0,5,2
3157303,2,2,3,2,2,3,3,3,3,3,4,4,4,4,3,3,2,2,4,3,4,4,3,3,2,2,2,48,0,5,2
3158338,3,3,3,3,3,2,2,2,2,2,3,3,3,2,3,3,3,3,3,3,3,3,3,3,3,3,2,49,1,4,2
3158433,1,1,1,1,1,1,1,3,3,3,4,2,4,4,1,1,1,1,3,4,4,2,1,1,4,1,1,64,0,12,2
3158806,2,2,2,2,2,4,2,3,3,3,5,4,4,4,3,3,2,2,4,3,4,3,4,3,2,4,3,37,1,5,2
3159180,3,3,3,3,2,4,4,4,4,4,4,4,4,4,3,3,2,2,4,3,4,4,2,3,2,2,2,31,0,1,2
3161209,4,2,2,2,3,4,2,4,4,4,4,4,4,4,2,2,3,3,3,4,3,4,4,4,3,4,2,50,1,3,2
3161895,3,3,3,3,3,3,4,3,4,4,5,3,4,3,3,3,3,3,4,3,3,3,3,3,3,5,3,36,0,6,2
3163659,3,2,2,2,2,4,4,3,3,3,2,4,3,4,3,2,2,2,3,2,3,3,3,3,2,3,2,67,0,16,2
3167258,2,2,2,2,2,4,4,4,4,4,3,4,4,4,3,2,2,2,4,4,4,4,3,4,2,2,3,69,0,17,2
3167651,4,4,4,4,3,3,3,3,3,3,3,4,4,3,3,4,4,4,4,4,3,4,4,3,4,4,3,37,1,0,2
3169553,3,2,2,2,2,4,3,2,2,2,4,3,3,4,3,3,1,1,4,3,2,3,3,3,1,1,2,55,0,10,2
3170007,3,3,3,3,2,4,4,4,4,4,4,4,4,4,4,3,2,2,3,4,4,4,3,4,3,3,2,58,0,1,2
3171002,2,2,2,2,2,3,4,3,3,3,4,4,2,3,3,2,1,1,2,4,4,3,2,3,2,2,1,54,0,15,3
3172272,3,3,3,3,3,4,3,3,4,4,4,4,4,4,3,3,5,5,4,2,2,4,3,3,3,3,2,33,1,3,1
3173715,4,3,3,3,3,4,3,3,4,2,5,5,4,4,3,3,3,3,3,4,3,4,3,3,3,1,1,46,1,23,1
3174623,1,1,1,1,1,2,3,3,1,3,4,3,3,3,2,1,1,1,3,1,4,1,1,1,1,4,2,50,0,2,2
3175024,3,3,3,3,3,4,4,4,4,4,4,4,4,4,3,4,3,3,3,2,2,4,3,4,3,4,2,39,1,4,2
3175860,3,4,3,3,3,3,3,3,3,3,3,3,3,3,3,3,3,3,3,3,3,3,3,3,3,3,3,31,0,3,2
3180111,1,1,1,1,1,4,4,4,4,5,5,5,4,4,5,5,3,3,4,4,5,5,4,4,1,4,1,42,0,1,1
3180537,3,3,3,3,3,3,3,3,3,3,3,4,3,3,3,3,3,3,4,3,3,3,3,3,3,3,3,34,0,6,1
3182215,4,3,3,3,3,4,4,3,3,3,5,4,4,4,3,3,3,3,3,4,4,4,2,4,4,4,3,33,0,5,2
3183611,3,2,2,3,3,4,4,4,4,4,4,3,4,4,3,3,3,3,4,3,4,4,3,4,3,4,2,52,0,3,2
3192079,4,3,3,3,3,4,4,3,4,4,4,1,4,3,3,4,3,1,3,5,4,1,2,3,3,4,1,41,0,16,2
3193933,1,1,1,1,1,4,4,4,5,4,3,4,3,4,3,1,2,1,3,3,4,4,3,4,1,4,3,39,0,5,2
3195714,3,3,3,3,3,4,4,4,4,2,4,2,3,4,3,3,4,4,4,3,3,4,3,3,4,2,1,35,1,3,2
3195819,2,3,3,2,3,3,4,3,3,2,3,4,3,3,4,3,3,4,3,2,3,3,3,3,3,3,2,44,0,5,2
3196414,3,3,3,3,3,3,3,3,3,3,4,3,4,3,3,3,3,3,4,2,3,4,3,3,3,3,3,34,0,4,2
3197677,3,3,3,3,3,3,3,3,3,3,4,3,3,4,3,3,3,3,3,3,3,3,3,3,3,4,3,37,1,2,3
3200394,2,2,2,2,2,2,2,2,3,3,3,4,4,2,2,2,2,2,2,4,2,4,3,2,2,2,1,32,0,5,2
3201968,1,1,1,1,1,5,5,3,4,4,4,3,4,3,1,1,1,1,3,4,3,3,3,2,1,3,1,32,0,5,2
3203339,3,3,3,3,3,3,3,3,3,3,3,3,3,3,3,3,3,3,3,3,3,4,3,3,3,3,3,36,1,16,2
3203428,3,3,3,3,3,4,4,4,4,3,4,2,4,4,2,3,3,3,4,2,3,4,3,3,3,4,3,38,0,3,2
3203434,4,2,4,4,3,4,4,4,4,4,4,3,3,4,2,2,3,3,4,4,4,3,2,3,4,4,2,50,0,5,2
3204513,3,3,4,2,3,4,4,3,3,4,4,3,4,4,3,3,2,2,3,4,3,2,2,3,2,4,2,45,0,15,2
3205122,1,1,1,1,1,2,2,3,3,3,4,4,3,4,1,1,4,4,2,4,4,4,1,4,4,4,2,40,1,3,2
3206371,1,1,1,1,1,4,4,4,2,2,4,4,2,4,3,3,2,2,4,1,2,3,1,4,2,2,2,59,0,10,2
3207272,4,3,3,3,3,4,4,4,3,3,4,4,4,3,2,3,1,1,4,4,2,3,3,3,1,3,2,66,0,10,2
3208072,2,2,2,2,2,4,4,4,4,4,4,4,4,4,4,3,2,2,3,4,4,4,4,3,3,4,4,32,0,3,2
3208498,1,1,1,1,3,4,4,4,4,4,4,3,4,4,1,1,3,3,4,3,3,3,3,4,3,3,1,33,1,3,2
3210364,3,3,3,3,3,4,4,4,3,3,3,4,3,3,3,3,3,3,4,4,4,4,3,3,3,3,3,32,1,3,3
3210511,4,3,3,4,3,4,3,4,3,3,4,4,3,4,3,4,4,4,4,2,3,3,4,3,3,4,3,48,0,18,1
3210739,3,3,3,3,3,3,3,3,3,3,3,3,4,3,3,3,3,3,3,3,3,3,3,3,3,3,3,37,0,4,2
3216270,2,1,1,1,1,4,4,3,3,3,4,2,4,3,2,1,1,1,3,4,1,3,3,3,1,1,1,59,0,15,2
3217482,3,2,2,2,3,3,3,3,3,3,3,3,3,3,3,3,3,3,3,3,3,3,3,3,3,3,3,27,0,1,2
3219098,3,3,3,3,3,4,4,4,3,3,5,5,5,4,3,3,3,3,3,3,4,4,3,3,3,3,3,40,0,3,2
3219342,3,3,3,3,3,3,3,3,3,3,4,4,3,3,3,3,3,3,3,3,4,3,3,3,3,3,3,56,0,5,2
3220843,1,2,2,2,2,3,3,3,3,3,3,3,3,3,2,3,2,2,3,2,3,3,3,3,2,3,2,54,1,2,1
3223613,3,3,2,3,3,3,3,3,3,3,3,4,4,4,3,3,3,3,4,4,3,3,2,3,4,4,4,31,0,1,2
3225322,3,3,3,2,3,4,4,3,3,3,4,3,4,4,4,2,2,3,3,3,3,4,4,4,3,3,3,33,0,3,2
3225386,2,2,2,2,2,2,2,2,2,2,2,2,2,2,2,2,2,2,4,3,2,2,2,2,2,2,2,34,0,4,1
3228598,2,2,2,2,2,2,2,2,2,2,3,3,3,2,3,2,2,2,3,3,3,3,3,3,2,2,2,57,0,20,2
3230428,1,1,1,1,1,1,1,1,1,1,1,1,1,1,1,1,1,1,1,1,1,1,1,1,1,1,1,54,1,2,1
3230779,1,1,4,1,4,3,3,3,3,3,4,3,2,3,1,1,3,3,3,4,2,4,2,4,4,4,4,36,0,5,2
3233552,3,3,3,3,4,3,3,3,3,3,4,3,3,3,3,3,3,3,3,3,3,3,3,3,3,4,3,39,1,4,1
3233908,1,1,1,1,1,4,3,3,3,3,3,3,2,4,3,1,1,1,2,1,3,3,2,3,3,3,2,41,0,13,3
3237727,3,3,3,3,3,3,3,3,3,3,3,3,3,4,3,3,3,3,4,3,3,3,3,3,3,3,4,38,0,10,2
3237818,4,2,4,4,4,4,5,2,2,2,5,4,4,4,1,1,4,4,4,4,3,3,4,4,4,1,1,30,1,5,2
3242432,3,3,2,2,3,4,4,3,3,3,4,4,4,4,4,4,3,3,3,4,4,4,2,4,4,3,3,40,0,10,2
3244440,1,1,1,1,1,1,3,1,2,2,4,2,4,3,2,1,3,1,4,3,3,5,2,2,1,1,1,34,0,3,2
3244754,2,2,2,2,3,4,3,3,3,3,4,3,3,4,3,2,4,3,2,2,4,4,3,3,2,4,2,36,1,3,3
3245094,3,2,3,1,1,1,1,1,1,1,1,1,1,1,3,4,1,1,4,1,1,1,1,1,1,1,1,35,1,13,3
3245163,4,1,2,2,1,4,3,3,2,2,5,4,4,3,3,4,2,2,2,4,1,3,2,4,3,2,2,46,0,6,1
3245672,4,4,4,4,4,4,4,3,4,4,4,4,4,3,4,3,1,1,2,2,3,3,3,4,3,4,3,61,0,0,1
3245744,4,4,4,4,4,4,4,4,4,4,4,4,4,4,4,4,3,3,4,4,4,4,4,4,3,4,2,44,0,0,2
3248687,3,3,3,3,3,3,3,4,3,3,3,3,3,3,3,3,3,3,3,3,3,3,3,3,3,3,3,41,0,5,2
3249197,3,3,3,3,3,3,4,4,4,4,4,3,2,4,3,2,3,3,4,2,4,4,3,3,3,3,3,37,1,3,3
3249371,4,4,2,3,3,4,4,4,4,4,4,3,4,4,4,3,3,3,2,4,2,3,4,4,3,3,2,41,0,3,2
3249492,4,1,2,1,1,4,4,4,4,4,4,4,4,4,3,3,1,1,4,2,4,4,1,3,2,4,2,34,0,2,2
3254966,4,4,2,2,4,4,4,4,4,4,4,4,4,4,3,3,3,3,4,2,4,4,2,4,3,4,2,61,1,10,1
3255200,2,2,2,2,2,4,4,4,4,4,4,4,4,4,3,3,2,2,4,2,4,4,4,4,2,2,3,47,1,27,1
3255877,3,3,3,3,3,3,3,3,3,3,4,4,3,3,3,3,3,3,3,3,3,4,3,3,3,3,3,37,1,8,1
3256098,1,1,1,1,1,2,2,2,2,2,4,4,4,3,2,2,2,2,2,2,3,4,4,2,4,4,1,44,0,3,3
3259724,2,2,2,2,2,3,3,4,4,3,4,3,4,4,2,2,2,2,4,2,3,3,3,4,2,3,2,62,0,10,3
3260781,1,1,1,1,1,3,3,3,2,2,4,4,4,2,5,5,2,2,4,3,4,4,4,3,2,3,2,34,1,10,1
3263375,3,3,3,1,1,2,2,2,3,3,4,3,2,3,1,1,1,1,2,3,2,1,1,2,2,3,2,49,0,5,2
3266688,3,3,3,2,3,4,4,4,4,4,4,4,4,4,3,2,3,3,2,2,4,4,3,3,2,3,2,43,1,10,2
3269211,3,3,3,3,3,4,4,4,4,4,5,5,5,5,5,4,4,4,3,4,3,5,2,4,4,4,2,52,0,17,3
3269613,3,3,3,3,3,3,3,3,3,3,3,3,3,3,3,2,3,3,4,5,3,3,3,3,3,4,3,47,0,25,2
3273841,4,4,4,4,4,4,4,4,4,4,4,4,4,4,4,3,3,4,3,2,4,4,4,4,4,4,2,30,1,3,1
3275063,2,2,2,2,2,2,2,2,2,2,4,4,2,2,2,2,2,2,3,4,4,4,2,2,2,3,1,41,1,20,2
3275397,1,1,1,1,1,4,3,4,4,2,4,5,3,4,2,1,2,2,4,2,3,4,3,3,2,3,3,51,0,5,2
3277663,2,2,2,2,2,4,4,4,4,4,3,3,3,4,3,4,5,5,5,3,5,3,3,4,3,3,4,39,1,2,1
3277866,3,3,3,3,3,3,3,3,3,3,4,4,3,3,3,3,3,3,3,3,3,3,3,3,3,3,3,30,0,5,2
3281473,3,3,3,3,3,3,3,3,3,3,3,3,3,3,3,3,3,3,3,4,3,4,3,3,3,3,2,39,1,10,3
3285059,1,1,1,1,1,1,3,3,1,1,2,1,1,1,1,1,1,1,3,4,2,1,1,2,1,4,1,41,1,4,2
3287047,3,3,3,3,3,3,3,3,3,3,4,4,3,3,3,3,3,3,3,4,4,3,3,3,3,3,3,39,0,5,3
3288407,2,2,2,2,2,3,2,2,3,3,3,2,4,3,2,2,2,2,3,4,2,2,4,3,2,2,2,75,0,20,2
3289153,3,3,3,3,3,4,4,4,3,3,4,3,4,4,4,3,2,2,3,4,4,4,2,4,3,3,3,29,0,6,2
3291480,1,1,1,1,1,3,4,3,4,4,5,4,4,4,1,2,1,1,4,3,3,4,4,3,4,5,2,36,0,5,3
3293388,3,3,3,3,3,3,3,3,3,4,3,3,3,3,3,3,4,4,3,2,3,2,3,3,3,4,1,63,1,4,1
3294856,3,3,3,3,3,3,3,3,3,3,3,3,3,3,3,4,3,3,4,2,3,3,3,3,3,4,1,30,1,5,2
3299187,3,3,3,3,3,3,3,3,3,3,4,4,3,4,3,3,3,3,3,4,4,4,3,3,4,3,2,33,0,9,3
3299564,2,2,2,1,1,2,2,2,2,2,4,4,4,2,2,2,1,1,3,3,4,2,2,2,2,3,4,34,0,2,3
3303442,4,4,5,5,4,4,4,4,3,3,4,3,1,4,3,3,3,2,4,2,4,1,3,3,5,4,4,44,1,10,3
3304897,1,1,1,1,1,4,4,1,1,1,4,4,2,4,1,1,1,1,3,4,3,4,1,3,1,1,1,38,0,2,2
3308942,3,3,3,3,3,3,3,3,3,3,3,3,3,3,3,3,3,3,3,3,3,3,3,3,3,3,3,58,1,3,1
3312884,1,1,1,1,1,3,1,1,1,1,4,3,3,4,1,1,1,1,3,3,3,5,1,4,1,1,1,53,0,21,2
3313126,3,3,3,2,3,4,4,4,4,4,4,4,4,4,2,3,3,3,4,2,2,4,4,3,2,4,4,49,1,25,1
3313998,1,1,1,1,1,2,3,3,3,3,3,3,1,2,4,4,1,1,3,1,1,1,1,3,1,3,1,47,1,5,1
3314207,1,1,1,1,1,4,4,3,3,3,5,4,4,4,1,1,1,1,3,4,4,4,1,1,1,3,2,56,0,20,2
3314896,3,3,3,3,3,4,4,4,2,2,5,5,3,4,4,4,3,3,5,5,5,3,3,3,3,3,2,45,1,19,3
3316278,3,3,3,3,3,4,4,4,4,4,4,4,4,4,3,2,3,3,4,2,2,3,4,3,3,4,2,39,0,10,2
3317860,3,3,3,3,3,4,4,4,3,3,4,4,4,4,4,3,3,3,3,3,4,4,3,4,3,4,3,41,0,4,2
3319345,3,3,3,3,3,3,3,3,3,3,3,3,3,3,3,3,3,3,3,3,3,3,3,3,3,3,4,58,0,0,2
3319905,3,3,3,3,2,4,4,4,4,4,4,3,3,4,2,3,3,3,4,4,4,3,3,2,3,2,4,58,0,28,3
3321796,2,2,2,2,2,5,4,4,2,2,4,4,2,5,1,1,4,4,4,2,2,5,1,1,1,2,4,31,0,4,2
3325785,2,2,2,2,2,2,2,2,2,2,4,2,2,2,4,2,2,2,3,3,3,4,2,2,2,2,2,39,1,0,1
3326354,1,1,1,1,3,3,3,3,3,3,4,4,4,3,4,1,3,3,4,3,4,4,4,4,3,3,4,37,1,8,2
3333548,2,2,2,1,2,2,2,2,2,2,5,2,5,2,2,1,2,1,2,2,4,4,3,2,4,1,1,31,0,2,2
3335864,3,3,3,3,3,3,3,3,3,4,4,4,4,3,3,3,4,4,4,2,2,4,2,3,3,3,2,46,0,0,2
3336307,3,2,2,1,3,4,3,4,4,4,4,3,4,4,4,4,3,4,4,2,2,4,4,4,1,3,3,49,0,18,1
3337388,2,2,2,2,1,3,2,3,3,3,4,3,4,2,4,4,2,2,3,3,2,1,2,2,2,1,1,44,1,18,1
3337580,2,2,2,2,2,4,4,4,4,3,4,4,4,4,2,2,2,2,4,3,3,4,3,3,2,2,2,33,1,2,2
3339186,3,3,3,3,3,3,3,3,3,3,3,4,3,3,3,3,3,3,3,4,3,4,3,3,3,3,3,41,1,5,2
3340231,2,2,3,2,2,4,3,3,3,3,4,3,4,4,3,2,3,3,4,3,4,4,3,4,2,3,3,32,0,6,2
3340589,2,2,2,2,2,3,2,2,3,3,4,4,2,3,4,4,2,2,2,2,4,2,2,4,2,2,2,44,0,1,3
3342456,4,4,4,4,4,4,4,4,4,4,4,4,4,4,4,4,4,4,5,4,4,4,4,4,4,4,4,30,0,5,2
3343624,2,2,3,3,3,4,4,3,4,3,4,4,4,4,2,2,3,3,4,3,3,4,4,4,3,4,3,58,1,10,2
3351156,2,2,2,2,3,5,5,5,5,5,1,1,3,5,5,4,5,4,1,2,1,4,4,5,2,5,5,50,1,5,2
3351898,3,3,3,3,3,3,3,3,3,3,4,4,4,4,3,3,3,3,4,4,3,4,4,3,3,3,2,33,1,7,2
3353557,2,1,2,2,4,4,4,4,4,4,4,4,3,4,2,2,2,2,4,2,4,4,2,2,2,2,4,29,0,3,2
3354602,3,2,2,3,3,3,3,3,3,3,4,3,3,4,3,3,3,3,3,1,3,4,4,3,3,3,3,36,0,1,2
3355722,4,4,4,4,4,4,4,4,4,4,4,3,3,4,3,4,4,4,4,4,3,3,3,4,4,4,2,26,1,3,2
3356792,2,2,2,1,1,3,4,3,4,2,4,4,2,4,4,3,2,2,3,3,3,2,3,3,2,4,3,56,0,11,3
3357127,3,2,3,2,2,3,3,3,3,3,4,3,4,2,3,2,2,2,3,2,3,4,4,3,3,3,3,37,1,3,2
3360213,4,4,4,4,4,4,4,4,4,4,4,4,4,4,1,1,4,3,3,4,4,4,4,4,4,4,3,38,1,3,2
3361401,3,3,3,3,3,3,3,3,3,3,3,3,3,3,3,4,3,3,3,3,3,3,3,3,3,3,3,45,1,4,1
3362599,3,3,3,3,3,3,3,4,3,3,4,3,4,4,2,1,1,1,3,3,2,4,3,3,3,3,3,39,1,4,2
3362788,3,3,3,3,3,4,4,3,3,3,4,3,4,3,3,3,3,3,3,4,3,2,3,3,3,3,2,53,0,1,2
3365232,3,1,1,1,2,3,3,3,3,3,4,4,4,3,1,1,2,2,3,3,3,4,2,3,4,3,1,45,0,10,2
3367556,2,2,2,2,2,4,3,4,3,3,4,3,3,3,2,2,2,2,3,4,3,3,2,2,2,2,1,54,0,20,2
3368487,3,3,3,3,3,1,1,1,1,1,3,3,4,1,3,3,3,3,3,3,3,3,3,3,3,3,1,40,1,10,2
3369976,3,3,3,3,3,1,1,1,1,1,3,3,3,1,3,3,3,3,3,3,3,3,3,3,3,1,1,50,0,10,2
3370076,3,3,3,3,3,4,4,4,4,4,4,4,4,4,4,4,3,4,4,2,4,4,4,4,3,3,2,46,1,4,2
3371201,4,4,3,2,2,4,4,3,3,3,3,3,3,4,1,1,2,2,2,4,3,3,3,3,2,2,4,40,0,1,2
3371476,4,2,3,2,1,4,4,4,3,3,4,2,3,2,1,2,1,1,4,1,4,2,2,4,3,3,3,31,1,3,2
3372077,3,3,3,3,2,4,3,3,3,3,4,4,4,4,3,2,2,2,3,4,3,4,3,3,2,4,2,36,0,7,2
3373221,1,1,1,1,1,2,3,3,3,3,4,4,4,4,3,3,2,1,3,3,2,4,4,4,1,1,2,47,1,5,3
3375912,3,3,3,1,3,5,4,5,3,3,4,4,4,5,2,2,4,4,3,3,4,4,4,4,1,3,2,32,1,2,1
3376344,3,3,3,3,3,3,3,3,3,3,3,3,3,3,3,3,3,3,3,3,3,3,3,3,3,3,3,36,1,1,1
3376423,2,2,2,2,2,4,2,2,2,2,4,4,2,2,2,2,2,2,4,2,4,2,2,2,2,2,2,32,0,0,2
3379166,3,2,3,3,3,5,3,3,3,3,4,3,3,5,2,1,3,3,3,5,3,4,2,2,4,4,3,36,0,5,2
3379849,1,1,1,1,1,3,3,2,1,1,4,4,3,3,1,1,2,2,2,3,4,4,1,2,1,2,1,32,0,13,2
3380584,2,2,2,1,1,3,3,3,3,3,4,4,3,3,2,2,1,1,2,2,3,3,3,4,2,4,3,38,0,1,2
3381835,1,1,2,2,2,4,4,4,4,4,5,4,3,4,2,2,3,3,3,3,4,4,3,3,2,3,4,31,0,4,2
3382485,3,2,3,3,3,3,3,3,3,3,3,3,3,3,3,3,3,3,3,3,3,3,3,3,3,3,3,24,0,1,2
3382593,3,3,3,3,3,4,4,3,4,4,4,3,2,4,3,2,4,4,4,3,3,2,2,4,3,3,2,35,1,9,3
3384668,3,3,3,3,3,4,3,3,3,3,5,2,2,4,1,1,1,3,4,5,5,2,1,1,1,4,1,51,0,7,2
3385208,3,3,3,3,3,3,3,3,3,3,4,4,3,3,3,3,3,3,4,3,4,4,3,4,3,3,3,60,0,10,1
3386235,2,2,2,2,2,4,4,4,4,4,2,3,3,4,3,2,2,2,4,4,3,3,3,3,2,2,2,40,0,13,2
3386662,3,3,3,3,3,3,3,3,3,3,4,3,3,3,3,3,3,3,3,4,3,3,3,3,3,3,3,69,1,5,2
3387839,3,3,3,3,3,3,3,3,3,3,4,4,4,3,2,3,3,3,4,2,4,4,4,3,3,3,3,48,0,5,2
3388113,3,2,3,2,3,4,3,3,3,3,4,5,3,4,3,3,3,3,2,3,4,3,3,4,2,4,2,61,0,20,1
3389717,3,3,2,3,3,3,3,4,4,4,4,4,4,4,3,3,3,3,3,4,3,4,3,3,4,4,3,26,1,1,2
3390103,3,3,3,3,3,2,2,2,4,3,2,3,3,2,4,3,4,4,3,2,2,4,3,3,3,3,2,39,1,3,1
3393386,2,2,2,2,2,4,4,4,4,4,4,4,4,4,1,2,2,2,3,4,3,4,2,2,2,4,2,39,0,4,2
3393407,4,4,4,4,4,5,5,5,5,5,4,4,3,5,1,1,3,3,4,4,3,4,2,2,2,4,4,50,0,15,2
3395754,1,1,1,1,2,5,5,5,5,5,4,5,4,5,2,1,1,2,2,5,1,5,3,3,2,3,1,39,1,5,2
3397498,3,3,3,3,3,3,3,3,3,3,3,3,3,3,3,3,3,3,3,3,3,3,3,3,3,3,3,41,1,15,1
3397564,4,4,4,4,4,4,4,3,3,3,4,4,4,3,4,4,4,4,2,4,4,2,1,3,4,4,1,31,1,4,3
3397644,3,3,3,3,3,3,3,3,3,3,3,3,3,3,3,3,3,3,2,3,3,3,3,2,3,3,3,36,1,6,2
3397688,3,3,2,2,3,3,3,2,2,3,3,3,2,2,3,2,3,2,2,3,2,3,2,3,3,4,3,45,0,0,2
3400792,1,1,3,1,1,4,4,4,4,4,4,4,5,4,3,3,3,3,2,5,4,4,4,4,3,3,1,57,0,5,2
3401097,3,1,1,2,3,3,4,2,1,4,4,4,4,2,2,2,2,2,4,3,4,2,2,2,2,4,1,28,0,1,2
3402679,3,4,3,3,3,3,4,3,3,2,3,3,3,3,3,3,3,2,3,3,3,3,2,3,3,3,3,49,0,0,1
3403042,2,1,1,1,1,3,4,4,3,3,4,4,2,4,2,2,1,1,4,3,3,4,2,2,1,1,3,52,0,5,2
3403911,1,1,1,1,1,3,3,3,3,3,4,4,3,3,1,1,1,1,3,3,4,3,3,3,1,1,1,46,0,5,2
3405289,3,3,3,3,3,2,2,2,2,2,2,3,4,2,4,3,3,3,4,2,2,4,4,4,3,3,3,38,1,3,2
3406897,3,1,1,1,2,1,3,3,3,3,3,4,3,1,4,4,2,2,3,3,4,4,2,2,1,3,1,31,1,3,1
3407186,2,2,2,2,2,4,4,3,4,4,4,2,4,4,2,2,2,2,2,4,3,2,3,3,2,2,3,60,0,35,2
3408282,2,2,2,2,2,4,5,4,3,3,4,4,4,4,4,3,2,2,5,3,4,4,2,3,2,4,4,41,0,0,2
3408953,1,1,1,1,1,1,1,1,1,1,1,1,1,1,1,1,1,1,1,1,1,1,1,1,1,1,1,51,1,3,2
3409351,3,3,3,3,4,3,3,3,3,3,4,3,3,3,3,3,3,3,5,4,3,3,3,3,3,3,3,39,0,1,2
3410061,4,4,4,3,3,5,5,5,3,3,5,5,4,5,1,1,3,3,3,3,3,4,3,4,4,5,5,36,0,4,2
3410818,3,2,3,1,1,4,4,4,4,4,5,5,4,4,4,4,3,2,5,2,5,3,3,4,4,4,1,41,1,0,3
3411854,2,2,2,2,2,4,4,4,4,3,5,1,1,4,3,2,3,3,4,4,5,1,1,4,3,4,4,40,0,19,3
3412444,3,3,3,3,3,2,3,3,2,2,5,3,4,2,4,3,3,3,3,2,3,1,2,2,3,3,1,52,1,20,2
3412573,2,2,2,1,1,4,4,4,4,4,5,5,4,4,1,1,1,1,5,5,5,4,2,4,1,1,4,41,0,10,2
3413854,3,3,3,3,2,4,4,4,2,2,4,3,2,2,2,1,3,3,2,2,4,2,1,1,3,2,1,36,0,5,2
3414136,1,1,1,1,1,4,3,4,3,3,4,4,4,2,1,1,1,1,4,2,3,4,4,1,1,4,1,49,0,2,2
3414208,3,3,3,3,3,2,2,2,2,2,3,3,3,2,3,3,3,3,4,2,3,4,3,3,3,4,2,34,1,3,2
3414484,3,3,3,3,3,3,3,3,3,3,4,3,3,3,3,3,3,3,4,4,3,3,3,3,3,3,3,65,1,10,2
3416238,5,3,1,1,3,5,5,1,1,1,5,5,1,5,3,1,1,1,2,5,3,2,1,5,5,3,1,34,0,5,2
3417411,2,2,2,2,2,4,4,3,4,3,4,4,4,4,3,3,2,2,3,2,3,3,3,4,2,4,2,54,0,2,1
3418287,4,4,4,1,2,3,4,3,3,3,4,4,3,4,2,2,2,2,4,1,3,4,2,4,2,4,4,65,0,10,2
3418480,1,1,1,1,1,4,4,4,5,5,5,2,4,4,4,4,1,1,4,1,4,1,3,1,1,1,1,54,1,5,1
3419607,3,3,3,2,2,4,4,4,3,3,4,3,2,4,2,2,2,2,2,4,4,4,2,3,2,2,3,40,0,8,2
3422504,3,3,3,3,3,3,4,3,3,3,3,3,3,3,3,4,4,3,3,3,3,3,3,3,3,3,3,37,1,4,1
3424557,1,1,1,1,1,4,4,3,4,4,5,4,4,5,2,1,1,1,3,4,4,4,3,2,1,1,1,31,0,3,2
3425106,1,1,1,1,1,1,1,3,3,3,4,3,2,2,1,1,2,2,2,4,2,1,1,1,1,3,1,25,1,2,1
3425129,4,3,4,3,3,4,3,3,4,4,4,4,4,4,3,3,3,3,3,3,4,4,3,4,4,3,4,45,0,19,2
3425488,4,4,4,3,3,4,4,4,4,4,4,3,4,4,4,3,3,3,4,4,3,4,4,4,3,3,3,75,0,25,2
3425896,3,3,3,3,3,3,3,3,3,3,3,3,3,3,3,3,3,3,3,3,3,3,3,3,3,3,3,53,0,10,1
3427090,1,1,1,1,1,4,4,2,4,4,4,2,4,4,1,1,1,1,2,4,2,2,2,1,1,3,3,42,0,3,2
3427433,3,3,3,3,3,3,4,3,3,3,3,3,3,3,4,3,3,3,3,2,3,4,3,3,3,3,4,53,1,10,3
3428033,3,3,3,3,3,4,4,4,4,4,4,4,4,3,3,3,3,3,3,3,4,5,4,4,3,4,2,26,1,2,2
3429472,3,3,3,2,2,3,4,3,3,3,4,4,4,2,1,2,3,3,3,4,2,4,3,3,2,4,2,32,0,2,2
3432813,3,4,3,3,3,3,3,3,3,3,3,3,3,3,3,3,3,3,3,4,3,3,3,3,3,3,3,44,0,4,2
3434688,1,1,1,1,1,1,1,4,4,4,1,1,1,1,1,1,1,1,4,1,1,1,1,1,1,1,1,42,0,6,2
3435223,2,2,4,3,3,3,3,3,3,4,3,4,4,4,3,2,3,3,2,4,4,4,3,3,3,4,2,48,0,3,2
3436166,3,3,3,3,3,4,4,4,4,4,5,4,5,4,3,3,3,3,3,3,3,5,4,3,3,4,3,23,1,4,2
3436526,3,3,3,3,2,4,4,3,3,3,4,4,4,4,3,4,3,2,4,3,4,2,2,3,3,4,4,67,0,25,1
3437617,2,2,2,2,2,2,4,4,2,2,4,4,2,2,4,2,2,2,4,4,4,2,2,4,4,4,2,45,0,3,2
3437965,3,3,3,3,3,4,3,3,3,3,4,3,4,4,3,2,3,3,5,4,3,3,2,3,3,4,2,30,0,1,2
3438162,4,3,3,3,2,4,4,3,4,4,4,4,4,4,3,3,4,4,3,4,4,5,4,4,2,4,2,36,0,4,2
3439383,3,3,3,3,3,3,3,3,3,3,3,1,3,3,3,3,3,3,3,3,3,1,3,3,3,3,3,32,0,4,2
3439420,1,1,1,1,1,3,1,1,1,1,1,1,1,3,1,1,1,1,4,3,1,3,1,1,1,1,1,51,0,5,3
3439957,2,2,2,2,2,4,4,4,4,4,4,3,4,4,2,2,1,1,4,3,3,3,2,3,3,3,2,41,1,10,2
3440206,2,2,2,2,2,4,4,4,4,4,4,4,4,4,3,2,3,3,4,2,4,3,3,4,3,3,2,67,0,20,2
3441723,1,1,1,1,1,4,4,3,3,3,5,5,4,4,3,3,4,4,3,4,5,4,1,3,4,4,4,40,0,6,2
3441844,2,2,2,2,2,4,3,3,3,3,4,4,4,3,3,3,2,4,3,4,4,4,4,3,2,2,3,60,1,10,2
3444781,4,1,1,1,3,4,4,3,3,3,4,4,4,4,3,3,4,3,3,3,4,4,2,3,4,4,2,45,0,9,1
3445208,3,3,3,3,3,4,3,3,4,3,4,4,2,4,1,1,2,2,3,4,3,3,2,2,2,4,1,32,0,7,3
3447026,4,4,4,3,3,4,4,3,3,3,4,4,3,4,3,3,3,3,4,4,4,3,3,3,3,3,4,50,0,1,2
3448332,3,3,3,3,3,3,3,3,3,3,4,3,3,3,4,3,3,3,3,3,3,3,2,2,3,3,3,31,1,10,3
3449375,4,4,4,4,4,4,4,4,4,4,4,4,4,4,2,3,4,4,4,2,4,4,4,4,4,4,2,29,1,2,1
3449715,3,3,2,2,2,5,5,5,3,3,5,2,4,5,3,1,3,2,5,1,5,2,2,3,3,4,1,40,0,13,2
3450010,2,2,2,2,2,3,3,3,3,3,3,4,4,3,4,3,2,2,4,2,4,3,4,4,2,2,2,73,0,54,1
3451981,3,3,3,3,3,2,2,2,2,2,4,3,3,2,3,3,3,3,2,4,2,3,3,3,3,3,2,49,0,1,2
3452877,1,1,1,1,1,3,3,3,1,1,3,2,2,3,1,1,1,1,3,2,2,2,2,1,2,1,1,30,0,3,2
3453705,2,2,2,2,2,2,4,3,2,4,4,4,4,3,2,2,2,2,2,4,2,4,3,4,2,2,2,61,0,25,2
3454913,2,2,2,2,2,4,4,4,3,3,4,4,4,4,4,4,2,2,3,3,4,4,3,3,2,4,3,45,0,4,1
3455224,2,2,2,2,2,3,3,3,3,3,3,3,2,3,2,2,2,2,3,3,3,2,2,2,2,2,4,56,0,10,2
3455390,3,3,3,2,2,4,4,3,4,4,4,3,4,4,3,2,2,2,4,2,4,2,3,3,2,4,2,53,0,32,1
3455545,4,3,4,3,3,4,4,4,4,3,4,5,5,4,5,4,3,3,4,3,3,5,4,5,3,3,1,47,0,9,3
3455724,2,2,3,3,2,4,4,3,3,3,4,4,4,4,3,2,2,2,3,4,4,4,3,3,3,3,3,52,0,15,1
3456214,4,1,4,1,2,4,5,3,2,4,4,4,4,4,2,1,3,2,2,4,4,3,2,3,4,5,3,56,0,13,2
3457733,4,1,1,1,2,3,2,2,1,2,5,2,2,4,2,2,2,2,2,4,4,1,2,4,4,2,1,37,0,3,2
3457993,4,4,4,4,4,4,4,4,4,4,2,2,4,4,4,4,4,4,2,4,4,2,4,4,4,4,4,30,0,1,2
3458717,4,4,4,4,4,3,4,3,3,3,4,3,4,4,2,2,3,3,4,3,3,2,3,4,4,3,2,56,0,5,2
3458856,3,3,2,1,3,4,4,4,4,4,4,4,4,4,5,4,2,2,3,1,3,4,4,4,3,4,3,42,1,2,3
3459961,1,1,1,1,1,3,3,3,2,2,4,2,4,3,3,1,1,1,3,3,2,4,3,3,2,1,3,45,0,10,1
3460109,2,2,2,2,2,4,3,3,3,3,4,4,4,3,2,2,2,2,3,4,3,4,3,3,2,2,3,65,0,4,2
3460309,2,2,2,1,2,4,4,3,3,3,4,4,4,4,2,2,3,2,3,4,3,4,3,3,2,3,2,63,0,30,2
3460821,3,3,3,3,3,4,3,3,3,3,4,4,4,4,3,3,3,3,2,4,4,4,3,3,4,4,3,47,0,10,2
3461232,3,3,3,3,3,3,3,3,3,3,4,4,4,3,4,3,3,3,2,4,4,4,4,3,4,3,2,36,1,5,2
3461619,3,4,3,3,3,4,3,2,2,2,4,3,2,4,2,1,2,2,3,4,4,2,1,2,4,4,3,51,0,3,2
3461892,1,1,1,1,1,4,4,4,4,4,4,5,5,4,1,1,1,1,3,3,4,4,1,1,2,3,4,32,1,2,3
3462269,3,3,3,3,3,2,4,3,3,3,4,3,3,2,3,3,4,3,2,4,3,3,3,3,3,3,2,36,0,2,2
3463057,2,2,2,2,2,4,4,4,4,4,4,4,3,4,2,2,4,4,4,3,2,4,2,4,4,4,2,40,0,3,2
3465355,1,1,1,1,1,1,5,4,3,5,2,3,1,1,1,1,1,1,3,5,5,1,1,3,1,2,1,45,0,6,3
3466190,1,1,1,1,1,3,3,3,3,4,3,4,4,3,2,1,1,1,3,1,1,4,4,4,1,1,1,39,0,2,1
3466471,3,3,3,3,3,3,3,3,3,3,3,4,4,3,4,4,3,4,3,4,4,4,4,1,3,3,3,35,1,5,3
3466696,3,3,3,3,3,3,3,3,3,3,4,2,2,3,3,3,3,3,2,4,2,3,3,3,3,4,3,31,0,1,2
3466811,1,1,1,1,1,1,1,1,1,1,1,1,1,1,1,1,1,1,1,1,1,1,1,1,1,1,1,53,0,0,2
3466855,3,2,2,2,3,4,4,3,4,4,4,4,3,4,3,3,3,3,2,3,4,4,3,3,3,4,2,48,0,3,2
3467417,4,1,2,2,2,3,3,4,4,4,4,4,2,4,3,2,3,3,4,1,3,4,4,3,4,2,2,54,0,5,2
3468507,3,3,3,3,3,3,3,3,3,3,4,4,4,3,4,3,3,3,2,4,3,4,3,4,3,4,3,62,0,20,3
3469057,2,2,2,1,2,4,3,3,3,3,4,3,3,4,1,2,2,3,3,4,4,4,3,2,1,3,3,56,0,24,2
3469175,2,2,2,2,2,2,2,2,2,2,4,4,3,2,3,3,2,2,3,2,4,4,3,4,2,2,2,30,1,1,2
3469895,3,2,3,2,2,3,3,3,3,3,4,3,3,3,3,3,2,2,3,3,3,3,3,3,2,3,2,44,1,1,1
3473703,2,2,2,2,2,4,4,4,4,3,4,3,3,4,2,1,2,2,4,4,4,3,3,3,2,4,4,61,0,35,2
3474478,4,2,2,2,2,4,4,4,4,4,4,4,4,4,2,2,2,2,2,4,2,3,2,4,2,4,2,49,0,29,3
3474686,3,3,3,3,3,3,3,3,3,3,3,3,3,3,3,3,3,3,3,3,4,3,3,3,3,3,3,39,0,3,1
3474770,4,4,4,2,2,4,4,4,4,4,4,2,4,4,2,2,2,2,4,2,2,2,2,2,4,2,2,33,0,9,2
3475186,3,1,1,1,1,4,4,4,4,4,4,4,3,4,1,2,1,1,3,4,4,3,2,3,1,3,1,37,0,5,2
3475328,1,1,1,1,1,4,2,3,4,4,4,3,3,4,3,1,1,1,2,3,4,3,3,4,2,2,1,47,0,21,1
3476515,4,4,2,2,4,4,3,3,3,3,4,4,4,4,2,2,4,4,4,4,4,5,3,4,4,4,1,52,1,10,2
3476640,3,3,3,3,3,3,3,3,3,3,4,4,3,3,3,3,3,3,3,4,4,4,3,3,3,3,3,50,0,6,2
3482515,3,3,3,3,3,4,4,4,4,4,4,4,4,4,3,3,4,3,4,2,4,4,3,4,4,4,1,60,1,30,2
3484469,2,2,2,2,2,4,4,4,4,4,3,4,3,4,2,2,3,3,4,2,4,4,2,2,2,4,2,53,1,1,2
3484760,3,3,3,3,3,3,3,3,3,3,3,3,3,3,3,3,3,3,3,3,3,3,3,3,3,3,3,38,0,2,1
3486984,2,2,2,2,2,2,4,4,2,2,4,4,2,2,2,2,2,3,2,4,4,2,2,2,2,2,2,33,0,0,1
3488622,4,4,4,4,4,4,4,4,4,4,4,4,4,4,4,4,4,4,4,2,4,5,4,4,4,4,1,30,1,3,3
3490225,1,1,1,1,1,1,1,1,1,1,1,1,1,1,1,1,1,1,1,1,1,1,1,1,1,1,4,57,0,16,2
3491842,4,4,4,2,3,3,3,3,3,3,4,4,4,3,3,3,4,4,3,4,2,3,3,3,2,4,2,39,0,10,2
3492553,3,3,3,3,3,4,3,4,3,3,4,4,4,4,4,3,3,3,4,2,4,3,3,4,3,4,2,33,0,1,2
3492730,2,1,3,3,3,4,4,3,4,4,4,4,4,4,4,3,1,2,2,4,2,4,3,4,3,3,2,47,0,10,2
3493657,2,2,3,3,4,2,3,3,2,3,4,4,3,2,2,2,3,4,2,4,2,4,2,3,3,4,1,37,1,5,2
3493927,3,3,3,3,3,4,3,3,3,4,4,3,3,4,4,3,5,5,3,4,3,4,3,3,3,3,3,37,0,15,1
3493966,3,3,3,3,3,3,3,3,3,3,3,3,3,3,3,3,3,3,4,3,3,3,3,3,3,3,3,68,0,1,3
3495238,1,1,1,1,1,1,1,1,1,1,5,3,1,1,1,1,1,1,5,3,5,1,1,1,1,1,1,26,0,1,2
3495754,2,2,2,2,2,3,3,3,3,3,3,3,3,3,3,3,2,2,3,2,4,3,2,3,2,2,2,46,1,9,1
3495921,3,3,3,3,3,3,3,3,3,3,4,3,3,3,3,4,3,3,4,3,3,3,3,3,3,3,3,38,1,3,1
3496479,1,1,1,1,1,2,2,4,2,2,5,5,5,2,1,1,4,3,4,1,5,5,5,4,1,1,2,34,1,5,1
3497412,2,2,2,3,2,4,3,4,3,2,3,3,3,4,2,2,2,2,4,2,2,4,2,3,2,2,2,45,0,20,2
3497713,4,3,3,3,3,3,3,3,3,3,3,3,3,2,3,3,3,2,4,3,3,3,3,3,2,3,3,27,0,1,2
3498737,2,2,2,2,3,4,4,4,3,3,3,4,3,4,3,4,2,4,3,3,3,4,3,3,2,3,4,74,0,2,1
3498948,3,3,3,3,2,2,2,2,2,2,3,4,2,2,4,3,4,4,3,1,3,4,2,3,3,4,2,50,1,15,3
3499018,3,3,3,3,3,4,4,4,4,4,5,4,4,4,4,3,3,3,4,3,3,4,3,4,3,4,2,26,1,4,2
3502215,1,1,1,1,1,1,1,1,1,1,1,1,1,1,1,1,1,1,1,1,1,1,1,1,1,1,1,51,0,15,2
3502851,3,3,3,3,3,3,3,3,3,3,4,4,3,3,5,4,5,4,3,3,3,3,3,3,3,4,1,37,1,3,1
3503280,2,2,2,3,5,4,4,5,3,3,3,4,3,3,4,4,3,4,3,4,3,4,3,3,3,4,3,44,0,10,2
3505239,3,3,3,2,2,3,3,3,3,3,4,3,4,3,3,2,3,2,2,4,3,2,2,4,3,4,2,41,0,4,2
3506559,2,2,2,2,3,3,3,4,3,3,5,3,3,4,2,2,3,3,2,4,4,4,3,3,5,4,3,28,0,2,2
3507758,3,3,3,3,3,3,3,3,3,3,3,3,3,3,3,3,3,3,3,3,3,3,3,3,3,3,3,49,0,26,2
3509422,2,2,3,2,3,4,4,3,2,2,4,4,3,4,3,3,3,3,2,4,4,3,3,3,2,3,3,51,0,15,2
3509621,3,3,3,3,3,3,3,4,4,4,4,4,3,3,3,3,3,3,3,2,3,4,3,3,4,3,3,49,0,20,3
3510128,1,1,3,1,1,2,3,2,2,2,2,2,3,2,2,1,1,1,3,3,2,3,3,3,1,2,2,49,0,25,2
3511609,3,3,3,3,3,3,4,4,4,4,4,3,4,3,3,3,3,3,2,2,3,4,3,3,3,3,3,42,1,6,2
3513426,4,1,1,1,1,3,3,3,3,3,5,3,3,4,1,1,1,1,3,4,3,4,2,4,1,1,4,31,0,3,2
3514770,3,2,2,2,2,2,2,2,2,2,4,2,4,4,2,1,2,2,3,4,2,2,3,3,2,2,2,37,0,10,2
3515186,1,1,1,1,1,4,4,4,4,4,4,4,3,4,4,4,2,2,4,2,4,2,4,4,2,4,1,60,1,20,1
3515197,3,3,3,3,3,3,4,3,3,3,4,4,3,3,3,4,3,3,2,3,4,4,3,3,3,3,3,36,0,3,2
3516598,1,1,1,1,1,4,4,4,4,4,4,4,4,4,1,1,1,1,4,1,4,5,4,3,1,4,1,62,0,20,2
3516629,3,3,3,3,2,3,3,3,3,3,4,4,3,3,3,4,2,2,2,4,4,4,3,3,2,2,4,64,0,5,3
3516659,4,2,2,2,1,4,4,4,4,4,4,5,4,4,4,5,4,4,3,4,4,5,2,2,2,1,1,42,1,10,3
3517650,3,3,3,3,2,3,3,3,3,3,3,3,3,3,3,3,3,3,4,2,3,3,3,3,3,3,3,62,0,2,1
3520814,3,3,3,3,3,4,4,3,3,3,5,5,5,3,3,3,4,3,3,5,2,2,2,1,3,5,2,35,0,15,2
3521231,1,1,3,3,3,3,3,3,3,3,3,3,3,3,3,3,3,3,3,3,3,3,3,3,3,3,3,28,0,9,2
3522176,3,2,3,3,3,4,3,3,3,3,2,3,3,3,3,3,3,3,3,3,4,3,3,3,3,3,3,36,0,5,2
3523599,3,2,3,3,3,3,3,3,3,3,4,3,3,4,3,2,3,3,3,4,2,4,2,3,3,3,3,49,0,23,2
3523863,2,2,2,2,2,4,4,4,4,4,4,3,3,4,3,2,2,2,3,3,3,3,3,3,2,3,2,47,1,3,2
3525744,2,2,2,2,2,4,3,3,3,3,4,4,3,4,3,3,2,2,4,3,3,3,3,3,2,2,2,48,0,5,2
3526567,2,2,2,2,1,4,3,4,3,3,4,4,3,3,3,2,1,1,4,3,3,2,3,4,3,2,3,36,0,6,2
3529963,1,1,1,1,1,4,4,4,4,4,4,4,5,4,1,1,1,1,2,4,2,4,2,4,1,1,2,47,0,5,2
3531204,4,4,2,2,3,2,4,4,4,4,3,4,3,2,3,2,3,3,3,4,4,3,3,3,2,3,2,37,1,10,2
3532433,3,3,3,3,3,4,4,3,3,3,3,3,3,3,3,3,3,3,2,4,3,3,3,3,3,3,3,37,0,0,2
3532445,3,3,3,3,3,4,4,3,3,3,3,3,3,4,3,3,3,3,3,4,3,3,3,3,3,4,1,37,0,1,2
3533265,3,3,3,3,3,4,4,4,3,3,4,4,4,4,4,3,3,3,2,4,4,4,3,4,3,3,4,33,0,1,2
3534733,3,3,3,3,3,3,3,3,3,3,4,3,3,3,3,3,3,3,3,3,4,3,3,3,3,3,3,53,0,35,2
3537028,3,3,3,3,3,3,3,3,3,3,4,3,3,3,3,2,3,3,3,4,4,3,3,3,3,3,4,47,1,15,3
3537842,3,3,2,1,3,2,3,3,3,3,4,3,2,3,3,3,3,2,3,3,4,2,2,3,3,3,3,44,1,4,2
3543147,2,4,3,3,3,2,3,3,4,4,3,4,3,4,4,3,3,3,4,2,4,5,3,4,2,4,2,36,0,4,2
3545190,2,2,3,2,3,4,4,3,4,4,4,4,4,4,3,1,3,3,1,4,2,4,4,4,3,2,3,50,0,28,3
3545680,2,2,2,2,1,4,4,4,4,4,4,4,4,4,3,3,2,2,4,2,3,4,4,3,3,4,1,35,0,5,2
3545917,2,2,4,3,3,4,4,4,4,4,5,3,4,4,2,2,3,3,4,1,3,3,3,3,4,4,2,51,0,12,2
3547047,3,3,3,3,3,3,3,3,3,3,4,4,3,3,2,2,2,2,4,3,3,4,2,3,3,3,2,34,1,4,2
3549407,5,5,5,5,3,3,3,3,3,3,5,1,1,3,1,1,5,3,3,3,1,1,1,1,5,3,1,33,0,1,2
3550949,2,2,2,2,2,4,4,3,3,3,4,4,4,4,2,2,2,2,3,3,3,3,3,4,2,3,3,72,0,20,2
3552745,3,3,3,3,3,4,4,4,4,4,4,4,4,4,3,4,4,4,2,3,3,4,3,4,3,4,2,53,0,12,2
3555322,3,3,3,3,2,3,3,3,4,4,3,3,2,3,3,3,3,3,4,2,3,2,4,3,4,2,3,47,0,2,2
3556194,1,1,1,1,1,4,4,4,4,4,4,5,3,4,2,2,1,1,4,2,3,5,1,4,1,4,1,56,0,8,2
3556871,2,2,2,2,2,4,3,3,3,3,4,4,4,4,3,3,2,2,2,4,3,4,2,4,2,2,2,54,1,20,3
3557718,3,3,3,3,3,3,3,3,3,3,4,4,5,4,3,3,4,4,3,4,4,4,4,3,3,5,3,40,0,10,1
3558320,3,3,3,3,3,3,3,3,3,3,4,3,3,3,3,3,3,3,2,4,3,1,3,3,3,3,3,49,1,8,2
3562385,4,4,4,4,4,4,4,4,4,4,4,4,3,4,3,3,4,4,4,4,2,3,3,3,4,4,4,55,1,5,2
3565434,3,3,4,2,2,3,4,3,3,3,4,4,4,3,1,1,2,2,3,4,3,3,3,3,2,3,1,51,1,8,2
3565913,4,4,3,4,3,4,4,2,1,4,4,4,5,4,4,3,3,1,2,4,3,1,1,3,3,5,2,42,0,1,3
3571309,1,1,1,1,1,3,3,3,3,3,4,4,4,3,1,1,1,1,1,4,2,1,3,1,3,3,2,39,0,8,2
3572016,4,2,3,3,3,4,4,3,4,4,4,5,4,4,2,1,2,3,4,4,3,2,3,3,4,4,2,35,0,5,2
3572989,2,2,2,2,2,1,2,2,2,1,4,3,2,1,4,2,2,2,4,2,4,3,2,4,2,2,1,35,0,10,3
3574000,3,3,3,3,3,3,4,4,4,4,4,4,4,3,3,3,3,3,2,2,3,3,4,3,3,4,1,36,1,2,2
3574625,3,3,3,3,3,3,4,4,4,4,4,4,4,3,3,3,4,3,4,4,4,4,4,4,3,3,3,40,0,1,2
3575143,1,1,1,1,1,4,3,3,3,3,4,3,3,4,1,1,2,1,2,4,3,5,2,2,2,2,1,26,0,2,2
3575209,2,2,2,2,2,2,2,2,2,2,4,3,2,2,1,1,2,2,4,4,3,5,1,2,2,2,2,37,1,4,2
3575611,2,2,2,2,2,4,3,4,4,4,4,4,4,4,4,4,2,2,4,2,4,4,3,4,2,3,2,44,0,2,1
3578599,2,1,2,2,2,4,3,3,3,3,3,4,4,4,2,3,2,3,3,3,4,3,3,3,3,3,1,67,0,7,3
3579255,1,1,1,1,1,4,4,3,3,3,4,4,4,4,1,1,1,1,2,2,4,1,1,1,1,3,1,33,0,5,2
3582496,1,1,1,1,1,3,3,3,3,3,4,4,2,3,4,4,3,3,3,2,3,4,2,2,3,4,1,43,1,6,1
3582663,2,2,3,1,1,1,1,1,1,1,4,2,2,1,2,2,1,1,3,3,3,2,2,2,3,3,1,29,1,4,2
3583116,4,4,4,2,3,4,3,3,4,4,4,4,4,4,2,2,4,2,4,4,2,3,3,2,1,5,2,32,0,5,2
3583404,1,1,1,1,1,1,1,1,1,1,4,4,1,1,1,1,1,1,1,1,4,1,1,1,1,1,1,34,0,4,2
3583426,1,1,1,1,1,3,2,3,2,1,3,3,3,3,2,2,1,1,2,4,3,2,2,2,2,2,2,38,0,2,2
3583601,3,3,3,3,2,4,4,4,4,4,5,4,4,3,3,3,1,1,2,4,3,4,4,4,3,3,2,34,1,2,2
3585527,3,3,3,3,2,4,4,4,3,3,3,4,4,4,4,3,2,2,3,3,3,4,3,4,3,3,3,36,0,4,2
3585862,3,3,3,3,3,3,3,4,3,3,4,4,4,3,3,3,4,4,4,3,4,4,3,4,3,4,2,47,1,0,1
3586309,2,2,2,2,2,2,2,2,2,2,2,2,2,2,2,2,2,2,2,2,2,2,2,2,2,2,2,27,0,1,2
3587150,3,3,3,3,3,3,3,3,3,3,3,3,3,3,3,3,3,3,3,3,3,3,3,3,3,3,4,39,0,6,1
3587243,1,1,1,1,1,1,1,1,1,1,1,1,1,1,1,1,1,1,4,1,1,4,1,1,1,1,1,50,1,6,2
3589158,4,4,3,3,3,3,3,3,3,3,3,4,3,3,3,3,4,4,3,3,3,4,3,3,3,3,3,44,0,2,2
3591498,3,3,3,3,2,2,3,3,3,3,3,3,3,2,2,2,2,2,3,3,3,3,2,2,3,2,2,48,0,15,2
3592733,3,2,4,2,2,4,4,2,3,3,4,2,4,4,5,3,2,2,2,4,2,2,4,3,2,4,3,46,0,5,3
3593160,3,3,4,3,3,3,3,3,3,3,4,3,3,3,3,3,3,3,3,3,3,3,3,3,3,3,3,24,0,3,2
3593918,1,1,1,1,1,3,3,3,3,3,5,1,4,3,1,1,1,1,3,3,1,1,1,1,1,1,1,35,0,6,2
3594209,3,2,3,2,2,3,3,2,3,2,3,2,2,3,2,2,2,2,2,2,2,2,2,3,2,2,2,34,1,3,2
3596063,3,3,3,3,3,4,3,3,3,3,4,3,3,4,3,3,3,3,3,4,3,3,3,3,3,3,3,42,1,5,2
3596138,3,2,2,2,3,4,2,3,3,3,4,4,4,4,3,3,2,2,4,3,4,4,4,4,1,4,4,53,1,4,2
3598277,4,5,5,4,4,3,3,4,3,3,4,5,3,4,2,4,3,3,5,2,4,5,2,4,4,4,2,31,0,0,2
3599701,3,3,3,3,3,4,4,4,4,4,4,4,4,4,3,2,4,3,4,2,3,4,2,3,3,4,2,44,1,2,2
3602202,3,3,3,3,3,3,3,3,3,3,3,3,3,3,3,3,3,3,2,4,3,3,3,3,3,3,3,50,0,2,2
3602335,2,2,3,2,3,3,4,3,3,3,4,4,3,3,2,1,3,3,3,3,4,4,2,2,4,4,3,31,1,5,2
3603188,5,5,5,5,4,5,4,4,4,4,5,4,5,5,4,4,4,4,3,3,4,3,4,5,4,4,4,62,0,12,3
3603205,3,3,3,3,3,3,3,3,3,3,4,4,4,4,3,4,3,3,2,4,3,5,3,3,4,3,2,27,0,3,2
3603969,4,3,2,2,2,3,3,3,3,3,4,4,4,4,3,4,2,2,4,4,4,4,4,4,2,4,4,39,1,15,2
3604050,2,2,2,2,2,2,2,2,2,2,4,4,3,2,2,4,2,2,2,4,4,2,2,2,2,2,2,57,0,10,1
3604357,3,3,3,3,2,4,3,2,2,2,4,2,4,4,2,2,2,2,2,4,4,2,2,2,3,4,4,55,0,5,2
3604652,3,3,3,3,3,3,3,3,3,3,3,3,4,3,3,3,3,3,3,3,3,3,3,3,3,3,3,50,1,0,2
3606125,4,3,3,3,3,3,3,3,3,3,4,4,4,3,3,3,3,3,4,3,4,4,3,3,3,4,3,32,1,2,2
3608792,3,3,3,3,3,3,3,3,3,3,3,3,3,3,3,3,3,4,3,3,3,3,3,3,3,3,3,40,1,2,3
3608803,4,3,3,3,4,3,4,3,3,3,4,4,3,3,3,3,3,3,4,3,4,3,3,4,3,3,2,33,1,3,3
3612943,3,3,3,3,3,4,4,3,4,4,4,4,4,4,3,2,2,2,3,4,4,3,3,3,3,4,3,58,0,10,1
3613698,3,3,3,3,3,3,3,3,3,3,3,3,3,3,3,3,3,3,3,3,3,3,3,3,3,3,3,44,1,1,2
3614243,4,3,3,4,3,3,4,4,4,3,4,4,4,4,3,3,3,3,4,2,3,4,3,4,3,3,3,29,1,2,1
3615642,2,2,3,3,2,3,4,3,4,3,4,3,2,3,2,2,4,4,3,2,4,4,2,2,2,2,2,28,0,2,2
3616899,3,3,3,3,3,3,3,3,3,3,3,3,3,3,3,3,4,3,3,4,4,3,3,4,3,4,3,56,0,15,3
3616930,3,2,2,2,2,4,4,2,4,4,4,4,4,2,4,4,3,3,2,4,2,4,4,3,2,2,2,70,0,5,1
3617198,3,3,3,2,3,4,4,4,3,3,4,2,4,4,2,2,3,2,3,4,2,4,4,3,3,3,2,49,1,10,2
3617267,4,1,1,1,1,3,4,4,2,2,4,4,3,3,4,4,2,2,3,1,4,4,2,4,4,4,3,45,1,4,3
3617276,3,2,1,3,3,4,4,4,4,4,4,4,3,4,3,2,2,2,3,3,4,4,2,4,4,4,2,36,1,4,2
3618971,1,1,1,1,1,3,3,3,3,3,4,2,2,2,1,1,1,1,3,4,2,2,1,1,1,4,2,42,1,1,2
3620612,4,2,2,2,4,4,4,4,4,4,4,4,4,4,4,2,4,4,3,4,4,4,2,4,4,4,2,35,0,3,2
3620783,4,2,4,2,2,4,4,3,2,2,4,4,3,4,3,2,2,2,2,3,2,4,2,4,4,1,2,37,0,2,3
3620903,4,2,4,2,2,4,4,3,3,3,4,4,4,4,4,2,4,3,2,2,3,4,3,4,4,4,2,42,1,9,2
3622484,3,3,3,3,3,3,3,3,3,3,4,3,3,3,4,4,3,3,3,3,3,3,3,3,3,3,3,33,1,0,1
3624038,2,2,2,2,2,3,3,3,3,3,4,3,4,3,2,2,2,2,3,4,4,4,2,2,2,2,3,37,0,2,1
3625748,4,2,2,2,2,4,4,4,4,3,4,4,3,4,4,2,2,2,4,4,3,4,3,4,2,3,3,46,0,7,2
3625753,2,2,2,2,2,3,3,3,3,3,4,4,3,2,3,3,2,2,4,4,4,3,3,3,2,2,2,27,1,3,2
3629077,2,2,2,2,2,4,3,3,3,3,4,4,4,4,4,4,2,2,2,4,4,3,3,4,2,2,2,65,0,5,1
3629677,2,2,2,2,4,2,2,2,2,2,2,2,2,2,2,2,4,4,2,2,2,2,2,2,2,3,2,41,0,2,2
3630463,3,3,3,3,3,3,3,3,3,3,4,4,3,4,4,5,3,3,2,3,4,4,3,4,3,4,3,67,1,2,1
3631031,2,2,2,2,2,4,3,3,4,3,4,3,4,4,2,2,2,2,3,4,3,3,3,3,3,3,4,44,0,3,2
3632178,3,3,3,3,3,3,4,3,4,3,4,3,4,3,3,3,3,3,4,2,4,4,3,3,3,4,3,32,1,3,2
3632355,1,1,1,1,1,4,4,3,3,3,4,4,4,4,2,1,3,3,3,4,3,4,2,2,3,1,1,28,0,5,2
3632662,4,3,3,3,3,4,4,4,4,4,4,4,4,4,4,4,3,3,3,4,4,4,4,3,3,4,3,65,0,5,3
3633601,4,4,4,4,3,3,4,3,4,3,3,4,3,3,3,3,4,4,3,3,3,4,3,3,4,3,4,28,1,4,2
3633645,2,2,2,2,3,3,3,3,3,3,2,2,2,3,4,4,4,4,2,2,2,2,2,2,2,3,3,29,1,1,1
3636476,2,2,2,2,2,3,3,3,3,3,5,3,2,5,2,2,2,2,2,4,5,4,2,2,2,2,2,40,0,8,2
3637059,1,1,1,1,1,3,3,3,3,3,1,1,1,3,4,4,4,4,4,1,1,1,1,3,1,4,2,27,1,2,1
3637775,4,3,4,4,3,4,4,5,4,4,2,1,4,4,4,4,5,3,2,3,2,1,4,2,4,4,1,26,1,3,2
3638712,2,2,2,2,2,4,4,3,3,3,5,4,4,4,2,1,2,2,1,4,1,4,1,4,2,2,1,32,0,8,2
3639983,3,3,3,3,2,3,3,3,3,3,4,4,3,3,3,3,4,4,4,3,4,4,3,3,3,3,3,46,1,0,2
3640327,1,3,4,3,2,2,2,2,2,2,3,3,4,3,1,1,2,2,4,5,2,1,1,1,2,3,2,39,0,10,2
3640936,2,2,2,2,2,2,2,2,2,2,3,3,3,3,3,2,2,2,3,3,3,3,3,3,2,2,2,46,1,10,2
3641893,3,2,2,2,2,3,2,3,3,3,4,4,4,3,3,2,2,2,3,3,4,4,3,4,2,3,1,39,0,10,2
3643046,1,1,1,1,1,2,2,2,2,2,4,2,2,3,1,1,1,1,3,3,2,2,1,1,1,1,1,36,1,0,2
3646627,3,3,3,3,3,3,3,3,3,3,3,3,3,3,3,3,3,3,3,3,3,3,3,3,3,3,3,38,0,3,2
3650230,4,4,4,2,1,4,4,3,2,2,4,4,4,4,3,3,1,1,2,4,2,4,2,3,1,2,2,38,0,4,2
3651261,3,3,3,3,3,3,3,3,3,3,3,3,3,3,3,3,3,3,3,3,3,3,3,3,3,3,3,67,0,7,1
3651443,2,2,2,2,3,4,3,3,2,4,4,4,4,4,4,2,3,3,4,2,4,5,4,4,3,4,2,57,0,15,2
3654357,3,3,4,3,3,4,4,4,4,4,4,4,4,4,3,3,3,3,4,4,4,4,3,3,3,4,3,33,1,2,2
3654585,1,1,1,1,1,3,2,4,4,4,4,4,2,4,1,1,1,1,4,2,2,3,2,2,1,4,1,44,1,6,2
3655205,2,1,1,1,2,4,4,1,1,1,4,2,4,4,2,2,1,1,3,5,4,2,1,3,1,3,1,44,0,3,2
3655728,2,4,4,4,2,3,3,3,3,3,4,3,4,3,3,1,1,1,4,4,3,4,2,2,2,4,2,50,0,10,2
3656783,2,2,2,2,2,4,4,4,3,3,4,4,4,4,4,4,3,4,4,3,4,4,4,4,3,3,4,46,0,4,2
3657727,3,3,3,3,3,3,3,3,3,3,4,4,4,3,3,3,3,3,4,3,3,4,3,3,3,3,3,34,0,2,2
3657850,3,3,3,3,3,3,3,3,3,3,3,4,3,3,3,3,3,3,3,3,3,4,3,3,3,3,4,30,0,1,2
3658189,3,3,3,3,3,4,3,3,3,3,4,3,4,4,3,3,3,3,3,3,3,3,3,3,3,3,3,45,0,23,3
3658553,1,1,2,1,1,4,4,3,4,4,4,4,4,4,2,2,2,2,4,4,3,4,3,4,3,4,1,44,0,1,2
3660353,2,2,2,2,3,4,4,4,4,4,4,4,5,4,3,2,3,3,3,4,2,2,4,3,3,3,2,33,0,8,2
3662191,3,3,4,3,3,3,4,3,3,3,4,3,3,3,3,3,3,3,3,3,3,3,3,3,3,3,2,33,1,1,2
3662329,1,1,1,1,1,4,3,3,1,1,4,3,4,4,2,1,1,1,3,4,2,4,4,4,2,4,1,37,0,5,2
3664006,3,4,3,3,3,3,3,3,3,3,3,3,3,3,3,3,4,4,4,3,3,4,3,3,3,3,3,31,1,5,2
3664404,2,1,1,1,3,3,3,2,3,3,2,2,3,3,1,1,2,2,4,2,3,3,3,2,3,3,1,35,1,4,2
3664493,3,3,3,3,4,5,3,4,4,4,5,5,4,5,3,3,3,3,3,4,5,4,2,4,4,4,2,42,1,3,2
3665157,3,3,2,3,3,4,4,4,3,3,4,3,4,4,1,1,4,3,3,2,3,4,3,3,3,4,3,33,1,1,2
3667274,3,2,3,2,2,4,3,4,2,2,4,4,4,4,2,2,3,3,3,3,3,4,3,3,3,3,1,38,0,10,2
3667864,2,2,2,2,3,4,4,4,4,4,4,4,4,4,4,4,1,1,4,2,4,4,2,4,2,4,3,26,0,3,3
3670115,2,2,3,2,2,4,4,3,3,3,4,3,4,4,4,3,2,2,3,4,4,4,3,4,3,3,4,61,0,35,2
3670335,1,1,1,1,1,4,4,4,3,3,4,5,4,4,2,2,1,1,4,3,4,2,3,3,1,1,2,49,0,20,2
3671424,3,3,3,3,3,3,3,3,3,3,4,3,3,3,3,3,3,3,2,4,3,3,3,3,3,3,3,39,0,3,3
3672239,2,2,2,2,3,3,3,3,4,4,3,4,4,4,3,4,3,3,4,2,3,4,2,4,3,3,3,29,0,1,2
3673625,4,3,3,3,3,3,1,3,3,3,4,4,3,3,3,1,3,3,2,3,4,2,3,4,4,4,1,52,1,3,2
3674730,3,3,1,3,3,3,3,1,3,1,4,4,4,3,3,2,3,3,4,4,4,4,3,3,3,3,3,35,0,15,2
3676391,2,2,2,2,2,3,3,3,3,3,4,4,3,4,2,2,2,2,4,3,3,3,3,3,3,2,3,62,0,10,2
3676961,2,2,3,2,2,4,3,2,3,2,5,4,4,4,3,2,5,4,4,4,3,4,3,2,4,2,1,39,0,13,2
3677259,4,2,2,2,2,2,2,2,2,4,2,4,2,2,5,2,3,2,2,4,2,5,2,2,2,2,4,46,1,5,1
3677377,4,4,4,4,4,4,4,4,4,4,4,4,4,4,4,3,4,4,4,4,4,4,4,4,4,4,4,42,0,20,2
3677728,2,2,2,2,2,3,3,3,3,3,2,2,2,3,4,4,2,2,2,4,2,2,2,2,2,4,3,52,1,20,3
3678044,2,2,2,2,2,2,2,2,2,2,4,2,2,2,2,2,2,2,4,2,2,2,2,2,2,2,2,50,0,1,2
3679076,1,1,1,1,1,1,1,1,1,1,2,4,4,1,1,1,1,1,3,1,2,4,2,1,2,1,1,43,0,7,2
3680578,3,3,3,3,2,4,4,3,3,3,4,4,4,4,3,4,3,3,3,2,3,4,3,3,3,3,2,29,1,1,2
3680825,2,2,2,2,3,4,4,4,3,3,4,5,4,3,3,2,3,3,4,2,5,3,4,4,3,4,2,32,0,0,2
3682064,3,3,3,3,3,4,4,4,4,4,5,4,4,4,1,1,3,3,3,5,4,2,1,1,3,3,1,26,0,3,2
3682659,1,1,1,1,1,4,3,3,2,2,4,4,4,4,2,1,1,1,4,3,4,4,2,2,2,3,1,26,0,2,2
3682693,4,2,2,2,2,4,2,2,2,2,4,4,2,4,2,4,2,2,4,2,4,2,2,2,2,4,2,32,1,2,2
3682751,1,1,1,1,1,5,5,5,4,4,1,1,4,4,1,1,1,1,1,1,1,4,1,3,1,1,1,36,0,5,2
3683398,1,1,1,1,1,3,3,3,3,3,4,3,2,3,1,1,1,1,3,3,3,4,1,4,3,4,1,52,1,22,2
3683901,2,2,2,2,2,4,4,4,4,4,4,4,3,4,3,2,2,2,3,4,3,3,3,3,3,2,3,35,0,5,2
3684481,3,3,3,3,3,2,2,2,2,2,4,5,4,2,1,1,4,4,3,2,3,4,2,2,4,4,2,47,0,0,2
3684687,1,1,1,1,1,4,1,1,1,1,4,4,4,4,2,1,1,1,4,4,3,4,2,2,3,1,2,39,0,2,2
3684829,3,3,3,3,3,3,3,3,3,3,4,4,4,3,3,3,4,3,3,4,3,5,4,3,3,3,1,32,1,3,2
3685011,4,2,4,3,2,4,4,4,4,4,4,4,4,4,4,3,4,3,2,4,2,4,2,5,3,4,2,32,1,3,2
3687508,2,2,3,3,2,3,2,3,2,3,3,3,3,3,3,3,3,3,3,3,3,4,4,3,2,3,3,38,0,3,1
3690115,2,2,2,2,2,4,4,4,4,4,4,4,4,4,2,2,2,2,4,4,3,3,2,2,2,3,3,53,0,32,2
3691944,1,1,1,1,1,4,5,5,5,5,5,5,4,4,4,1,1,1,4,4,5,2,2,4,1,4,1,26,0,0,2
3692744,3,3,3,3,2,1,1,1,1,1,4,2,2,2,1,1,2,2,2,4,2,2,2,3,2,1,1,29,0,2,2
3694710,2,2,2,2,2,4,4,2,2,2,4,2,2,4,2,2,2,2,2,4,3,2,2,2,2,2,4,26,0,0,2
3694906,2,2,2,2,3,3,3,2,2,2,4,4,4,3,2,2,3,3,4,4,4,3,3,4,3,4,2,65,0,5,2
3696499,4,3,4,3,3,2,2,2,2,2,5,4,4,4,4,3,3,3,4,4,5,4,3,4,3,4,2,39,0,3,1
3698863,1,1,1,1,1,4,1,2,1,1,2,4,2,4,1,1,1,1,4,2,1,4,2,2,1,1,1,37,0,16,2
3700883,3,3,3,3,3,4,4,4,4,4,4,4,4,4,3,3,3,3,4,2,3,4,3,3,3,2,2,61,0,4,1
3701691,3,3,3,3,3,4,4,4,4,4,4,4,4,4,3,4,3,3,4,3,3,4,3,3,3,3,3,43,0,1,2
3704119,3,2,3,2,3,4,4,4,4,3,4,4,4,4,1,1,2,2,4,4,4,5,2,4,3,4,3,51,1,1,2
3704300,2,1,1,1,1,3,1,4,3,3,4,5,3,4,3,4,2,2,2,3,4,3,2,2,3,3,3,71,0,25,1
3704758,1,1,1,1,1,4,4,4,4,4,4,4,3,4,2,2,1,1,4,3,4,4,2,2,4,1,4,39,0,7,2
3704989,3,3,3,3,3,4,4,4,3,3,3,3,3,3,3,3,3,3,3,4,3,3,3,3,3,3,3,45,0,15,2
3706846,2,2,2,2,1,4,3,4,3,3,4,4,4,4,2,2,2,2,4,3,4,5,3,3,4,4,1,41,1,2,2
3706902,3,3,3,3,3,3,3,3,3,3,4,2,4,3,3,3,3,3,2,4,2,4,4,3,3,4,2,65,0,1,2
3707523,1,1,1,1,1,1,1,1,1,1,4,1,1,3,1,1,1,1,4,1,1,4,2,1,1,1,1,24,0,1,2
3707911,2,2,2,2,2,4,4,4,4,4,4,4,3,4,4,2,3,3,3,3,4,4,2,4,2,4,3,60,1,5,3
3712354,3,2,3,3,3,4,3,4,4,4,5,5,4,4,3,3,2,2,3,4,4,4,3,4,4,4,4,52,0,20,3
3713250,3,3,3,4,4,3,3,3,4,3,3,3,4,3,3,3,3,4,3,3,4,3,4,4,4,3,3,66,0,30,3
3713947,3,3,3,3,3,3,4,4,4,4,2,2,2,4,3,1,1,2,5,1,5,2,2,3,1,4,1,50,0,0,2
3714267,1,1,1,1,1,4,4,3,3,3,4,2,2,4,5,5,4,4,2,4,2,5,1,2,2,5,1,50,1,8,1
3716152,3,3,3,3,3,3,3,3,3,3,4,4,5,3,3,3,3,3,3,4,3,4,3,3,3,3,5,32,0,5,2
3717012,3,3,3,3,3,4,4,4,4,4,4,4,3,4,4,3,3,3,3,4,1,3,3,4,3,3,2,37,0,6,2
3719233,1,1,1,1,2,4,4,4,4,4,4,3,4,4,2,1,3,3,3,4,3,4,3,3,3,3,3,44,0,6,2
3721866,1,1,3,1,2,4,4,3,4,4,4,4,3,4,1,1,2,2,2,4,3,4,2,3,3,3,2,39,1,3,2
3721894,3,4,3,4,4,4,3,4,4,3,4,2,4,5,2,2,2,2,5,2,2,4,2,2,2,4,3,35,0,1,2
3722696,3,3,3,3,3,3,3,3,3,3,4,4,4,4,3,3,3,3,3,3,4,4,3,3,3,4,3,36,1,10,2
3723894,2,2,2,2,3,4,4,4,4,4,4,4,4,4,2,2,3,3,3,4,3,4,3,3,3,3,2,39,0,11,3
3724129,2,2,2,2,2,4,3,4,3,3,2,2,3,3,2,2,2,2,2,2,2,3,2,2,2,3,4,37,1,5,1
3724467,4,4,4,4,4,4,4,4,4,4,4,4,4,4,4,3,2,2,4,1,4,4,4,4,4,3,3,35,0,1,2
3724806,3,3,3,3,3,4,5,3,3,4,4,3,3,4,2,3,2,2,4,2,3,3,3,4,2,2,2,32,0,0,2
3724853,2,2,2,1,3,1,1,4,3,1,4,1,1,1,1,1,1,1,4,1,1,5,1,4,1,3,1,55,1,8,2
3725836,4,4,4,4,4,2,2,2,2,2,4,3,4,2,4,2,4,4,2,4,3,4,4,4,4,3,2,35,0,3,2
3728706,1,1,1,1,1,2,2,2,2,2,4,4,2,2,2,1,2,2,2,2,3,3,2,2,2,3,2,43,0,20,1
3729256,3,3,3,3,3,3,3,3,3,3,4,3,3,3,3,3,3,3,3,3,4,3,3,3,3,3,3,30,1,0,2
3729950,3,3,1,2,2,4,4,2,3,3,5,5,4,4,2,2,1,2,2,5,3,5,2,4,3,5,2,33,0,2,2
3730257,2,2,2,2,2,4,4,4,4,4,4,2,4,3,3,3,2,2,4,3,3,2,2,3,2,3,1,53,1,25,3
3731032,2,1,3,1,2,4,4,4,3,3,3,4,4,4,4,3,3,3,4,3,4,3,3,3,2,3,3,49,0,8,1
3732865,3,3,3,3,3,3,5,3,3,3,4,2,4,3,3,3,3,3,3,3,4,2,3,3,3,3,3,39,0,2,2
3733171,3,3,3,3,3,3,4,3,3,3,4,4,4,3,3,3,3,3,4,3,4,4,3,3,3,3,3,34,0,1,2
3737655,4,1,2,1,1,4,4,4,4,4,4,4,4,4,4,4,3,4,4,2,3,3,3,5,1,4,2,39,1,2,1
3739020,3,3,3,3,3,3,3,3,3,3,4,3,3,3,3,4,3,3,3,4,4,4,3,3,3,3,3,63,0,8,3
3739348,2,2,2,2,1,3,3,3,3,3,4,4,5,3,2,2,1,1,4,3,2,4,2,2,2,2,4,58,0,5,2
3739803,2,2,4,2,2,4,4,3,3,3,4,4,2,4,3,2,2,2,3,4,1,1,2,4,2,4,2,46,0,20,2
3739984,3,3,4,3,3,5,4,5,3,2,4,4,4,4,2,2,3,3,4,3,3,4,1,3,3,5,2,28,1,1,3
3742004,1,1,1,1,1,1,1,1,1,1,1,1,1,1,1,1,1,1,1,1,1,4,1,1,1,1,1,33,1,6,1
3742920,3,3,3,3,3,3,4,4,3,3,4,3,4,3,3,2,2,3,2,2,4,3,3,3,2,4,2,25,0,1,2
3743110,3,3,3,3,3,3,3,3,3,3,4,3,4,3,4,4,3,3,4,2,4,3,3,4,3,3,3,34,0,1,1
3744940,3,3,3,3,3,3,3,3,3,3,4,4,4,3,3,3,4,5,3,2,4,5,3,3,3,3,1,33,1,1,2
3746985,4,3,3,3,4,4,4,4,4,4,4,4,4,4,4,4,4,4,4,2,4,4,3,4,4,4,4,40,1,3,1
3747315,4,4,4,4,4,3,3,3,3,3,4,4,4,3,3,4,4,4,4,4,4,4,4,4,4,4,3,28,0,5,2
3747396,2,2,2,2,2,4,4,4,2,2,4,3,3,4,2,2,2,2,3,3,2,3,3,3,2,2,1,30,0,5,2
3749995,2,2,2,2,2,4,4,4,2,2,4,4,2,4,2,2,2,2,4,2,4,4,2,4,2,4,2,46,1,10,2
3752740,4,3,3,3,3,4,3,3,3,3,4,4,4,4,2,2,3,3,4,4,4,4,3,3,3,3,2,38,0,15,2
3752828,3,3,2,2,3,3,3,3,3,3,4,4,3,3,2,3,2,3,3,3,4,3,3,2,2,4,3,32,1,1,3
3754580,1,1,1,1,1,1,4,3,3,3,4,3,4,1,1,1,1,1,2,2,2,3,3,1,1,1,4,37,0,1,2
3755062,3,3,3,3,3,4,4,4,4,4,4,4,4,4,3,3,3,3,4,3,4,4,3,3,3,4,3,52,0,25,1
3756675,2,2,2,2,2,4,3,3,3,3,4,4,3,3,1,2,3,3,2,4,2,4,3,4,3,2,2,29,0,4,2
3758371,3,3,3,3,3,3,4,4,4,4,4,5,3,4,2,2,1,2,3,4,3,4,2,3,4,4,4,61,1,10,3
3760702,2,2,2,2,2,4,4,4,4,4,5,4,4,4,2,2,4,4,2,4,4,4,3,4,4,4,2,58,1,1,2
3760981,3,3,3,3,3,4,4,4,4,3,3,3,4,4,1,1,1,1,3,3,3,3,1,2,1,1,1,46,0,4,2
3762478,2,2,2,2,2,4,4,4,4,4,4,4,4,4,2,2,2,2,2,2,4,4,2,2,2,2,2,32,1,4,2
3764493,1,1,1,1,1,2,2,2,2,2,4,4,4,1,1,1,1,1,1,4,1,4,4,1,1,1,1,28,0,3,2
3764808,2,2,2,2,2,2,4,4,4,4,4,4,4,2,2,2,4,2,4,3,4,4,4,4,2,4,2,32,1,9,2
3764916,1,1,1,1,1,1,1,1,1,1,1,1,1,1,1,1,1,1,1,1,1,1,1,1,1,1,5,36,1,5,2
3765045,2,2,2,2,2,2,2,2,2,2,2,2,4,2,2,2,2,2,2,2,2,3,2,2,2,2,2,45,0,15,2
3765808,2,2,2,2,2,4,4,2,2,2,4,2,2,4,2,4,2,2,2,4,2,2,2,2,2,2,2,55,1,5,1
3787283,3,3,3,3,3,3,3,3,3,3,3,3,3,3,3,3,3,3,3,3,3,4,3,3,3,3,1,42,0,7,2
3791595,3,3,2,2,2,4,4,4,4,4,4,4,3,4,4,4,3,3,4,2,4,3,3,3,2,2,2,50,1,5,1
3792206,2,2,2,2,2,3,2,2,3,3,4,2,2,4,2,2,2,2,2,4,4,2,2,2,2,2,2,45,0,5,2
3792559,3,4,3,3,3,4,3,2,2,2,4,4,3,4,3,3,3,3,4,4,4,3,3,4,4,3,3,28,0,1,2
3793001,2,2,2,2,2,4,4,4,4,4,4,4,4,4,2,2,2,2,4,2,2,4,2,3,2,2,2,36,0,10,2
3793474,3,1,3,3,3,3,3,4,3,3,4,4,4,3,2,2,1,1,3,2,4,5,2,2,3,3,2,36,0,0,2
3793874,3,3,3,3,3,3,3,3,3,3,4,4,4,3,4,3,3,3,4,4,4,4,4,4,3,3,3,54,0,10,1
3794505,2,2,3,2,2,3,3,3,3,3,4,4,4,4,1,2,2,2,3,3,3,4,3,3,2,3,1,37,1,4,2
3796095,2,2,2,2,2,2,2,2,2,2,4,4,2,4,2,2,2,2,4,2,2,4,2,2,4,2,2,36,0,5,2
3798693,4,1,1,3,2,2,4,3,4,4,5,4,2,4,4,4,2,2,4,3,1,5,3,4,2,3,1,33,1,2,1
3801001,1,1,1,1,1,4,4,4,4,4,5,5,3,4,1,1,1,1,3,1,5,4,1,1,1,4,1,35,0,4,2
3801183,3,3,3,3,3,4,3,3,4,4,4,4,4,4,3,2,3,3,4,3,4,4,3,3,3,3,3,35,1,4,2
3804047,2,2,2,2,2,4,4,4,4,4,5,5,4,4,2,2,2,2,4,5,5,5,3,4,2,4,3,45,1,30,2
3804722,4,3,3,3,3,3,3,3,3,3,4,4,4,3,3,3,3,3,4,4,3,5,3,3,3,4,3,30,0,0,2
3805061,4,4,4,4,5,1,5,5,1,1,3,4,4,1,1,1,1,1,3,3,4,4,4,4,1,5,1,39,0,2,2
3805850,3,3,3,3,3,5,4,4,4,3,2,3,4,4,4,1,1,1,4,1,4,4,2,3,3,3,4,64,1,25,3
3808794,2,2,2,2,2,4,3,3,3,3,4,4,4,4,2,2,2,2,3,3,3,4,2,4,2,2,2,31,0,2,2
3809088,4,4,3,3,3,3,3,3,3,3,4,4,4,4,3,3,3,3,3,4,4,4,3,3,4,3,2,38,0,5,2
3811470,2,2,2,2,2,4,4,4,4,4,4,3,3,4,3,3,3,3,3,4,3,3,3,4,4,4,4,38,0,15,2
3814124,2,2,2,2,2,3,3,3,3,3,3,3,4,3,4,2,2,2,4,2,3,4,3,4,2,3,1,63,0,8,1
3815006,3,3,3,3,3,4,4,4,4,4,4,4,3,4,2,2,4,4,3,4,3,4,3,3,3,4,3,27,0,2,2
3816365,2,2,2,2,2,4,4,4,4,4,4,2,4,2,2,2,2,2,3,2,2,3,4,2,2,2,2,35,0,5,2
3817564,3,4,3,2,1,4,4,3,3,3,4,3,4,4,2,2,1,1,3,2,3,3,2,2,2,3,4,61,1,24,3
3820354,4,4,3,3,4,3,3,3,3,3,3,4,2,3,3,4,5,5,2,3,4,2,3,3,2,3,4,35,0,2,2
3820562,4,3,3,3,3,4,4,3,2,2,4,3,4,4,3,3,2,2,2,3,4,4,3,4,2,4,3,67,0,5,1
3820683,4,4,3,3,3,3,3,4,3,3,4,3,4,4,3,4,2,3,3,2,3,4,3,3,2,3,3,32,0,5,2
3823855,3,3,3,3,3,3,3,3,3,3,4,4,2,3,4,3,3,3,2,4,4,2,2,4,3,4,2,31,0,1,2
3824182,4,1,2,2,2,3,3,3,1,3,3,3,3,3,3,4,1,1,2,4,2,4,2,3,2,2,3,66,0,10,3
3824363,2,2,3,2,4,3,4,4,3,3,2,2,3,4,3,3,2,2,3,2,2,3,2,3,2,2,3,33,1,21,2
3826029,3,3,3,3,2,4,4,4,3,3,4,4,4,4,3,3,2,1,3,4,5,3,4,4,2,4,3,37,0,3,3
3827734,1,1,1,1,1,4,4,4,4,4,4,4,2,4,3,3,1,1,4,3,4,4,3,3,1,3,4,56,0,10,2
3828613,2,2,2,2,2,2,2,2,2,2,4,3,4,2,4,4,2,2,2,2,4,2,2,4,2,2,2,32,1,1,1
3829864,3,3,3,3,3,4,4,3,3,3,4,4,3,4,3,3,3,3,3,4,4,2,3,4,3,3,2,36,0,3,2
3829912,3,2,3,3,2,4,4,3,4,4,3,3,3,4,3,2,2,2,3,4,4,4,3,4,3,4,3,44,0,0,2
3830203,3,3,3,3,4,4,4,4,4,4,4,4,4,4,4,3,4,4,4,3,3,4,3,4,3,4,3,58,1,20,1
3830334,2,1,2,3,2,3,4,4,4,3,5,5,4,5,4,4,3,3,4,4,5,5,2,4,4,4,1,32,1,5,2
3830717,4,4,3,4,4,2,4,3,3,3,4,3,4,4,1,1,4,3,3,3,3,3,3,1,2,2,1,55,0,35,2
3830720,1,1,1,1,1,4,5,4,1,1,4,1,1,4,1,1,1,1,4,5,4,1,1,4,1,2,1,33,0,7,2
3830742,2,2,2,2,2,4,4,4,4,3,4,4,3,4,3,2,2,2,3,3,4,4,3,3,2,2,3,34,0,0,2
3838219,2,2,4,3,3,3,3,2,2,3,2,4,4,4,2,3,2,2,3,2,3,3,2,3,3,3,4,34,0,2,2
3849550,4,3,4,3,4,4,4,3,4,4,5,4,4,4,3,3,4,4,3,4,2,4,3,3,3,4,3,67,0,4,2
3849701,2,2,2,2,2,4,4,4,4,4,3,4,3,4,3,3,2,2,3,3,3,4,3,3,2,2,2,31,1,3,1
3851321,3,3,3,3,3,3,3,3,3,3,4,3,3,3,3,3,3,3,4,4,4,3,3,3,3,3,3,52,1,0,2
3852465,2,2,2,2,2,2,2,2,2,2,2,3,2,2,2,2,3,2,2,2,2,2,2,2,2,2,2,32,1,5,1
3852556,4,4,4,4,4,4,4,4,4,4,4,4,4,4,4,4,4,4,3,4,4,4,3,3,3,4,4,36,0,10,2
3852933,1,1,1,1,1,4,4,4,4,4,4,3,3,4,1,1,1,1,2,4,2,5,3,3,1,1,1,34,1,13,2
3854240,3,2,2,3,2,4,4,3,3,3,4,4,4,4,3,3,3,3,3,4,4,4,3,4,2,4,3,35,1,3,3
3854437,4,2,2,2,2,4,4,4,4,5,2,4,4,4,2,1,2,2,4,4,2,4,3,3,2,4,1,45,1,15,3
3854979,2,2,2,2,2,4,4,3,3,3,4,4,4,4,1,1,1,1,2,4,4,4,3,2,2,3,2,39,0,3,2
3856854,3,3,3,3,2,4,4,4,3,3,4,4,3,4,3,3,1,1,3,3,2,4,2,3,3,4,2,44,1,3,2
3857271,3,3,4,3,3,4,4,4,4,4,4,4,4,4,3,3,3,3,4,2,4,4,3,4,4,4,2,32,1,6,2
3859027,3,2,3,3,3,2,2,3,3,2,3,2,3,3,2,3,2,3,2,2,3,3,3,3,2,2,3,25,0,2,3
3860496,1,1,1,1,1,4,4,3,3,3,4,4,3,3,1,1,1,1,1,5,1,3,3,1,1,1,1,39,0,16,2
3860684,1,1,1,1,1,1,1,1,1,1,1,1,1,1,1,1,1,1,1,1,2,1,1,1,1,1,1,24,0,3,2
3860922,3,2,2,2,2,4,3,3,4,3,4,3,4,4,2,2,2,2,2,4,2,2,3,4,2,3,1,36,1,8,2
3860952,3,3,3,3,3,3,3,3,3,3,4,4,3,3,3,3,3,3,3,3,3,4,3,3,3,3,3,48,0,10,2
3861888,2,2,2,2,2,3,3,3,3,3,4,3,4,4,3,2,2,2,3,3,4,3,4,4,2,3,1,39,1,17,2
3862662,1,1,3,2,1,4,4,4,4,4,4,3,4,4,1,1,1,1,4,3,3,4,3,2,1,3,1,64,0,25,2
3865940,3,3,3,3,3,4,4,3,3,3,4,4,4,4,3,3,3,3,2,4,3,4,4,3,3,4,3,33,0,0,2
3866974,3,3,3,3,3,3,3,3,3,3,4,4,4,2,3,3,3,3,4,4,4,5,4,3,3,3,1,33,0,0,2
3867925,4,4,4,4,4,4,4,4,3,3,4,4,4,3,3,3,2,2,3,3,2,4,4,3,3,4,1,26,1,1,2
3868546,3,3,3,3,4,4,3,3,3,3,4,4,4,4,2,3,3,3,3,3,4,4,3,3,3,3,3,42,0,6,2
3868912,2,2,2,2,3,4,4,4,4,4,4,4,5,4,4,2,4,3,2,3,2,4,3,4,4,4,3,38,1,7,3
3870280,3,3,3,3,3,2,3,2,2,2,3,3,2,3,2,2,2,2,2,3,3,2,2,2,2,3,2,35,0,5,2
3870869,3,3,3,3,3,3,3,2,2,2,3,2,3,3,3,3,3,3,3,4,2,3,3,3,3,3,3,47,0,25,2
3870951,2,4,4,2,2,4,2,4,2,2,4,4,2,2,4,2,4,2,4,3,4,4,4,4,4,4,4,29,0,3,2
3871506,4,4,4,4,4,1,1,1,1,1,3,3,4,1,1,1,4,4,1,5,1,3,4,1,1,3,1,26,0,0,2
3871946,3,3,3,3,3,4,4,3,3,3,3,2,2,4,2,2,3,3,2,4,4,3,2,3,3,4,2,34,0,2,2
3873481,3,3,3,3,3,4,2,3,3,3,4,4,3,2,3,4,2,2,2,4,4,4,3,3,3,3,3,48,0,4,2
3874732,3,3,3,3,3,3,3,3,3,3,4,3,3,3,3,3,3,3,3,4,3,3,3,3,4,3,4,21,0,0,1
3876525,3,3,3,3,3,2,3,3,3,3,4,4,4,2,3,2,3,3,3,4,4,4,4,4,3,3,2,40,0,9,1
3876611,3,3,3,3,3,4,4,4,4,4,4,4,4,4,4,3,4,3,4,3,4,4,4,3,3,4,3,51,0,3,1
3877149,4,4,4,4,4,4,5,5,5,3,4,3,3,4,4,4,3,3,5,4,4,3,3,4,5,4,4,24,1,5,2
3879489,2,2,2,2,1,4,4,4,4,4,4,4,3,4,3,2,1,1,3,4,3,3,2,3,2,2,2,33,0,10,2
3879739,4,3,3,3,3,4,3,3,3,3,4,4,3,4,4,4,3,3,4,2,4,4,3,4,3,4,3,30,1,1,1
3880882,2,1,1,1,2,4,4,4,4,4,4,4,3,3,3,2,3,2,4,4,3,4,2,3,3,4,1,29,0,1,2
3881750,3,4,4,3,3,4,4,4,4,4,4,3,3,4,3,3,2,2,4,3,3,3,2,2,3,4,3,43,1,20,2
3882221,4,2,1,1,1,4,3,3,1,1,4,4,3,4,1,1,1,1,4,3,2,4,2,3,1,1,1,30,0,2,2
3882472,3,3,3,3,3,3,4,3,3,3,4,4,3,4,3,3,3,3,4,3,4,3,3,3,3,3,3,32,0,1,2
3882715,4,4,4,4,4,4,4,4,4,4,4,4,4,4,2,4,4,4,4,4,4,4,4,4,4,4,4,27,1,3,2
3883302,2,2,2,2,2,3,3,3,4,4,4,3,2,3,3,3,3,3,3,4,2,4,3,3,2,4,2,27,1,1,1
3883353,3,3,3,3,3,3,3,3,3,3,3,3,3,3,3,4,4,4,3,3,3,3,3,3,3,3,2,34,1,2,1
3883640,1,1,1,1,1,1,1,1,1,1,1,1,5,1,1,1,1,1,1,1,1,1,1,4,1,1,1,29,0,9,2
3883785,4,4,4,3,3,3,3,3,3,3,5,5,3,3,4,4,3,3,4,4,5,4,3,4,3,3,5,35,1,1,2
3885126,4,3,3,3,3,4,2,2,2,2,5,5,5,4,3,3,4,4,1,4,1,5,5,5,3,4,2,50,1,5,1
3885281,2,2,2,2,2,3,3,3,3,3,3,5,5,3,4,4,2,2,3,3,5,5,3,4,2,3,1,62,1,19,1
3885394,3,3,3,3,3,4,2,3,3,3,4,3,3,4,3,3,3,3,4,2,2,3,3,3,3,3,2,36,0,12,2
3885596,1,1,1,1,1,1,1,1,1,1,1,1,1,1,1,1,1,1,1,1,1,1,1,1,1,1,1,43,0,1,1
3886803,3,3,3,3,3,2,2,3,2,2,3,3,3,2,3,4,3,4,3,4,3,3,3,3,3,3,2,28,1,2,1
3886920,3,2,2,2,2,3,3,3,4,4,4,3,2,3,3,3,2,2,3,4,2,4,3,3,2,2,3,43,0,5,2
3887275,3,3,3,3,3,5,4,3,4,4,5,4,4,5,3,3,3,2,4,4,4,3,3,4,4,4,2,42,0,5,2
3887527,2,2,2,2,3,4,3,4,3,3,2,4,4,4,3,3,3,3,4,2,4,4,3,4,3,2,1,52,0,2,2
3887555,1,1,1,1,1,2,5,1,1,1,3,3,3,3,3,1,1,1,3,3,4,3,3,3,1,4,1,39,0,0,2
3888356,3,3,3,3,1,3,3,3,3,3,4,4,2,3,1,1,3,3,2,4,4,5,2,4,4,4,3,29,1,2,2
3889713,3,3,3,3,3,1,1,1,1,1,3,3,3,1,4,4,4,4,3,3,3,3,3,3,3,3,1,25,1,2,1
3891654,2,1,1,1,1,2,5,3,2,2,4,5,4,4,4,2,3,2,4,2,4,5,3,4,2,3,1,27,1,1,2
3892472,4,4,3,3,3,3,3,3,2,2,5,5,4,3,3,3,4,4,4,3,4,5,3,3,4,3,2,32,0,0,2
3893852,1,1,1,1,1,3,3,3,3,3,3,3,3,3,1,1,3,3,1,5,5,1,1,1,1,3,1,41,0,4,3
3894101,3,2,2,2,1,3,4,4,3,3,4,4,3,3,4,4,1,1,3,4,4,3,3,3,2,4,3,44,1,0,1
3895360,1,1,1,1,1,4,4,4,5,4,4,5,2,4,1,1,1,1,4,2,4,5,1,1,1,3,1,48,0,2,2
3895859,3,3,3,3,3,3,4,3,3,3,3,3,2,3,1,1,3,3,3,2,3,2,1,3,1,4,2,45,1,4,1
3896652,4,3,3,3,3,3,3,3,3,3,3,4,3,3,3,4,4,4,2,4,4,4,3,3,2,3,3,51,0,2,2
3897203,2,2,2,2,2,4,4,4,4,4,4,4,4,4,4,4,2,2,4,2,4,1,4,4,2,2,2,47,1,3,1
3898078,1,1,1,1,1,4,4,3,3,3,5,4,2,4,1,1,1,1,3,4,5,2,1,4,2,3,3,27,0,6,2
3898115,3,3,2,2,3,2,2,3,3,2,2,2,2,2,3,3,2,3,3,2,2,2,3,3,2,2,3,43,0,10,2
3899041,3,3,3,3,3,3,3,3,3,3,3,4,4,3,3,3,3,3,3,4,4,3,3,4,3,3,2,43,0,7,1
3901231,3,3,3,3,2,3,3,3,3,3,3,2,2,3,3,3,3,3,3,3,3,3,2,4,3,3,3,25,0,3,2
3902015,1,1,1,1,1,4,4,3,1,1,4,4,4,4,2,1,4,3,2,3,4,4,3,4,3,1,1,32,1,5,2
3902732,4,3,3,4,4,3,3,3,3,3,4,4,3,3,3,3,4,3,3,4,2,3,3,3,3,4,3,33,0,3,2
3905104,4,4,4,4,4,3,3,3,3,3,4,4,4,3,4,4,4,4,4,4,4,4,4,4,4,4,3,68,0,40,2
3905434,2,2,2,2,2,4,4,4,4,4,4,4,3,4,2,2,2,2,4,3,3,4,2,2,2,2,2,39,0,5,2
3905548,3,3,3,3,3,4,4,3,3,3,4,3,4,4,3,3,3,3,2,4,3,1,3,3,3,3,3,43,1,7,1
3906019,3,3,3,3,3,3,3,3,3,3,4,4,4,3,3,3,3,3,3,3,3,4,4,3,3,4,3,41,1,20,1
3907265,3,3,3,3,3,4,4,3,3,3,3,4,3,4,3,4,4,4,3,3,3,3,3,3,3,3,3,35,1,0,3
3907493,2,2,2,2,2,4,2,4,3,3,4,4,4,3,2,3,3,2,3,4,3,4,2,3,3,3,1,50,0,26,3
3907614,3,3,3,3,3,3,3,3,3,4,4,3,3,4,4,3,3,3,4,3,3,2,3,4,3,3,4,54,0,25,3
3908325,3,3,3,3,4,4,4,3,3,3,4,4,4,4,4,3,3,4,3,4,4,4,4,4,3,4,4,30,0,3,2
3914279,4,3,3,3,2,4,3,3,3,3,4,4,3,4,3,1,2,2,4,1,3,4,2,4,2,4,2,29,0,1,2
3914892,3,1,1,1,1,2,2,4,4,4,3,1,4,2,3,2,1,1,4,2,1,2,3,4,1,1,1,33,1,5,2
3914977,2,2,2,2,2,4,4,4,4,3,4,4,3,4,3,2,4,3,4,3,4,4,4,4,4,4,2,50,1,30,2
3915171,3,3,3,3,3,3,4,3,3,3,4,4,3,3,3,3,4,4,5,2,4,5,2,4,3,3,1,42,0,5,3
3915238,3,3,3,3,3,4,4,3,3,3,4,4,3,4,3,3,3,3,4,3,3,5,3,3,3,4,3,39,0,9,2
3915915,3,3,3,3,3,3,3,3,3,3,4,4,4,3,4,4,3,3,2,4,4,4,3,3,3,3,3,46,1,20,1
3916200,3,1,1,1,2,4,3,4,4,4,4,4,3,4,1,1,2,2,3,4,4,4,3,4,3,4,2,45,1,6,2
3916211,3,3,3,3,3,3,3,3,3,3,3,4,4,3,4,4,3,3,3,3,3,4,4,4,3,3,4,39,1,20,1
3916227,1,1,1,1,1,2,1,1,1,1,4,2,4,4,1,1,1,1,4,2,1,4,4,2,1,1,1,33,1,1,2
3916959,2,2,2,2,2,3,3,3,3,3,4,4,3,3,2,2,2,2,4,2,4,5,2,2,3,2,1,26,0,4,2
3917690,1,1,1,1,3,4,4,4,4,4,3,3,3,4,5,4,3,3,3,3,3,3,3,3,3,3,3,42,0,4,1
3918261,4,3,3,3,4,5,5,5,5,5,5,5,5,5,4,4,5,5,3,4,3,5,3,4,5,5,1,41,0,10,2
3918522,2,2,2,1,1,3,4,3,2,2,4,3,2,3,1,1,2,2,3,4,2,2,1,2,1,3,1,29,1,4,3
3918725,2,2,2,2,2,3,3,3,3,3,3,3,3,3,3,2,2,2,3,3,3,3,3,3,2,2,2,33,0,1,2
3919223,2,1,1,1,1,4,4,4,4,4,4,3,4,4,4,3,2,2,4,2,4,3,2,3,1,4,2,62,0,3,1
3920583,2,2,2,2,2,2,2,2,2,2,2,2,2,2,2,2,2,2,2,2,2,3,2,2,2,2,2,33,1,10,2
3921706,5,3,3,3,4,3,3,3,3,3,5,3,4,4,1,1,3,3,4,5,4,4,2,4,3,4,3,31,0,2,2
3921791,3,4,1,1,2,3,3,2,4,4,5,4,5,3,1,1,1,1,2,4,3,4,3,3,1,5,1,37,0,2,2
3922186,4,4,4,3,3,4,4,4,4,4,4,4,4,4,4,4,4,4,4,4,4,4,4,4,4,4,3,32,0,3,2
3923425,1,1,1,1,1,5,5,5,5,5,3,2,1,4,1,1,1,1,3,4,2,3,1,1,1,1,1,38,1,10,2
3923915,4,4,4,3,4,4,4,4,4,4,4,4,3,4,3,3,4,4,3,4,4,3,3,4,3,3,3,55,0,5,2
3924202,1,1,1,1,1,1,1,1,1,1,1,1,1,1,1,1,1,1,1,1,1,4,1,1,3,1,1,53,0,12,2
3924642,1,1,1,1,1,3,3,3,3,3,4,4,3,3,1,1,1,1,2,4,2,4,1,3,1,3,1,38,0,10,2
3924910,3,3,3,3,3,4,4,3,3,3,5,5,4,4,3,3,3,3,3,4,3,4,3,3,3,3,3,44,0,5,3
3925239,2,1,2,2,2,4,3,4,4,3,4,4,2,4,2,1,1,2,3,4,3,2,2,2,1,2,2,68,0,30,2
3925655,3,2,3,3,3,4,4,4,4,5,5,5,4,4,3,3,2,3,4,2,3,4,4,3,3,4,2,32,0,3,2
3926263,4,3,4,2,2,5,2,3,2,2,5,2,4,4,1,2,1,1,2,5,3,1,4,5,4,3,3,33,0,2,2
3926983,2,2,2,2,2,3,3,3,3,3,3,3,3,3,3,3,2,2,4,4,3,3,3,3,2,2,2,52,0,4,2
3927484,2,2,2,2,3,4,5,5,3,3,5,4,4,5,4,3,3,3,2,5,5,4,3,4,2,3,4,27,1,5,3
3928462,4,4,4,4,3,4,4,4,4,4,4,4,4,4,2,3,3,3,4,3,4,4,4,3,2,3,3,61,0,4,2
3929323,3,3,3,3,3,3,3,3,3,3,3,4,3,3,3,3,3,3,3,3,4,4,3,3,3,3,3,66,1,20,3
3930536,2,2,2,2,2,2,2,2,2,2,4,4,4,2,3,3,3,3,4,2,4,4,2,3,3,2,2,27,0,1,2
3932412,3,2,2,2,2,3,3,3,2,2,3,4,3,2,4,3,3,3,3,3,4,4,3,3,2,3,2,38,1,3,3
3932978,2,2,4,2,2,4,4,4,4,3,4,4,4,4,3,4,3,3,4,2,4,4,3,4,4,3,1,36,1,6,2
3933822,4,3,4,4,4,2,4,4,3,3,4,4,4,2,2,2,4,3,4,2,4,4,2,2,2,4,2,37,0,0,2
3935058,2,2,2,2,2,3,2,2,2,2,2,2,2,3,3,1,2,2,2,2,2,2,2,3,2,2,2,46,1,2,2
3935086,3,3,3,3,2,4,4,4,4,4,5,4,4,4,1,1,1,1,3,1,3,3,3,3,2,4,3,34,0,8,3
3936100,2,2,2,2,2,4,4,4,4,3,4,4,3,4,2,2,2,2,4,1,3,4,2,3,3,2,4,63,0,30,1
3936802,4,4,4,4,4,4,4,3,3,3,4,4,4,4,2,2,3,3,3,4,4,4,4,4,3,4,4,45,0,3,2
