年,月,北海道,青森,岩手,宮城,秋田,山形,福島,茨城,栃木,群馬,埼玉,千葉,東京,神奈川,新潟,富山,石川,福井,山梨,長野,岐阜,静岡,愛知,三重,滋賀,京都,大阪,兵庫,奈良,和歌山,鳥取,島根,岡山,広島,山口,徳島,香川,愛媛,高知,福岡,佐賀,長崎,熊本,大分,宮崎,鹿児島,沖縄
year,month,y1,y2,y3,y4,y5,y6,y7,y8,y9,y10,y11,y12,y13,y14,y15,y16,y17,y18,y19,y20,y21,y22,y23,y24,y25,y26,y27,y28,y29,y30,y31,y32,y33,y34,y35,y36,y37,y38,y39,y40,y41,y42,y43,y44,y45,y46,y47
2011,1,2148210,326290,426960,614400,209490,382080,771950,336940,625310,725740,279740,1395520,3455180,1277590,911670,197190,490250,267490,399950,1789230,402710,1577300,867970,575400,245570,864080,1590490,878690,76990,287340,207450,167570,300290,516150,265110,130050,220060,262160,186970,962150,197750,423690,525240,489630,214050,472080,970770
2011,2,2320620,337730,434670,652860,237660,438820,777150,343960,596190,730930,290130,1433540,3688600,1312660,958410,220320,519640,277040,417240,1742940,412520,1610410,912910,521530,242150,896240,1599020,886290,82280,294620,226700,175610,302050,525570,286000,132290,237950,280450,205150,1016590,202000,525950,532310,503930,261890,440690,1109440
2011,3,1832380,235520,293280,468240,147890,342970,530940,247290,447830,474500,285970,959120,2888450,1028060,687520,208890,513820,276490,329220,997130,392790,1224210,1045270,606100,340080,1154050,1976230,991140,140400,352350,233670,215350,409110,644490,339470,160680,294820,337100,257780,1135460,217410,534240,615830,557590,248060,526730,1161280
2011,4,1270010,267160,501200,761120,169060,322770,809510,351290,422420,439560,250950,619100,2534050,1000970,569480,214470,442740,214730,336220,889500,351480,1126690,944130,495960,372620,1060590,1567130,856680,169790,274120,237430,197810,365480,592200,285630,159880,272600,299690,215190,964930,226050,499310,536840,465960,210840,476400,883510
2011,5,1961190,371940,614800,956020,287090,414170,1144790,375260,696270,667920,279090,1004120,2980220,1295160,778020,277290,579890,276720,523870,1354940,448900,1477960,1007480,634430,414320,1297090,1643000,988030,233220,343200,272520,265610,412050,684800,331560,173340,313540,393290,260270,1107140,247790,650070,651910,545510,253220,634730,970800
2011,6,2249470,388250,556770,886690,299560,444430,1097760,360790,635090,629940,266170,1038870,3162650,1240050,732890,237960,513780,252950,429840,1101500,384630,1275700,949950,481170,316330,1127730,1572020,860190,188860,259990,231160,225660,348490,607250,290010,136990,231940,396910,199590,967550,195650,533300,492970,420250,216250,506500,979090
2011,7,2870520,478570,637340,913210,413950,531260,1149980,370510,821560,832610,287870,1449740,3493340,1432920,981790,314080,533470,326160,861190,1991650,504920,1758830,1053790,651200,366910,1109050,1949110,1070040,185040,424640,292040,254020,387920,691150,324750,154880,267150,392740,246300,1186160,228520,614860,580810,462400,264890,586180,1340030
2011,8,3401610,591000,793580,986480,572630,676690,1119190,499430,1219890,1244630,366990,2019030,3926290,1875720,1471440,464950,794240,516890,1553230,3529670,717570,2898470,1316140,1063320,573300,1427960,2402970,1472610,277020,761120,425960,339480,558270,879950,431050,214100,420130,464500,404960,1365810,296420,866170,845400,683130,327580,732070,1674690
2011,9,2888690,449670,563920,863460,392780,479810,859080,350820,792040,813610,295760,1459760,3708500,1438970,821700,354070,607210,288640,687580,1724990,482880,1593860,1043560,583830,349050,1166270,1917850,936720,148050,310120,282520,240580,420060,687590,361470,156040,255070,367820,241330,1151680,213640,581310,659130,493190,255170,613000,1393270
2011,10,2558220,430160,547400,921640,463660,531040,869660,390220,937650,830420,322540,1535680,3906770,1471510,921940,386580,702180,302460,563470,1707310,560860,1563220,1112720,663150,379550,1379190,1820100,957440,195690,258380,306770,273080,454110,749710,487840,203880,262310,375950,252710,1160100,222620,643410,663640,555570,293240,646940,1353960
2011,11,1805360,318600,485150,889680,293900,445360,828960,394280,829340,715240,319110,1478360,3731560,1466880,772340,313660,700960,344350,528760,1234950,507060,1646010,1074840,648550,402450,1618270,1821050,990240,200260,264020,315460,257810,407860,717810,422530,198820,277290,328790,247630,1126540,239180,608070,628780,599710,292080,641770,1156440
2011,12,1987490,287050,451030,874790,233460,420980,839690,430160,672320,643580,321790,1566830,4052720,1490940,757910,265570,578500,309910,438550,1311520,409310,1660220,1078190,644040,308130,1304590,1905670,1004490,130300,265900,272010,199640,382890,589240,349580,142510,212150,272950,213520,1096140,209590,513000,498950,542730,259860,518720,1151810
2012,1,2109240,250120,489940,730140,199630,380880,787130,332950,565160,614990,252390,1429240,3603450,1252190,802610,211780,513610,260540,381900,1682880,403060,1472990,959380,560520,249850,931380,1635130,925410,86970,266000,208060,154650,301990,516960,265150,108580,218600,280890,179310,976700,184240,407120,465460,434040,270290,464670,906820
2012,2,2106690,266950,491170,758250,196370,410040,794250,362250,506740,548920,267330,1388950,3744270,1233040,830390,216940,528400,273490,369430,1495950,422220,1441580,954960,508450,245620,899000,1589570,925230,94550,255990,201940,166370,303780,558430,278480,120170,234970,300820,199920,998760,187370,430100,481230,441890,341070,507790,1162780
2012,3,2014580,276430,546390,882880,237400,440490,860660,470170,681040,659060,319770,1869970,4333750,1543440,807660,230170,604480,312180,541760,1361410,479320,1888680,1174070,714190,344880,1293200,2047080,1092910,182090,373410,240840,204150,432950,746630,357240,162210,368310,361400,289100,1181560,204020,558870,614120,560310,316390,631220,1232560
2012,4,1511590,274140,441170,753630,238990,353320,807190,408630,650560,571490,302800,1619290,4197890,1414960,611150,242760,536320,257790,538990,972450,440300,1542900,1117020,617960,358880,1497830,2132910,1000260,214760,327430,200230,206450,382270,674320,348050,171930,294510,318770,251140,1067130,206890,538460,565450,482610,267040,542290,1159540
2012,5,2158760,408730,582630,792770,345700,425410,896770,439770,849750,645560,310880,1668410,4111450,1476660,743910,294690,614160,285190,569130,1247690,477450,1625600,1123110,695920,358160,1523100,1964250,1010120,237470,356090,225170,252830,392260,720740,383880,166480,304070,332680,288190,1143660,218810,644910,676730,513690,310710,638690,1094750
2012,6,2523240,403040,560090,795690,334240,486200,948580,403740,754550,586450,277740,1546800,3916530,1331850,678950,239550,539510,232410,462560,996990,403990,1367130,1058120,547760,290770,1293550,1768120,896500,162980,269290,186880,213990,325190,621030,326010,130640,244910,280400,208500,1023040,168620,476080,487660,405610,240330,445980,1130170
2012,7,3019180,428330,560440,843200,296270,538430,882420,422910,877480,739560,314340,1637720,4089570,1349640,969320,350040,617220,309740,751080,1758610,475490,1737980,1112410,698600,407670,1262910,1958670,977000,198270,423320,250560,209400,406020,690360,349720,140560,306130,298080,252410,1157390,203850,528620,522820,471200,296280,553880,1550600
2012,8,3548000,567640,729380,1014870,423490,653200,1097980,589290,1319680,1148380,406080,2197710,4553530,1788430,1485160,545190,861260,532170,1291900,3335120,724800,2826050,1414720,1104060,608050,1626430,2339780,1398890,299250,711500,392980,297030,593610,947320,490810,210230,447980,385370,420280,1517610,274440,736340,795110,679270,412410,745110,1827290
2012,9,2836290,444900,531010,860690,302810,469180,873670,374660,871560,700560,285650,1509360,4071560,1382280,832640,354430,624430,262410,645830,1554500,503560,1493720,1116500,618120,341320,1309930,1790280,897340,186730,347140,242710,219200,397800,689560,378560,140170,291630,299650,231690,1120060,195940,517090,581220,494490,261520,549390,1465970
2012,10,2731560,496330,605110,895860,386380,537220,971690,407820,1006060,760460,332980,1460620,4138500,1454250,875380,384310,631130,256760,526040,1504160,606610,1539400,1138680,768620,334580,1490890,1967140,1010450,215580,314240,233330,257780,391720,718560,402510,167210,277550,325140,284820,1148940,212530,644880,654630,523090,297130,612600,1472340
2012,11,1921630,392280,520400,894470,293530,454260,890830,448510,937540,737860,341590,1453630,4159970,1516620,781170,309750,648000,295310,534070,1111390,499300,1688920,1127780,769160,383230,1702760,2084680,1107650,210620,337920,261690,264560,405700,732060,385680,175780,317060,336090,266590,1200370,230850,612590,683020,600590,335170,653140,1329200
2012,12,2111120,337570,459530,820110,205710,410940,774750,436380,742090,672080,325320,1540250,4269410,1491740,784180,239350,525260,258230,407820,1270130,394240,1661560,1129490,731340,294270,1409770,2066010,1111370,141310,300980,219930,180440,333940,604250,325940,126060,244370,278590,216410,1138900,196080,533420,561750,515840,279320,526160,1247340
2013,1,2098160,278770,408360,865260,205680,348760,733970,339040,623610,666770,284660,1412800,3699160,1215180,784360,212290,510540,196020,335390,1561590,398940,1544080,975400,672430,218820,1111080,1622540,967430,114830,286440,209180,165590,314940,491620,310070,135520,227200,240500,175830,980060,204110,418830,420800,489100,272810,496210,1520700
2013,2,2278420,274550,412720,920090,209100,390410,712390,357240,581040,655420,282660,1438410,3872930,1221490,823750,237470,568330,216760,339790,1480890,422690,1501310,966930,645000,219330,1180800,1747930,986390,118780,287530,223630,168340,320910,503490,321490,139280,248290,258580,199810,1008650,193050,515940,433160,500900,371690,532520,1768400
2013,3,2146550,288890,442020,1115510,229200,400500,796780,471180,777110,759240,339280,1844150,4500260,1544140,820710,250680,666630,253670,470480,1360590,477890,2041850,1199250,894360,316420,1655560,2106100,1172890,197250,417680,250530,218270,408550,654150,399330,190950,341320,321260,278420,1193770,231650,606580,553300,616680,353490,673170,2021690
2013,4,1609610,321820,387850,861520,236530,351570,764620,397370,708870,653680,328200,1595090,4474220,1312060,621800,267030,547070,225060,531290,1179850,460850,1586810,1137110,625270,375790,1838750,2015750,1013480,245250,329410,246910,231920,467500,663270,326670,212510,295240,274440,219620,1065460,213090,550120,634330,509550,260500,564560,1534660
2013,5,2296480,452380,461870,907970,324050,448020,820800,427890,861330,742980,319840,1675890,4363570,1346650,728540,321430,617360,277260,597490,1494500,507980,1628290,1190220,714030,369440,1976900,1879930,1052270,267460,341320,303610,294530,488680,717040,369880,209510,298100,305040,247510,1190240,225360,671550,724820,561450,292510,667600,1422690
2013,6,2687180,409840,434590,879690,315640,471320,834060,362640,788190,661170,296400,1546970,4185930,1213070,663910,275490,526380,244020,484440,1262020,441030,1379480,1099310,591050,294820,1742890,1776460,941230,196890,275790,254000,271360,415620,597000,322620,163840,233820,234090,178470,1014210,173590,476500,472580,438740,242410,510590,1464420
2013,7,3479390,456390,489950,879300,330880,511530,1040910,426530,824590,787120,372130,1871690,4507610,1404260,888090,352580,614480,300100,740840,1759420,513640,1696570,1254770,872510,367210,1639300,2009390,1137080,191230,426230,307280,312820,440010,662850,364940,188780,289510,314740,242000,1214780,225410,635580,560000,559060,310150,603490,1968780
2013,8,4001680,577860,666250,1116480,444530,690240,1348460,610870,1195820,1162180,445240,2384130,4987750,1870730,1276440,496510,878700,491100,1235110,2994440,740760,2823670,1591620,1278830,561260,2000750,2381500,1588830,283010,677400,435550,384280,611680,887560,489500,272820,461990,414940,396820,1551880,287680,939500,862980,740340,428350,795400,2366790
2013,9,3199070,453150,477540,934060,327940,455850,1044430,415490,800720,752280,326750,1699320,4381870,1411220,775330,382600,631630,257410,649050,1561160,510500,1555080,1216130,797020,345960,1651500,1930570,1022380,180660,347800,311380,310930,475470,698510,347230,191890,283040,297790,249810,1161780,220750,560050,601620,531060,270600,603020,1885840
2013,10,2836240,502430,516350,975510,359370,505480,942330,428310,918920,788250,328930,1611350,4653190,1381800,836600,398250,653670,241360,542890,1546190,574480,1564560,1332780,849960,326270,1778310,2091680,1033200,248020,318140,343060,328130,451220,733110,382000,185640,319460,321490,259390,1168170,226580,635320,615100,575500,284890,620410,1713580
2013,11,2100760,398860,469830,973510,284340,433990,903780,457290,914220,790670,332480,1635810,4592290,1483640,736450,348840,677980,283390,567300,1235000,553640,1822880,1376150,932560,381130,1982730,2147160,1148620,258210,391440,367900,331750,454130,742680,400720,201260,331050,346580,245410,1241740,236190,659710,644950,642590,344750,695010,1572720
2013,12,2236940,344810,423390,906090,225840,423030,805800,460320,722720,718750,317690,1682980,4605270,1436590,721000,278200,557160,264790,434720,1314910,440090,1778760,1313560,813420,298160,1528940,2172420,1162290,178630,342440,287260,256190,367950,591020,344640,164720,256170,269570,180620,1195840,199730,585000,533970,546110,283900,560570,1549340
2014,1,2341600,277230,451260,716050,226180,412490,762040,387250,627970,628040,288890,1539370,3900860,1359650,731010,207410,492930,245940,403750,1608390,427610,1502660,1128270,693590,276190,1082180,2051700,1037140,116460,295330,211090,211110,339240,573280,281640,156770,214860,241740,172900,1085460,207020,469980,493350,486440,250610,528660,1303530
2014,2,2415450,262240,435350,697680,213990,453510,707310,390510,530510,533860,291390,1496360,3981980,1321470,681280,212540,495800,258970,310490,1368630,393940,1397810,1130110,620320,255340,1090930,1941200,974840,116510,268870,197810,198740,331010,571980,283290,165050,205300,245460,171690,1075190,207920,543750,484290,479990,322680,536650,1477100
2014,3,2322660,284030,476230,869980,247170,468420,825130,557410,794790,733990,366730,1946020,4653050,1719840,787120,263360,617860,315030,564980,1484950,475330,2022530,1428270,895150,395390,1512400,2464230,1283930,207220,411580,246000,281950,467560,748320,370750,232970,306080,337170,268140,1293840,260150,658690,627710,621230,317400,685220,1779720
2014,4,1645060,305570,392860,761330,252500,328380,770150,385300,612990,602970,345150,1731850,4695550,1545600,604210,252600,545870,258590,583930,1078180,512140,1574390,1222820,621830,413280,1525250,2389100,1008350,217210,336250,227950,237690,433850,703100,356870,228150,257600,278810,234230,1144310,217850,534410,539910,460930,251400,558070,1521190
2014,5,2527300,419180,499610,833220,360310,437740,861950,481450,815560,734850,355680,1759160,4569980,1588350,774600,307450,655220,318460,650040,1436630,559460,1668760,1269710,730140,420290,1582230,2309080,1106450,246140,386520,277380,292270,474070,783930,411690,248150,286070,318170,282260,1347400,248870,681240,620770,514570,312040,688040,1449320
2014,6,2606660,388040,434570,824600,353830,488480,873230,422770,729840,630950,308210,1589210,4216710,1419330,705570,248320,546310,266220,521080,1098700,439520,1339310,1162280,591770,330790,1295650,2126560,960920,174150,286160,226310,242090,399780,646040,339790,190060,231280,266700,202730,1109900,178950,490500,472250,416440,281320,538860,1530270
2014,7,3308490,444250,506190,920450,347080,549460,1009930,485360,874700,696100,342380,1876830,4712490,1661590,890510,299020,591830,352750,802550,1669140,475450,1788230,1310030,727350,396750,1278090,2394920,1183700,179600,419860,242480,269260,458810,735710,372160,283580,311830,315120,263150,1302380,222120,567610,530670,454470,270960,621140,2056690
2014,8,3633000,543790,678130,1118000,443450,744690,1325520,642500,1248110,1095090,421840,2341830,5080780,2076310,1334870,430680,940640,533980,1363330,2824260,736300,2812880,1537360,1051270,611650,1582500,2763960,1601560,270890,646900,360510,351890,586020,938560,477190,355540,448480,394350,379310,1492640,276510,786490,776880,627610,378100,806790,2356080
2014,9,2993090,458170,524840,921950,350350,557370,975290,402830,846500,694520,329630,1630920,4373580,1591190,789850,334030,598990,302860,709880,1512680,505110,1626970,1242520,631520,365300,1336320,2329310,1106880,178910,340530,248280,284110,445130,733780,371570,269630,295630,299330,263570,1210080,213830,567200,566000,476130,260680,645370,1951070
2014,10,2725630,490230,569540,894480,411490,580630,1076290,425090,922860,769840,356720,1757360,4775330,1621840,854730,355720,764130,293980,596370,1430490,556410,1652770,1293010,727470,382920,1549540,2504280,1098810,205110,320750,269200,293490,500890,739020,418500,251050,299010,313500,234810,1369800,278950,706270,597270,492980,272610,632900,1637500
2014,11,2130200,348510,478330,891600,313160,459810,986100,446320,884030,781440,364030,1746780,4584190,1694590,741660,314320,708210,344140,601430,1149070,545820,1859390,1345090,798560,430450,1692940,2513680,1229120,212700,390470,296630,310420,525440,765460,431560,260460,343810,324860,247800,1418270,283390,706390,647080,583160,302960,711530,1532820
2014,12,2329930,290020,442080,810440,241900,417550,887880,435990,694490,691720,339230,1785570,4714310,1601020,711930,263720,585370,299540,462560,1236070,471580,1776870,1325960,705400,350380,1458730,2581250,1167520,145270,353170,239360,246180,425860,632950,374320,227740,262770,257130,183780,1382890,242450,602480,512970,487240,261110,581270,1546770
2015,1,2393470,287490,457600,733490,206700,429890,858360,383330,661230,673900,331180,1706760,4379130,1453010,850720,215440,515440,299140,473410,1626210,456700,1532110,1209360,661270,326490,1027010,2157410,999010,107510,311710,228530,204980,338860,613480,318190,140120,242150,261140,177460,1117240,214070,551460,475750,561650,263780,595650,1374370
2015,2,2600850,295480,428220,727350,211420,453030,812110,391170,593150,634020,317690,1699420,4466480,1476500,849620,225240,560160,312550,481990,1527960,481260,1516610,1227640,605800,325890,1097800,2154350,995410,118040,314470,222030,206270,335120,630300,326130,142880,260010,272660,198070,1157760,225730,637780,470810,551000,339370,615800,1514520
2015,3,2344590,314860,465380,886640,219750,484210,906350,518350,807720,725440,384190,2116330,5162770,1835530,856490,266800,712410,348520,688760,1477890,577930,2007850,1447790,827280,437620,1476230,2644100,1226200,195550,437430,271630,286490,478910,841670,414290,207280,366400,347580,260800,1331180,268270,821010,589900,672510,333270,742730,1746200
2015,4,1765940,334630,432500,779300,227720,378220,832270,402060,724450,576060,345350,1802520,4966980,1616700,605720,307510,650770,272370,605690,1135240,526160,1671740,1373010,661030,460910,1526500,2496970,1091360,218980,347410,208340,259720,407140,751770,367580,193630,308170,298340,202210,1238170,247660,654910,540500,609530,257790,580490,1586950
2015,5,2585220,452100,531290,899620,340860,490400,933630,466930,902070,730970,377550,1983470,5090680,1576420,789230,372010,741930,340680,724220,1592320,579040,1869660,1391230,766500,494550,1688100,2444000,1188760,273380,393090,254230,317070,442050,854620,440250,222600,358130,321440,262140,1415240,265110,793450,659700,656460,334400,717960,1618410
2015,6,2755130,408530,471430,864950,287040,454400,890860,411090,745960,615930,316820,1732880,4655550,1393950,704810,290060,681790,287870,608430,1120710,439720,1548450,1297490,573550,412050,1450420,2301480,1018760,188760,298710,210960,265000,377520,729100,361260,165600,273440,245850,183870,1201690,204740,599290,474620,500790,262550,545090,1624940
2015,7,3480910,487990,535560,973970,340790,544180,1009720,515050,964540,737320,378500,1961510,5149480,1493190,949520,361310,761520,372050,856090,1804120,567950,2052400,1469270,824040,485960,1571880,2664700,1260420,241230,431780,229570,282640,447650,796140,380480,204950,369250,327520,235310,1398980,250910,684210,579330,570630,307110,641190,1853990
2015,8,3772580,599420,684030,1129900,424700,707640,1265760,715230,1349600,1078110,457310,2325440,5439970,1878940,1367910,536760,982910,578350,1288540,3040530,806940,2885520,1650110,1158950,661110,1817090,2979290,1618570,374710,622530,360000,387960,572340,1003580,500860,295600,516490,408460,381870,1648840,300520,911620,829250,749660,436890,828100,2096070
2015,9,3161160,518900,556930,1003090,335680,550400,1035630,479050,935420,752320,356110,1821170,4855280,1526160,859860,405910,806250,340030,784050,1770760,598820,1867410,1408520,791500,447300,1590960,2592840,1160860,240030,399810,245630,304800,481960,832120,413610,200460,383470,334940,253010,1402140,266470,731890,666490,614650,322860,694870,1924060
2015,10,2992960,548970,619590,998180,383290,577980,1071150,475370,1004090,852680,375310,1837950,5085520,1592000,906240,410160,833330,326460,711290,1599770,636820,1858060,1406090,871280,465560,1737770,2706990,1201980,223390,446630,272530,317010,475580,866420,497040,203070,348260,344680,249300,1435570,280840,796520,653470,632520,322520,688990,1757520
2015,11,2183590,413870,518210,941420,269980,474040,988870,480220,860620,766980,350730,1764770,4790970,1589300,769240,342240,799340,366080,650930,1190290,576760,1879750,1377820,881200,474160,1728160,2533850,1217740,228690,393830,272290,327140,431660,811980,434920,186280,357370,340090,234690,1398610,278530,788490,627930,675260,314910,689060,1512250
2015,12,2554670,344240,455530,882780,209310,428890,868700,503080,740000,684370,340000,1821300,5045110,1634270,750600,257480,683680,319830,552480,1327590,529920,1840560,1363870,836410,401640,1543110,2690100,1184840,142310,338990,218560,258380,375090,690200,392570,152440,293440,270860,181130,1397770,249360,701810,562810,593620,296560,632800,1454450
2016,1,2724880,312390,492670,710840,201960,393130,784470,385570,627390,668650,335610,1587610,4358970,1359160,854860,207250,592260,265580,441310,1558710,456770,1550850,1255210,660660,285650,1127080,2307820,995440,118710,315620,203810,219120,353700,628340,317160,148310,230860,247320,166320,1269110,221660,536560,542270,524330,269820,532650,1472810
2016,2,2850160,341410,483410,733430,203080,439170,781960,389810,571410,652820,324180,1615220,4412480,1399140,864960,229470,657190,285280,446610,1401580,475460,1616410,1239630,639130,307120,1195540,2319240,1075730,128230,306240,214810,221260,366330,657930,340670,150510,256830,281990,186340,1328390,225710,636440,546630,548560,336570,567620,1523340
2016,3,2461730,346700,492520,860360,243210,433250,828640,528310,875250,738930,388500,1999970,5018600,1695310,826490,246870,745430,315130,652150,1327170,544590,1987280,1489520,814510,406050,1513880,2664410,1222490,204620,436530,264710,262820,467180,815590,404400,200040,353130,365110,273950,1486450,265160,724970,640500,666330,329590,665930,1683950
2016,4,1967450,370910,452070,784160,249880,368260,786570,445830,737370,614190,355930,1781990,5018950,1531600,672560,280230,690100,252850,656950,1174860,542780,1691540,1405110,698650,430240,1560910,2559480,1115680,233840,356360,227260,276390,462000,812970,364710,191030,315600,340860,229510,1354060,244740,541480,508980,416900,242920,477740,1535750
2016,5,2580950,443470,508680,794170,312380,434490,791350,461360,876400,695800,349820,1779760,4778220,1522880,745660,327570,755680,286150,692520,1358800,545370,1690420,1339860,824340,426310,1601280,2417270,1125970,252870,369070,247820,299470,470120,818260,404850,208970,313140,366840,261650,1391360,248500,549630,589750,397720,271590,571100,1556890
2016,6,2848940,433360,494780,791380,309230,447440,808250,412670,769030,594110,332680,1629280,4584320,1374030,706490,236050,642090,246990,545040,1094370,444160,1447790,1322540,613620,346880,1473600,2378740,975810,196160,305720,209680,269010,404360,744410,322810,171770,247920,286310,184900,1295260,217860,452880,537080,394100,236670,486150,1628840
2016,7,3479170,506760,520740,842020,319030,483640,864770,494200,945410,737250,382560,1985810,4994250,1608140,920180,299090,707510,329810,969900,1754870,565920,1938460,1478760,804910,434500,1443610,2808630,1211270,238970,420460,275400,314340,483460,875880,378070,222260,328220,366340,252720,1403640,234960,578930,601960,576380,304920,626750,2017390
2016,8,3723560,617240,654070,992560,401510,606530,1121100,641590,1355600,1061120,466300,2387250,5029090,1896510,1319510,461200,971950,496660,1404180,2803120,744080,2775770,1638080,1125890,619580,1668050,3012820,1573830,310620,657380,392760,402190,619130,1074580,512500,292880,451890,448830,368930,1587480,305680,793530,785020,782710,397050,803290,2296080
2016,9,3179770,454630,548480,805580,320070,478800,841390,433250,922750,706880,377210,1720410,4592190,1554130,838120,297640,724640,276410,748270,1497310,487790,1596350,1301560,720630,368320,1421680,2540750,1050010,201190,362170,258230,303470,440010,789870,419540,193540,322630,321270,237030,1310680,252940,615260,638650,618870,293050,610100,1897000
2016,10,2918530,500610,676620,879330,361180,542310,926430,460680,995600,773720,398530,1815110,4934200,1609980,931640,344730,798320,313780,661390,1531190,574510,1639060,1351030,820130,422330,1578490,2724960,1100940,244360,389860,233960,334150,468860,884450,428090,214360,359240,365480,244070,1347180,267940,675740,624050,625640,323320,630750,1860560
2016,11,2174530,368740,474270,800120,264630,423160,850090,475330,876610,687040,379560,1760380,4690490,1573990,751730,255660,774270,337420,601010,1093570,526280,1601630,1361080,787000,431180,1588740,2571260,1144110,221280,388470,244560,327670,433450,816350,396170,212130,331200,369880,240500,1353160,293840,666910,642020,664890,329270,632810,1603930
2016,12,2644810,310210,443130,771140,213730,393610,813800,479870,764010,720660,381960,1818080,5103180,1621210,772460,222720,637050,303120,533590,1209100,476710,1702120,1376420,794990,353060,1476640,2705100,1167390,171170,357620,216450,236670,378660,674010,374930,177350,269250,281120,175700,1349150,261550,611450,618280,635120,308450,597280,1550150
2017,1,2920690,273740,450780,711700,194190,372190,859830,388920,669910,646420,330480,1817210,4518080,1382880,869360,223760,598830,244390,427040,1509490,460010,1477380,1267390,609880,266020,1248790,2454430,1038140,135330,330500,203230,208710,378580,619010,286270,138450,231370,289480,163500,1267920,226680,508810,567030,563720,296790,562180,1583060
2017,2,2910270,293100,418600,724050,190580,423950,836560,410750,626290,636370,334890,1750210,4447830,1352270,888440,241880,615730,254860,420560,1377170,467480,1525400,1233020,575770,269430,1227290,2481100,997690,138570,299780,197440,192880,383830,640360,299150,138870,235660,318180,186480,1287270,217500,563210,584290,558200,375200,602130,1511150
2017,3,2665550,297210,482450,859740,223570,428210,866520,554360,907680,757520,414290,2234380,5144870,1775840,903770,266940,782690,309130,626410,1371770,538310,1914820,1490450,809080,386920,1629300,2925830,1265230,220020,456230,267950,277380,534430,824470,402310,209140,353170,438980,247480,1386350,263810,732480,711920,705710,394420,784320,1819420
2017,4,2120350,378530,439430,773920,237720,354380,806800,440820,734430,607010,377730,1974840,5385090,1605590,645650,309490,713900,243510,599590,1127650,491770,1525870,1447140,647270,412430,1658790,2798910,1103650,271610,390330,212710,250960,476120,846000,362230,190130,310000,386860,212980,1329580,254110,607110,656260,594330,291890,653730,1695930
2017,5,2795280,447380,510900,826470,323360,411450,848340,483820,891060,724840,385800,2006800,5081800,1680820,784650,372990,792640,286170,668580,1482930,540020,1627040,1398380,722210,448430,1740290,2702090,1141090,286190,423830,257350,304000,538870,862240,411180,215200,330720,423890,258370,1426130,258780,725650,725610,656120,355180,735300,1682420
2017,6,3022820,391210,480300,807740,313790,434880,860770,412800,749540,620250,340180,1878340,4693200,1530960,726320,297280,649770,233070,523880,1096010,413360,1364280,1288840,559700,354660,1473590,2665060,959000,209160,323530,204160,239130,452920,756950,336600,177860,264260,325670,195260,1308410,214560,533900,579610,501470,265590,560250,1738960
2017,7,3660520,425050,528470,909670,299230,511390,989350,508300,963090,763560,399470,2240950,5208780,1925440,912870,337510,711500,323860,902600,1813230,536350,1885550,1541470,715820,419840,1600140,2892220,1230780,235830,458630,267280,265900,500090,828180,355610,205480,326390,372070,236080,1511010,263390,640890,638370,567880,345470,660420,2051270
2017,8,3976140,526830,680780,1107960,388580,607870,1209350,646780,1308030,1119070,487340,2702600,5382710,2428590,1332160,487100,948610,500360,1346190,2734290,761070,2729970,1799530,983800,593280,1851990,3134540,1574610,329590,663360,372400,343960,623590,1005960,506980,280170,442820,485350,331310,1696300,300380,866260,837540,742920,454180,820840,2343680
2017,9,3278760,441320,549980,841730,338480,459410,924190,428610,858180,756740,366350,1968610,4761400,1730120,789980,362270,680320,298720,685650,1548240,503940,1653990,1428140,616850,369710,1541330,2687040,1073200,215400,377680,234160,271050,472050,829000,357650,179500,306780,397870,220840,1429610,239290,563830,633240,558300,317140,624660,1990650
2017,10,3081160,470630,576700,848430,363700,463160,971190,441670,891240,753050,379790,2031490,5158910,1791060,869640,394140,804840,288000,634620,1499630,533150,1617910,1444770,679750,372950,1664910,2919700,1124020,220830,376200,260330,290970,503270,849940,395910,201750,337260,475630,232330,1439790,244980,664980,670310,607130,368660,669320,1944360
2017,11,2334600,361910,497050,803250,255730,397130,895400,442110,885730,695260,385060,1977040,4969340,1784720,735680,336560,805040,324650,653660,1160190,505080,1752190,1447430,730530,412480,1740070,2826730,1163370,232370,417900,286090,306350,512700,852500,390980,201230,350620,441720,246080,1456980,247200,690110,696630,686360,382350,701320,1732420
2017,12,2790820,317360,460450,766170,217250,378150,790110,455420,739060,676590,388760,2054030,5197670,1768040,743510,265580,632800,280040,535490,1268470,454830,1704290,1402830,668450,343490,1545240,2724830,1129810,159490,345010,228590,235600,448970,714620,335770,160390,269360,345090,183790,1461820,242580,621970,597750,608140,347260,612200,1593250
2018,1,3017390,338500,467650,713960,207170,374670,821250,394690,600860,626210,375550,1787990,4599590,1589940,816340,229760,581440,249600,468450,1556880,514260,1619930,1254880,649650,258930,1293740,2718390,991780,142880,336850,208280,187860,366630,640380,284200,126580,258480,289040,180900,1267190,210760,521540,554350,584220,300250,611770,1772820
2018,2,3084420,332990,454750,735370,208620,406510,815140,406670,592250,587910,360460,1745850,4750940,1595980,885850,239890,608920,238260,495630,1528840,541830,1541090,1285170,620250,266320,1344730,2861030,999260,147770,343150,233370,194520,370830,651740,294970,138820,285020,311550,197780,1325900,213110,524910,560300,596400,370170,672230,1932180
2018,3,2740050,356310,461860,879740,228430,429140,890990,508870,809880,694950,436840,2290360,5648390,2022060,834620,267960,807470,322200,635760,1332680,543300,1995900,1472930,781150,369230,1739290,3331480,1213450,213430,487290,262060,267220,478800,844800,389150,207850,375910,393340,267720,1477490,250080,722040,702570,753630,376440,760320,2369460
2018,4,2135820,396700,452920,832330,241950,368460,889840,476290,724780,592010,415400,2038620,5617020,1898860,631800,305100,750860,273320,677430,1102730,548500,1669300,1406600,690600,431300,1849940,3283580,1069810,239010,442990,272470,245050,459050,887390,352470,194310,328680,361830,243790,1407800,227860,652130,679780,635130,305830,696570,2105270
2018,5,2731360,430620,494010,832060,324230,425950,920080,532050,843390,659460,399700,2125780,5405620,1895260,729030,349230,740580,298540,702140,1401220,566400,1703300,1413200,661280,420900,1938690,3214130,1080430,264090,462000,297400,275860,488450,899510,379120,209420,337440,372140,284260,1411720,245450,712240,706780,654830,351210,796270,2058330
2018,6,3095940,435670,488330,840220,320750,453500,909990,482840,716130,605810,369330,2054290,5318470,1798920,652620,269410,701440,289420,628710,1206270,467100,1532600,1337900,589940,350270,1657930,3077580,977770,204720,338720,244610,222960,426370,774260,334730,154390,292220,325070,200940,1306080,199050,522810,587590,552520,257690,638950,2193470
2018,7,3626480,451650,518990,878830,317720,489530,931090,490390,847770,716870,384700,2313840,5868390,1931700,863510,335060,715140,354910,911360,1790160,523930,1942910,1475950,780100,421070,1680710,3555730,1073870,208680,464690,284140,219640,457120,790440,330040,176850,322940,348260,228710,1428530,210640,628850,663490,605410,345760,746340,2489970
2018,8,3952410,575770,695680,1085290,416640,619050,1224880,681870,1148630,1068050,489240,2784580,6018460,2547450,1294110,481940,1017110,545320,1347620,2856890,844920,2814050,1701410,1149420,664480,1928680,4099470,1566410,291370,719300,476210,328200,584130,988860,457660,265940,482680,425780,383110,1598200,264080,902700,867300,783220,454870,922020,2900190
2018,9,2547810,453660,518080,924930,334240,505000,926560,446150,823380,696940,411020,2173300,5635660,1949930,785350,355650,767960,370370,763650,1606300,570620,1697270,1359350,711030,426370,1575490,3122800,1023350,200730,358960,315090,249990,503320,852300,368230,179450,334740,331590,255880,1387470,206870,609440,658880,621030,340320,739350,2444030
2018,10,2886370,529340,574060,928900,380970,511490,1109820,478820,904630,701570,412980,2107810,5706720,1927210,840500,351850,865410,403040,703380,1578230,605600,1717250,1415220,755180,412190,1844280,3508420,1075750,234500,399220,317150,271320,506980,903060,401880,205890,337200,366630,261510,1351870,236890,688460,697680,666690,351560,781700,2365710
2018,11,2505860,394630,500970,897770,284840,442510,1030700,488360,783760,686390,416030,2053380,5657260,1933650,714810,334730,872450,368060,695170,1151140,576640,1823010,1429660,778340,448110,1903740,3530400,1175010,242990,432300,354140,291640,525460,883590,401220,200220,365710,395970,276590,1401030,256430,712990,718870,663550,367770,790780,2124010
2018,12,2984680,363060,471490,856000,239570,405550,926020,505150,674100,669320,441640,2110260,5882550,1930980,722350,259800,702040,343910,583450,1213450,548540,1805380,1457580,733720,362300,1693510,3594980,1145110,182000,346440,297730,222150,447730,782940,358290,164260,327310,328550,233360,1368280,231780,656960,655580,657660,336930,708020,2035470
2019,1,3195090,298500,494980,739430,217210,392460,946600,442490,603200,639770,388170,2061230,5720130,1754120,901300,209350,609700,272100,550480,1613410,556170,1675450,1375060,589710,290440,1987960,3390460,1057540,143250,335700,182380,232620,365640,744220,260760,158890,273730,297380,165440,1504090,209920,485020,532310,605380,292190,630900,2292420
2019,2,3211400,306000,476730,741020,230190,447990,964830,447750,584920,663900,393980,2054430,5722490,1758330,920040,233520,643100,294390,562700,1484580,583490,1674850,1457930,570820,304360,2030200,3560450,1099210,143220,330270,180480,233980,366680,771050,268260,157730,293710,295660,192980,1548200,205460,566630,520790,581360,394260,653790,2411270
2019,3,2878620,302740,518030,888780,241960,429220,1133170,583020,771370,740230,483930,2644550,6690740,2233350,894050,260100,819850,335030,761000,1306860,612520,2156580,1663150,795230,426020,2684290,4077640,1339240,225210,470220,234090,314960,475230,1018390,340690,219230,397340,391220,266290,1782560,261650,689220,659710,704900,399510,794860,2831050
2019,4,2415820,371740,490380,899770,290670,445110,1073930,545960,745920,682350,481180,2526380,7053330,2038780,805790,348800,775240,321490,852180,1341910,640600,1953780,1705640,749500,472950,3070530,4129800,1224250,270870,467760,235100,295170,528460,1087320,346400,227470,379360,380620,272600,1725370,257160,621280,661840,684590,335170,704000,2784430
2019,5,3016680,415340,548490,902720,361000,473450,1024410,539610,860660,727300,475790,2439930,6555570,1994560,862420,389300,835020,332840,799180,1548000,641930,1912860,1671550,765290,476860,2901030,3985060,1218170,295820,472770,287900,341020,540530,1087330,372090,252050,418610,381230,287010,1725360,267360,716900,698150,715300,380570,766330,2721360
2019,6,3086700,389530,498050,930330,335820,488070,986500,438920,732550,618540,436950,2280250,6137790,1782290,757190,278740,664260,282830,625210,1210350,514620,1678390,1554440,657770,368370,2449910,3841860,1041370,218230,354040,219210,275480,410260,875490,278770,184890,323550,310630,206790,1647080,215400,532150,533790,603250,272130,586270,2695380
2019,7,3634090,415040,546750,925320,321510,471710,1059000,503810,828470,736270,451420,2550460,6779110,1989920,941900,327220,739930,371370,883560,1670430,585210,2057960,1684860,748530,433930,2464370,4181610,1216770,233290,489980,248510,286320,445830,942230,287410,209720,393090,364170,238330,1730190,234120,578790,619800,600990,383320,704820,3269120
2019,8,3916250,523100,697840,1139710,414440,611210,1332150,699950,1184080,1104190,524750,3022100,7066900,2486010,1441510,456830,1009200,574600,1321380,2680320,793840,2961990,1890510,1025970,633320,2714820,4570020,1621420,298450,686040,325410,379520,597310,1148430,391350,289220,540650,466490,347870,1876270,272130,752050,830840,792010,455870,842010,3523720
2019,9,3247260,429800,496120,902760,354830,473740,1025740,531120,867390,707300,440340,2379900,6596800,1997450,883260,356880,782580,364880,778640,1523160,607420,1893550,1519660,622460,410090,2455280,3768840,1120280,218760,416690,229230,299070,448940,977150,289870,206710,405490,343930,223690,1602270,215940,527720,595300,573450,318170,623520,2707780
2019,10,3046530,479260,555070,959300,358250,484000,1084710,526020,822620,654630,433940,2335030,6932910,1900840,895440,351120,794340,308520,651530,1308950,600670,1699820,1532250,674640,393210,2777070,3975350,1112570,230770,417770,241690,349190,524450,1114930,319550,241110,466600,394710,243410,1860600,221860,607900,676470,707730,367260,704810,2713450
2019,11,2458660,370380,494120,988170,295780,447000,1062660,518500,862380,704630,463550,2387550,6697010,1958790,835760,331730,834610,361760,712380,1188470,608540,1934150,1664580,744950,448960,2826280,3997170,1213670,256320,497460,277740,362060,518080,1010940,331130,236140,427490,423560,262330,1777830,237760,626230,707160,720460,388170,724790,2461550
2019,12,2876320,304350,460110,916790,232300,407900,963700,522700,696310,669350,462550,2547300,7028940,1989460,791750,264300,692830,324300,574120,1176120,559290,1830070,1618120,655020,357640,2387820,3949260,1152690,192130,385630,226180,272250,439280,853250,275670,185380,339630,335910,196370,1640550,202960,544960,597310,613270,333460,630250,2454120
2020,1,3005740,309110,461590,697760,202210,364330,1026700,442540,583510,579330,368420,2340920,6079140,1791740,915470,236260,623210,248040,507350,1530560,577150,1617170,1652630,560700,273790,2075700,3541520,1022570,143270,348150,186070,233990,409810,710220,279790,152840,255550,311680,184760,1582210,191910,492740,543480,547590,349410,597120,2001170
2020,2,2432380,299190,449260,713750,192490,382190,1008160,457800,572570,592050,343300,1878720,4566290,1540870,886520,238810,555350,264180,444080,1431350,451400,1484270,1367620,513000,244700,1569010,2661690,947170,105050,285470,193610,229400,350740,708030,289970,161970,264610,301090,200410,1367090,178570,467310,497860,510610,353940,592990,1896520
2020,3,951200,239880,305110,515460,149600,258300,797880,383330,481290,430810,286140,800330,2312480,1263760,500690,165540,416990,204880,291530,761660,321260,1170600,725100,403530,219480,1109070,1313480,688630,84020,225590,157660,230960,314980,520670,243200,114990,202510,244010,148800,851910,127720,315600,354100,416170,211990,444440,1263600
2020,4,542920,100110,147700,227820,56730,84080,488040,196380,165850,146470,166980,453650,1030880,564710,212190,62310,108980,90830,102880,225890,95950,423700,361750,151940,91490,234420,542560,251060,39610,85920,67560,93210,137620,260080,102320,47210,69100,90860,59670,269950,54060,122170,147240,123020,109540,176410,322820
2020,5,436840,91890,127040,200620,48700,61100,403160,207980,129120,99740,142300,394360,834740,507670,166940,43630,70130,95320,91350,155160,82590,355570,310450,123550,77430,185720,384460,232740,25690,65910,46520,72040,133030,203290,96630,32360,48200,72540,38570,225780,31480,88050,116380,95010,69290,117300,146820
2020,6,786910,161940,217380,345940,108100,178420,589550,299690,271890,246610,187990,519630,1412770,758460,370550,102150,180650,130700,148080,394560,186560,617700,535030,231190,123170,407220,799310,423100,56980,141380,77500,133080,214960,328660,152090,68410,93550,135720,83780,401030,68030,233370,205530,211570,153420,252850,493700
2020,7,1475290,261150,329160,467040,214900,252700,802900,322070,464210,477560,195140,871030,1561300,950890,540220,156190,355120,215780,252380,670760,263850,959560,776880,380710,200800,667940,1047330,637930,80850,258440,133980,212240,275320,470760,204360,122510,205390,222000,147860,624500,110690,388700,383360,305100,224390,347330,1089410
2020,8,1951800,299400,318560,583390,221310,319230,876160,391920,671030,515560,290550,1280540,1685530,1388480,682150,199040,402770,262670,452160,1038340,324720,1448760,817410,494890,297020,841210,968170,887700,156620,412910,189470,235030,298750,530370,241660,159760,224730,250780,236930,615290,120500,340500,414150,363150,204540,393870,849500
2020,9,1999610,325510,422060,545590,256460,331040,835000,336730,605080,443330,260450,1161940,1776060,1265390,623810,216940,409100,198400,411760,1009600,368490,1143190,901720,450140,264160,1011090,1227610,800270,145490,301250,165670,220760,281750,562600,314550,131810,221150,251290,181920,747840,140880,394290,413410,405680,216370,438830,884730
2020,10,2291050,390640,514830,715060,359640,396670,1051720,425120,753330,547550,295750,1361890,2670360,1475920,745820,229650,520190,248620,489940,1240750,388120,1321040,1094030,579500,269450,1274090,1539860,923710,144270,348110,201680,289020,359680,745890,364460,152120,268100,318550,204370,999790,174390,522080,482590,567660,288460,582140,1285240
2020,11,1547130,334260,461070,699110,284080,396570,1010810,456360,794170,603390,325430,1555920,3047500,1440120,696960,245450,661770,302310,519470,1051680,503940,1538130,1140860,660460,327100,1799090,1805030,1054040,182610,409180,244490,295550,397220,750070,336080,164200,301670,370160,227780,1167470,218450,641320,547140,588660,331380,649800,1415910
2020,12,1044220,265930,357600,594650,227050,284000,811380,416720,594840,469920,310840,1509350,2810180,1353960,562700,184550,499280,230040,346320,796330,347820,1374950,1011310,528680,253250,1239590,1292030,886780,119960,311160,180390,236760,294610,523000,284030,158260,216310,256630,158910,959710,177790,509740,459590,433600,292590,539370,1147150
